Year,Month,FlightDate,Reporting_Airline,Origin,OriginCityName,Dest,DestCityName,DepDelay,ArrDelay,Cancelled,Diverted,Distance,CarrierDelay,WeatherDelay,NASDelay,SecurityDelay,LateAircraftDelay
2015,1,2015-01-26,DL,ATL,"Atlanta, GA",MEM,"Memphis, TN",0.0,4.0,0.0,0.0,332.0,,,,,
2015,1,2015-01-04,DL,ATL,"Atlanta, GA",LAS,"Las Vegas, NV",-1.0,-1.0,0.0,0.0,1747.0,,,,,
2015,1,2015-01-01,DL,ATL,"Atlanta, GA",MCO,"Orlando, FL",-3.0,-6.0,0.0,0.0,404.0,,,,,
2015,1,2015-01-26,DL,ATL,"Atlanta, GA",DTW,"Detroit, MI",-1.0,-17.0,0.0,0.0,594.0,,,,,
2015,1,2015-01-04,DL,CVG,"Cincinnati, OH",ATL,"Atlanta, GA",-1.0,-5.0,0.0,0.0,373.0,,,,,
2015,1,2015-01-16,DL,ATL,"Atlanta, GA",SAN,"San Diego, CA",2.0,-32.0,0.0,0.0,1892.0,,,,,
2015,1,2015-01-14,EV,GTR,"Columbus, MS",ATL,"Atlanta, GA",-5.0,-14.0,0.0,0.0,241.0,,,,,
2015,1,2015-01-04,EV,ATL,"Atlanta, GA",PHF,"Newport News/Williamsburg, VA",25.0,13.0,0.0,0.0,508.0,,,,,
2015,1,2015-01-30,DL,ATL,"Atlanta, GA",PNS,"Pensacola, FL",-1.0,-16.0,0.0,0.0,271.0,,,,,
2015,1,2015-01-17,WN,MDW,"Chicago, IL",ATL,"Atlanta, GA",-1.0,-25.0,0.0,0.0,591.0,,,,,
2015,1,2015-01-02,WN,PHL,"Philadelphia, PA",ATL,"Atlanta, GA",-7.0,2.0,0.0,0.0,666.0,,,,,
2015,1,2015-01-19,DL,PHL,"Philadelphia, PA",ATL,"Atlanta, GA",-3.0,-21.0,0.0,0.0,666.0,,,,,
2015,1,2015-01-15,DL,CLT,"Charlotte, NC",ATL,"Atlanta, GA",0.0,23.0,0.0,0.0,226.0,0.0,0.0,23.0,0.0,0.0
2015,1,2015-01-02,DL,SEA,"Seattle, WA",ATL,"Atlanta, GA",2.0,41.0,0.0,0.0,2182.0,0.0,0.0,41.0,0.0,0.0
2015,1,2015-01-31,DL,AGS,"Augusta, GA",ATL,"Atlanta, GA",-6.0,-24.0,0.0,0.0,143.0,,,,,
2015,1,2015-01-14,DL,ATL,"Atlanta, GA",CAK,"Akron, OH",-2.0,-5.0,0.0,0.0,528.0,,,,,
2015,1,2015-01-14,WN,ATL,"Atlanta, GA",LAX,"Los Angeles, CA",-1.0,-16.0,0.0,0.0,1947.0,,,,,
2015,1,2015-01-01,DL,MSP,"Minneapolis, MN",ATL,"Atlanta, GA",-1.0,-21.0,0.0,0.0,907.0,,,,,
2015,1,2015-01-29,WN,ATL,"Atlanta, GA",TPA,"Tampa, FL",-4.0,-17.0,0.0,0.0,406.0,,,,,
2015,1,2015-01-01,EV,ATL,"Atlanta, GA",SGF,"Springfield, MO",-3.0,0.0,0.0,0.0,563.0,,,,,
2015,1,2015-01-27,DL,MCI,"Kansas City, MO",ATL,"Atlanta, GA",-7.0,-14.0,0.0,0.0,692.0,,,,,
2015,1,2015-01-02,DL,GRR,"Grand Rapids, MI",ATL,"Atlanta, GA",-7.0,-15.0,0.0,0.0,640.0,,,,,
2015,1,2015-01-28,DL,ATL,"Atlanta, GA",MCO,"Orlando, FL",-1.0,-8.0,0.0,0.0,404.0,,,,,
2015,1,2015-01-12,WN,ATL,"Atlanta, GA",JAX,"Jacksonville, FL",-5.0,-1.0,0.0,0.0,270.0,,,,,
2015,1,2015-01-03,EV,DAL,"Dallas, TX",ATL,"Atlanta, GA",6.0,13.0,0.0,0.0,721.0,,,,,
2015,1,2015-01-05,DL,GSP,"Greer, SC",ATL,"Atlanta, GA",-2.0,-10.0,0.0,0.0,153.0,,,,,
2015,1,2015-01-07,AA,ATL,"Atlanta, GA",DFW,"Dallas/Fort Worth, TX",0.0,-10.0,0.0,0.0,731.0,,,,,
2015,1,2015-01-14,DL,ATL,"Atlanta, GA",DAB,"Daytona Beach, FL",1.0,4.0,0.0,0.0,366.0,,,,,
2015,1,2015-01-16,DL,ORF,"Norfolk, VA",ATL,"Atlanta, GA",5.0,-9.0,0.0,0.0,516.0,,,,,
2015,1,2015-01-28,WN,ATL,"Atlanta, GA",PIT,"Pittsburgh, PA",8.0,5.0,0.0,0.0,526.0,,,,,
2015,1,2015-01-20,DL,RIC,"Richmond, VA",ATL,"Atlanta, GA",-2.0,-18.0,0.0,0.0,481.0,,,,,
2015,1,2015-01-16,DL,MEM,"Memphis, TN",ATL,"Atlanta, GA",-5.0,-21.0,0.0,0.0,332.0,,,,,
2015,1,2015-01-10,EV,DHN,"Dothan, AL",ATL,"Atlanta, GA",5.0,-8.0,0.0,0.0,170.0,,,,,
2015,1,2015-01-25,DL,ATL,"Atlanta, GA",LGA,"New York, NY",0.0,-14.0,0.0,0.0,762.0,,,,,
2015,1,2015-01-05,WN,RSW,"Fort Myers, FL",ATL,"Atlanta, GA",23.0,33.0,0.0,0.0,515.0,7.0,0.0,10.0,0.0,16.0
2015,1,2015-01-10,DL,ATL,"Atlanta, GA",MCO,"Orlando, FL",-1.0,-6.0,0.0,0.0,404.0,,,,,
2015,1,2015-01-01,DL,ATL,"Atlanta, GA",HOU,"Houston, TX",-5.0,-20.0,0.0,0.0,696.0,,,,,
2015,1,2015-01-04,DL,ATL,"Atlanta, GA",SAV,"Savannah, GA",38.0,43.0,0.0,0.0,214.0,0.0,0.0,5.0,0.0,38.0
2015,1,2015-01-13,DL,ATL,"Atlanta, GA",PBI,"West Palm Beach/Palm Beach, FL",-3.0,-18.0,0.0,0.0,545.0,,,,,
2015,1,2015-01-09,EV,PIA,"Peoria, IL",ATL,"Atlanta, GA",4.0,2.0,0.0,0.0,565.0,,,,,
2015,1,2015-01-21,DL,IND,"Indianapolis, IN",ATL,"Atlanta, GA",-1.0,-22.0,0.0,0.0,432.0,,,,,
2015,1,2015-01-27,WN,ATL,"Atlanta, GA",MCO,"Orlando, FL",-4.0,-18.0,0.0,0.0,404.0,,,,,
2015,1,2015-01-07,DL,RSW,"Fort Myers, FL",ATL,"Atlanta, GA",8.0,-2.0,0.0,0.0,515.0,,,,,
2015,1,2015-01-03,EV,GSP,"Greer, SC",ATL,"Atlanta, GA",-1.0,-1.0,0.0,0.0,153.0,,,,,
2015,1,2015-01-24,DL,MKE,"Milwaukee, WI",ATL,"Atlanta, GA",-5.0,-22.0,0.0,0.0,669.0,,,,,
2015,1,2015-01-01,EV,ATL,"Atlanta, GA",HPN,"White Plains, NY",-5.0,-12.0,0.0,0.0,780.0,,,,,
2015,1,2015-01-14,DL,HSV,"Huntsville, AL",ATL,"Atlanta, GA",-3.0,-17.0,0.0,0.0,151.0,,,,,
2015,1,2015-01-02,DL,BUF,"Buffalo, NY",ATL,"Atlanta, GA",-1.0,-4.0,0.0,0.0,712.0,,,,,
2015,1,2015-01-11,EV,XNA,"Fayetteville, AR",ATL,"Atlanta, GA",43.0,43.0,0.0,0.0,589.0,0.0,0.0,0.0,0.0,43.0
2015,1,2015-01-17,DL,CHO,"Charlottesville, VA",ATL,"Atlanta, GA",-1.0,-18.0,0.0,0.0,457.0,,,,,
2015,1,2015-01-31,DL,MEM,"Memphis, TN",ATL,"Atlanta, GA",-4.0,-26.0,0.0,0.0,332.0,,,,,
2015,1,2015-01-23,DL,ATL,"Atlanta, GA",MDW,"Chicago, IL",0.0,-21.0,0.0,0.0,591.0,,,,,
2015,1,2015-01-26,DL,ATL,"Atlanta, GA",MDW,"Chicago, IL",-5.0,-2.0,0.0,0.0,591.0,,,,,
2015,1,2015-01-15,US,ATL,"Atlanta, GA",CLT,"Charlotte, NC",-5.0,7.0,0.0,0.0,226.0,,,,,
2015,1,2015-01-02,DL,ATL,"Atlanta, GA",AGS,"Augusta, GA",0.0,-6.0,0.0,0.0,143.0,,,,,
2015,1,2015-01-19,DL,ATL,"Atlanta, GA",PHX,"Phoenix, AZ",12.0,1.0,0.0,0.0,1587.0,,,,,
2015,1,2015-01-28,WN,LAS,"Las Vegas, NV",ATL,"Atlanta, GA",0.0,-13.0,0.0,0.0,1747.0,,,,,
2015,1,2015-01-08,EV,GNV,"Gainesville, FL",ATL,"Atlanta, GA",5.0,-5.0,0.0,0.0,300.0,,,,,
2015,1,2015-01-01,EV,MDT,"Harrisburg, PA",ATL,"Atlanta, GA",-2.0,-10.0,0.0,0.0,620.0,,,,,
2015,1,2015-01-06,DL,BWI,"Baltimore, MD",ATL,"Atlanta, GA",79.0,99.0,0.0,0.0,577.0,0.0,0.0,20.0,0.0,79.0
2015,1,2015-01-28,DL,ATL,"Atlanta, GA",HOU,"Houston, TX",-2.0,-25.0,0.0,0.0,696.0,,,,,
2015,1,2015-01-19,DL,OKC,"Oklahoma City, OK",ATL,"Atlanta, GA",-7.0,-17.0,0.0,0.0,761.0,,,,,
2015,1,2015-01-14,WN,FLL,"Fort Lauderdale, FL",ATL,"Atlanta, GA",-3.0,-15.0,0.0,0.0,581.0,,,,,
2015,1,2015-01-18,DL,MSY,"New Orleans, LA",ATL,"Atlanta, GA",-3.0,-5.0,0.0,0.0,425.0,,,,,
2015,1,2015-01-03,DL,RIC,"Richmond, VA",ATL,"Atlanta, GA",1.0,-9.0,0.0,0.0,481.0,,,,,
2015,1,2015-01-22,DL,ATL,"Atlanta, GA",MDT,"Harrisburg, PA",-2.0,-14.0,0.0,0.0,620.0,,,,,
2015,1,2015-01-13,DL,MLB,"Melbourne, FL",ATL,"Atlanta, GA",1.0,-12.0,0.0,0.0,442.0,,,,,
2015,1,2015-01-07,DL,ATL,"Atlanta, GA",PBI,"West Palm Beach/Palm Beach, FL",-2.0,-6.0,0.0,0.0,545.0,,,,,
2015,1,2015-01-01,DL,ATL,"Atlanta, GA",DEN,"Denver, CO",-2.0,-3.0,0.0,0.0,1199.0,,,,,
2015,1,2015-01-19,EV,BMI,"Bloomington/Normal, IL",ATL,"Atlanta, GA",-2.0,-1.0,0.0,0.0,533.0,,,,,
2015,1,2015-01-04,DL,MSY,"New Orleans, LA",ATL,"Atlanta, GA",1.0,1.0,0.0,0.0,425.0,,,,,
2015,1,2015-01-30,EV,ATL,"Atlanta, GA",ALB,"Albany, NY",-5.0,0.0,0.0,0.0,853.0,,,,,
2015,1,2015-01-03,DL,CAE,"Columbia, SC",ATL,"Atlanta, GA",-5.0,-14.0,0.0,0.0,192.0,,,,,
2015,1,2015-01-18,DL,HSV,"Huntsville, AL",ATL,"Atlanta, GA",-5.0,-15.0,0.0,0.0,151.0,,,,,
2015,1,2015-01-09,EV,GTR,"Columbus, MS",ATL,"Atlanta, GA",-5.0,-19.0,0.0,0.0,241.0,,,,,
2015,1,2015-01-01,EV,ATL,"Atlanta, GA",CHA,"Chattanooga, TN",-4.0,-9.0,0.0,0.0,106.0,,,,,
2015,1,2015-01-26,DL,BHM,"Birmingham, AL",ATL,"Atlanta, GA",-4.0,-18.0,0.0,0.0,134.0,,,,,
2015,1,2015-01-05,EV,ATL,"Atlanta, GA",RST,"Rochester, MN",0.0,-11.0,0.0,0.0,831.0,,,,,
2015,1,2015-01-23,US,ATL,"Atlanta, GA",PHL,"Philadelphia, PA",37.0,24.0,0.0,0.0,666.0,4.0,0.0,0.0,0.0,20.0
2015,1,2015-01-04,EV,ATL,"Atlanta, GA",EVV,"Evansville, IN",24.0,14.0,0.0,0.0,350.0,,,,,
2015,1,2015-01-11,DL,EYW,"Key West, FL",ATL,"Atlanta, GA",-4.0,-15.0,0.0,0.0,646.0,,,,,
2015,1,2015-01-31,DL,ATL,"Atlanta, GA",SRQ,"Sarasota/Bradenton, FL",0.0,-11.0,0.0,0.0,444.0,,,,,
2015,1,2015-01-05,WN,LGA,"New York, NY",ATL,"Atlanta, GA",0.0,6.0,0.0,0.0,762.0,,,,,
2015,1,2015-01-06,DL,ATL,"Atlanta, GA",MCO,"Orlando, FL",-2.0,-21.0,0.0,0.0,404.0,,,,,
2015,1,2015-01-17,DL,DFW,"Dallas/Fort Worth, TX",ATL,"Atlanta, GA",0.0,-12.0,0.0,0.0,731.0,,,,,
2015,1,2015-01-15,WN,ATL,"Atlanta, GA",FLL,"Fort Lauderdale, FL",16.0,3.0,0.0,0.0,581.0,,,,,
2015,1,2015-01-23,DL,ATL,"Atlanta, GA",SLC,"Salt Lake City, UT",5.0,-5.0,0.0,0.0,1590.0,,,,,
2015,1,2015-01-11,EV,MGM,"Montgomery, AL",ATL,"Atlanta, GA",-5.0,1.0,0.0,0.0,147.0,,,,,
2015,1,2015-01-08,DL,EYW,"Key West, FL",ATL,"Atlanta, GA",-4.0,-16.0,0.0,0.0,646.0,,,,,
2015,1,2015-01-05,DL,BUF,"Buffalo, NY",ATL,"Atlanta, GA",-1.0,-29.0,0.0,0.0,712.0,,,,,
2015,1,2015-01-13,EV,ATL,"Atlanta, GA",CHA,"Chattanooga, TN",6.0,-4.0,0.0,0.0,106.0,,,,,
2015,1,2015-01-07,EV,ATL,"Atlanta, GA",MLU,"Monroe, LA",-2.0,-1.0,0.0,0.0,448.0,,,,,
2015,1,2015-01-13,DL,CLT,"Charlotte, NC",ATL,"Atlanta, GA",-5.0,19.0,0.0,0.0,226.0,0.0,0.0,19.0,0.0,0.0
2015,1,2015-01-20,EV,ATL,"Atlanta, GA",AEX,"Alexandria, LA",-4.0,-8.0,0.0,0.0,500.0,,,,,
2015,1,2015-01-22,DL,CLE,"Cleveland, OH",ATL,"Atlanta, GA",-3.0,-14.0,0.0,0.0,554.0,,,,,
2015,1,2015-01-08,DL,PHX,"Phoenix, AZ",ATL,"Atlanta, GA",-3.0,-11.0,0.0,0.0,1587.0,,,,,
2015,1,2015-01-29,DL,SAT,"San Antonio, TX",ATL,"Atlanta, GA",-9.0,-18.0,0.0,0.0,874.0,,,,,
2015,1,2015-01-19,WN,ATL,"Atlanta, GA",TPA,"Tampa, FL",1.0,-6.0,0.0,0.0,406.0,,,,,
2015,1,2015-01-02,DL,ATL,"Atlanta, GA",SAT,"San Antonio, TX",-2.0,-6.0,0.0,0.0,874.0,,,,,
2015,1,2015-01-20,EV,ATL,"Atlanta, GA",HPN,"White Plains, NY",-7.0,-10.0,0.0,0.0,780.0,,,,,
2015,1,2015-01-27,DL,ATL,"Atlanta, GA",IAH,"Houston, TX",5.0,-10.0,0.0,0.0,689.0,,,,,
2015,1,2015-01-09,DL,ATL,"Atlanta, GA",CMH,"Columbus, OH",-3.0,-5.0,0.0,0.0,447.0,,,,,
2015,1,2015-01-28,DL,RDU,"Raleigh/Durham, NC",ATL,"Atlanta, GA",-6.0,-24.0,0.0,0.0,356.0,,,,,
2015,1,2015-01-01,DL,ATL,"Atlanta, GA",IND,"Indianapolis, IN",-1.0,-16.0,0.0,0.0,432.0,,,,,
2015,1,2015-01-04,DL,LAX,"Los Angeles, CA",ATL,"Atlanta, GA",8.0,6.0,0.0,0.0,1947.0,,,,,
2015,1,2015-01-03,DL,JAN,"Jackson/Vicksburg, MS",ATL,"Atlanta, GA",0.0,11.0,0.0,0.0,341.0,,,,,
2015,1,2015-01-02,DL,JAX,"Jacksonville, FL",ATL,"Atlanta, GA",-3.0,0.0,0.0,0.0,270.0,,,,,
2015,1,2015-01-03,DL,ATL,"Atlanta, GA",MSP,"Minneapolis, MN",1.0,-7.0,0.0,0.0,907.0,,,,,
2015,1,2015-01-19,DL,ATL,"Atlanta, GA",IND,"Indianapolis, IN",-1.0,-13.0,0.0,0.0,432.0,,,,,
2015,1,2015-01-13,EV,FAY,"Fayetteville, NC",ATL,"Atlanta, GA",-5.0,0.0,0.0,0.0,331.0,,,,,
2015,1,2015-01-08,EV,ATL,"Atlanta, GA",CAE,"Columbia, SC",0.0,-5.0,0.0,0.0,192.0,,,,,
2015,1,2015-01-17,F9,ORD,"Chicago, IL",ATL,"Atlanta, GA",-9.0,-7.0,0.0,0.0,606.0,,,,,
2015,1,2015-01-06,EV,ATL,"Atlanta, GA",SGF,"Springfield, MO",-4.0,-8.0,0.0,0.0,563.0,,,,,
2015,1,2015-01-29,EV,TYS,"Knoxville, TN",ATL,"Atlanta, GA",-3.0,-7.0,0.0,0.0,152.0,,,,,
2015,1,2015-01-02,AA,ATL,"Atlanta, GA",MIA,"Miami, FL",14.0,15.0,0.0,0.0,594.0,0.0,0.0,1.0,0.0,14.0
2015,1,2015-01-14,DL,ATL,"Atlanta, GA",HOU,"Houston, TX",-4.0,-7.0,0.0,0.0,696.0,,,,,
2015,1,2015-01-08,DL,ATL,"Atlanta, GA",PIT,"Pittsburgh, PA",2.0,-3.0,0.0,0.0,526.0,,,,,
2015,1,2015-01-27,DL,ATL,"Atlanta, GA",SDF,"Louisville, KY",-2.0,0.0,0.0,0.0,321.0,,,,,
2015,1,2015-01-14,DL,LGA,"New York, NY",ATL,"Atlanta, GA",-1.0,-29.0,0.0,0.0,762.0,,,,,
2015,1,2015-01-22,EV,ATL,"Atlanta, GA",ROA,"Roanoke, VA",-6.0,-14.0,0.0,0.0,357.0,,,,,
2015,1,2015-01-11,DL,ATL,"Atlanta, GA",BHM,"Birmingham, AL",-1.0,-12.0,0.0,0.0,134.0,,,,,
2015,1,2015-01-03,EV,ATL,"Atlanta, GA",BMI,"Bloomington/Normal, IL",57.0,42.0,0.0,0.0,533.0,0.0,0.0,0.0,0.0,42.0
2015,1,2015-01-01,DL,ATL,"Atlanta, GA",AUS,"Austin, TX",-5.0,-6.0,0.0,0.0,813.0,,,,,
2015,1,2015-01-31,DL,ATL,"Atlanta, GA",IAH,"Houston, TX",-5.0,-8.0,0.0,0.0,689.0,,,,,
2015,1,2015-01-06,DL,MSP,"Minneapolis, MN",ATL,"Atlanta, GA",26.0,-6.0,0.0,0.0,907.0,,,,,
2015,1,2015-01-20,EV,ATL,"Atlanta, GA",GSP,"Greer, SC",0.0,-5.0,0.0,0.0,153.0,,,,,
2015,1,2015-01-13,DL,JFK,"New York, NY",ATL,"Atlanta, GA",3.0,5.0,0.0,0.0,760.0,,,,,
2015,1,2015-01-30,EV,CHA,"Chattanooga, TN",ATL,"Atlanta, GA",-5.0,3.0,0.0,0.0,106.0,,,,,
2015,1,2015-01-03,EV,RST,"Rochester, MN",ATL,"Atlanta, GA",-6.0,-14.0,0.0,0.0,831.0,,,,,
2015,1,2015-01-14,WN,ATL,"Atlanta, GA",SFO,"San Francisco, CA",2.0,-18.0,0.0,0.0,2139.0,,,,,
2015,1,2015-01-12,DL,ATL,"Atlanta, GA",LAS,"Las Vegas, NV",-1.0,-23.0,0.0,0.0,1747.0,,,,,
2015,1,2015-01-19,EV,ATL,"Atlanta, GA",MLU,"Monroe, LA",24.0,7.0,0.0,0.0,448.0,,,,,
2015,1,2015-01-15,DL,TUL,"Tulsa, OK",ATL,"Atlanta, GA",-6.0,-2.0,0.0,0.0,674.0,,,,,
2015,1,2015-01-16,EV,MLI,"Moline, IL",ATL,"Atlanta, GA",0.0,4.0,0.0,0.0,633.0,,,,,
2015,1,2015-01-19,DL,SDF,"Louisville, KY",ATL,"Atlanta, GA",-7.0,-24.0,0.0,0.0,321.0,,,,,
2015,1,2015-01-10,DL,ELP,"El Paso, TX",ATL,"Atlanta, GA",-4.0,-1.0,0.0,0.0,1282.0,,,,,
2015,1,2015-01-02,EV,TYS,"Knoxville, TN",ATL,"Atlanta, GA",-7.0,7.0,0.0,0.0,152.0,,,,,
2015,1,2015-01-14,EV,CSG,"Columbus, GA",ATL,"Atlanta, GA",-4.0,-5.0,0.0,0.0,83.0,,,,,
2015,1,2015-01-27,DL,ATL,"Atlanta, GA",SDF,"Louisville, KY",-8.0,-13.0,0.0,0.0,321.0,,,,,
2015,1,2015-01-20,DL,ATL,"Atlanta, GA",DCA,"Washington, DC",-1.0,-5.0,0.0,0.0,547.0,,,,,
2015,1,2015-01-25,DL,ATL,"Atlanta, GA",MEM,"Memphis, TN",10.0,0.0,0.0,0.0,332.0,,,,,
2015,1,2015-01-13,DL,ATL,"Atlanta, GA",BNA,"Nashville, TN",13.0,22.0,0.0,0.0,214.0,13.0,0.0,9.0,0.0,0.0
2015,1,2015-01-29,DL,TPA,"Tampa, FL",ATL,"Atlanta, GA",-3.0,-13.0,0.0,0.0,406.0,,,,,
2015,1,2015-01-25,DL,ATL,"Atlanta, GA",MLB,"Melbourne, FL",4.0,-1.0,0.0,0.0,442.0,,,,,
2015,1,2015-01-14,DL,DCA,"Washington, DC",ATL,"Atlanta, GA",5.0,-4.0,0.0,0.0,547.0,,,,,
2015,1,2015-01-06,DL,ATL,"Atlanta, GA",OKC,"Oklahoma City, OK",-2.0,-21.0,0.0,0.0,761.0,,,,,
2015,1,2015-01-12,DL,BNA,"Nashville, TN",ATL,"Atlanta, GA",-1.0,29.0,0.0,0.0,214.0,0.0,0.0,29.0,0.0,0.0
2015,1,2015-01-26,DL,ATL,"Atlanta, GA",SDF,"Louisville, KY",9.0,8.0,0.0,0.0,321.0,,,,,
2015,1,2015-01-12,DL,BWI,"Baltimore, MD",ATL,"Atlanta, GA",-2.0,5.0,0.0,0.0,577.0,,,,,
2015,1,2015-01-06,DL,ATL,"Atlanta, GA",JAN,"Jackson/Vicksburg, MS",-2.0,-9.0,0.0,0.0,341.0,,,,,
2015,1,2015-01-08,EV,AVP,"Scranton/Wilkes-Barre, PA",ATL,"Atlanta, GA",-4.0,-10.0,0.0,0.0,714.0,,,,,
2015,1,2015-01-27,AA,MIA,"Miami, FL",ATL,"Atlanta, GA",4.0,11.0,0.0,0.0,594.0,,,,,
2015,1,2015-01-05,US,PHX,"Phoenix, AZ",ATL,"Atlanta, GA",-3.0,5.0,0.0,0.0,1587.0,,,,,
2015,1,2015-01-04,EV,HSV,"Huntsville, AL",ATL,"Atlanta, GA",-2.0,0.0,0.0,0.0,151.0,,,,,
2015,1,2015-01-08,OO,GRB,"Green Bay, WI",ATL,"Atlanta, GA",-6.0,-30.0,0.0,0.0,774.0,,,,,
2015,1,2015-01-22,DL,RIC,"Richmond, VA",ATL,"Atlanta, GA",-6.0,-6.0,0.0,0.0,481.0,,,,,
2015,1,2015-01-22,DL,ATL,"Atlanta, GA",MSY,"New Orleans, LA",6.0,8.0,0.0,0.0,425.0,,,,,
2015,1,2015-01-10,DL,MOB,"Mobile, AL",ATL,"Atlanta, GA",-4.0,-10.0,0.0,0.0,302.0,,,,,
2015,1,2015-01-08,DL,IAH,"Houston, TX",ATL,"Atlanta, GA",-8.0,-18.0,0.0,0.0,689.0,,,,,
2015,1,2015-01-02,UA,ATL,"Atlanta, GA",IAH,"Houston, TX",9.0,26.0,0.0,0.0,689.0,0.0,9.0,17.0,0.0,0.0
2015,1,2015-01-02,WN,MSY,"New Orleans, LA",ATL,"Atlanta, GA",16.0,24.0,0.0,0.0,425.0,16.0,0.0,8.0,0.0,0.0
2015,1,2015-01-13,DL,ATL,"Atlanta, GA",MDW,"Chicago, IL",-1.0,9.0,0.0,0.0,591.0,,,,,
2015,1,2015-01-03,WN,MDW,"Chicago, IL",ATL,"Atlanta, GA",0.0,12.0,0.0,0.0,591.0,,,,,
2015,1,2015-01-04,WN,ATL,"Atlanta, GA",BWI,"Baltimore, MD",66.0,54.0,0.0,0.0,577.0,6.0,0.0,0.0,0.0,48.0
2015,1,2015-01-01,DL,ATL,"Atlanta, GA",ORD,"Chicago, IL",-1.0,-14.0,0.0,0.0,606.0,,,,,
2015,1,2015-01-26,DL,ATL,"Atlanta, GA",DCA,"Washington, DC",5.0,1.0,0.0,0.0,547.0,,,,,
2015,1,2015-01-23,DL,SRQ,"Sarasota/Bradenton, FL",ATL,"Atlanta, GA",18.0,23.0,0.0,0.0,444.0,0.0,0.0,5.0,0.0,18.0
2015,1,2015-01-29,OO,ATL,"Atlanta, GA",ORD,"Chicago, IL",-2.0,-2.0,0.0,0.0,606.0,,,,,
2015,1,2015-01-04,EV,AEX,"Alexandria, LA",ATL,"Atlanta, GA",12.0,31.0,0.0,0.0,500.0,12.0,0.0,19.0,0.0,0.0
2015,1,2015-01-19,EV,OAJ,"Jacksonville/Camp Lejeune, NC",ATL,"Atlanta, GA",-6.0,3.0,0.0,0.0,399.0,,,,,
2015,1,2015-01-31,DL,ATL,"Atlanta, GA",TPA,"Tampa, FL",-4.0,-14.0,0.0,0.0,406.0,,,,,
2015,1,2015-01-20,DL,ATL,"Atlanta, GA",ELP,"El Paso, TX",-1.0,-10.0,0.0,0.0,1282.0,,,,,
2015,1,2015-01-20,EV,ATL,"Atlanta, GA",PIA,"Peoria, IL",-7.0,-4.0,0.0,0.0,565.0,,,,,
2015,1,2015-01-04,DL,ATL,"Atlanta, GA",TPA,"Tampa, FL",-2.0,11.0,0.0,0.0,406.0,,,,,
2015,1,2015-01-13,DL,ATL,"Atlanta, GA",LAS,"Las Vegas, NV",25.0,16.0,0.0,0.0,1747.0,16.0,0.0,0.0,0.0,0.0
2015,1,2015-01-30,DL,MSY,"New Orleans, LA",ATL,"Atlanta, GA",-7.0,-12.0,0.0,0.0,425.0,,,,,
2015,1,2015-01-23,OO,SBN,"South Bend, IN",ATL,"Atlanta, GA",18.0,21.0,0.0,0.0,566.0,0.0,0.0,3.0,0.0,18.0
2015,1,2015-01-09,EV,ATL,"Atlanta, GA",JAN,"Jackson/Vicksburg, MS",0.0,3.0,0.0,0.0,341.0,,,,,
2015,1,2015-01-27,F9,TTN,"Trenton, NJ",ATL,"Atlanta, GA",,,1.0,0.0,701.0,,,,,
2015,1,2015-01-27,DL,CAK,"Akron, OH",ATL,"Atlanta, GA",-4.0,-20.0,0.0,0.0,528.0,,,,,
2015,1,2015-01-08,EV,ATL,"Atlanta, GA",MLI,"Moline, IL",-2.0,-1.0,0.0,0.0,633.0,,,,,
2015,1,2015-01-25,DL,ATL,"Atlanta, GA",PWM,"Portland, ME",-2.0,-8.0,0.0,0.0,1027.0,,,,,
2015,1,2015-01-20,DL,TYS,"Knoxville, TN",ATL,"Atlanta, GA",-2.0,-25.0,0.0,0.0,152.0,,,,,
2015,1,2015-01-19,MQ,LGA,"New York, NY",ATL,"Atlanta, GA",-2.0,-7.0,0.0,0.0,762.0,,,,,
2015,1,2015-01-07,DL,DTW,"Detroit, MI",ATL,"Atlanta, GA",92.0,73.0,0.0,0.0,594.0,0.0,73.0,0.0,0.0,0.0
2015,1,2015-01-19,DL,RIC,"Richmond, VA",ATL,"Atlanta, GA",-1.0,2.0,0.0,0.0,481.0,,,,,
2015,1,2015-01-30,UA,ATL,"Atlanta, GA",EWR,"Newark, NJ",-4.0,-28.0,0.0,0.0,746.0,,,,,
2015,1,2015-01-25,DL,BHM,"Birmingham, AL",ATL,"Atlanta, GA",-2.0,5.0,0.0,0.0,134.0,,,,,
2015,1,2015-01-25,EV,ILM,"Wilmington, NC",ATL,"Atlanta, GA",-5.0,-8.0,0.0,0.0,377.0,,,,,
2015,1,2015-01-08,DL,DTW,"Detroit, MI",ATL,"Atlanta, GA",11.0,-14.0,0.0,0.0,594.0,,,,,
2015,1,2015-01-18,DL,TPA,"Tampa, FL",ATL,"Atlanta, GA",166.0,157.0,0.0,0.0,406.0,157.0,0.0,0.0,0.0,0.0
2015,1,2015-01-23,DL,JFK,"New York, NY",ATL,"Atlanta, GA",-4.0,-14.0,0.0,0.0,760.0,,,,,
2015,1,2015-01-18,DL,ATL,"Atlanta, GA",CLT,"Charlotte, NC",-6.0,-18.0,0.0,0.0,226.0,,,,,
2015,1,2015-01-03,US,ATL,"Atlanta, GA",PHX,"Phoenix, AZ",-6.0,11.0,0.0,0.0,1587.0,,,,,
2015,1,2015-01-15,DL,ATL,"Atlanta, GA",TRI,"Bristol/Johnson City/Kingsport, TN",-3.0,3.0,0.0,0.0,227.0,,,,,
2015,1,2015-01-28,DL,ATL,"Atlanta, GA",GRR,"Grand Rapids, MI",25.0,33.0,0.0,0.0,640.0,25.0,0.0,8.0,0.0,0.0
2015,1,2015-01-11,EV,IAD,"Washington, DC",ATL,"Atlanta, GA",-3.0,0.0,0.0,0.0,534.0,,,,,
2015,1,2015-01-21,EV,ATL,"Atlanta, GA",PHF,"Newport News/Williamsburg, VA",-4.0,-9.0,0.0,0.0,508.0,,,,,
2015,1,2015-01-10,DL,ATL,"Atlanta, GA",SRQ,"Sarasota/Bradenton, FL",-2.0,-14.0,0.0,0.0,444.0,,,,,
2015,1,2015-01-12,DL,ATL,"Atlanta, GA",PHL,"Philadelphia, PA",21.0,19.0,0.0,0.0,666.0,0.0,0.0,19.0,0.0,0.0
2015,1,2015-01-02,EV,ATL,"Atlanta, GA",XNA,"Fayetteville, AR",0.0,-3.0,0.0,0.0,589.0,,,,,
2015,1,2015-01-24,WN,ATL,"Atlanta, GA",MDW,"Chicago, IL",157.0,149.0,0.0,0.0,591.0,0.0,0.0,0.0,0.0,149.0
2015,1,2015-01-06,DL,ATL,"Atlanta, GA",TPA,"Tampa, FL",-5.0,-15.0,0.0,0.0,406.0,,,,,
2015,1,2015-01-26,DL,ILM,"Wilmington, NC",ATL,"Atlanta, GA",-1.0,-15.0,0.0,0.0,377.0,,,,,
2015,1,2015-01-31,AA,ATL,"Atlanta, GA",DFW,"Dallas/Fort Worth, TX",-6.0,-21.0,0.0,0.0,731.0,,,,,
2015,1,2015-01-21,DL,STL,"St. Louis, MO",ATL,"Atlanta, GA",20.0,3.0,0.0,0.0,484.0,,,,,
2015,1,2015-01-16,DL,ATL,"Atlanta, GA",VPS,"Valparaiso, FL",-2.0,-13.0,0.0,0.0,250.0,,,,,
2015,1,2015-01-17,EV,ATL,"Atlanta, GA",LEX,"Lexington, KY",-4.0,-12.0,0.0,0.0,304.0,,,,,
2015,1,2015-01-05,DL,ATL,"Atlanta, GA",DAL,"Dallas, TX",-2.0,-21.0,0.0,0.0,721.0,,,,,
2015,1,2015-01-31,US,ATL,"Atlanta, GA",CLT,"Charlotte, NC",-12.0,-18.0,0.0,0.0,226.0,,,,,
2015,1,2015-01-31,DL,RSW,"Fort Myers, FL",ATL,"Atlanta, GA",-4.0,-16.0,0.0,0.0,515.0,,,,,
2015,1,2015-01-24,EV,ATL,"Atlanta, GA",ALB,"Albany, NY",-3.0,-5.0,0.0,0.0,853.0,,,,,
2015,1,2015-01-06,WN,DAL,"Dallas, TX",ATL,"Atlanta, GA",27.0,12.0,0.0,0.0,721.0,,,,,
2015,1,2015-01-15,WN,ATL,"Atlanta, GA",MSY,"New Orleans, LA",25.0,28.0,0.0,0.0,425.0,0.0,0.0,3.0,0.0,25.0
2015,1,2015-01-02,DL,ATL,"Atlanta, GA",DCA,"Washington, DC",-6.0,-18.0,0.0,0.0,547.0,,,,,
2015,1,2015-01-25,EV,ATL,"Atlanta, GA",RST,"Rochester, MN",-5.0,-15.0,0.0,0.0,831.0,,,,,
2015,1,2015-01-23,DL,MSP,"Minneapolis, MN",ATL,"Atlanta, GA",-5.0,-15.0,0.0,0.0,907.0,,,,,
2015,1,2015-01-25,DL,ATL,"Atlanta, GA",TPA,"Tampa, FL",-1.0,-6.0,0.0,0.0,406.0,,,,,
2015,1,2015-01-25,DL,DCA,"Washington, DC",ATL,"Atlanta, GA",19.0,12.0,0.0,0.0,547.0,,,,,
2015,1,2015-01-04,WN,TPA,"Tampa, FL",ATL,"Atlanta, GA",39.0,47.0,0.0,0.0,406.0,12.0,0.0,8.0,0.0,27.0
2015,1,2015-01-28,DL,ATL,"Atlanta, GA",MIA,"Miami, FL",3.0,-15.0,0.0,0.0,594.0,,,,,
2015,1,2015-01-04,WN,SAT,"San Antonio, TX",ATL,"Atlanta, GA",57.0,46.0,0.0,0.0,874.0,46.0,0.0,0.0,0.0,0.0
2015,1,2015-01-19,DL,ATL,"Atlanta, GA",BOS,"Boston, MA",23.0,18.0,0.0,0.0,946.0,18.0,0.0,0.0,0.0,0.0
2015,1,2015-01-21,DL,OMA,"Omaha, NE",ATL,"Atlanta, GA",-8.0,-25.0,0.0,0.0,821.0,,,,,
2015,1,2015-01-06,DL,RDU,"Raleigh/Durham, NC",ATL,"Atlanta, GA",-3.0,-11.0,0.0,0.0,356.0,,,,,
2015,1,2015-01-03,WN,ATL,"Atlanta, GA",SAT,"San Antonio, TX",7.0,31.0,0.0,0.0,874.0,7.0,0.0,24.0,0.0,0.0
2015,1,2015-01-10,DL,FLL,"Fort Lauderdale, FL",ATL,"Atlanta, GA",-6.0,-11.0,0.0,0.0,581.0,,,,,
2015,1,2015-01-05,EV,ATL,"Atlanta, GA",PHF,"Newport News/Williamsburg, VA",2.0,-2.0,0.0,0.0,508.0,,,,,
2015,1,2015-01-17,DL,ATL,"Atlanta, GA",PBI,"West Palm Beach/Palm Beach, FL",-5.0,-15.0,0.0,0.0,545.0,,,,,
2015,1,2015-01-27,DL,CLE,"Cleveland, OH",ATL,"Atlanta, GA",0.0,-28.0,0.0,0.0,554.0,,,,,
2015,1,2015-01-23,UA,EWR,"Newark, NJ",ATL,"Atlanta, GA",-8.0,-11.0,0.0,0.0,746.0,,,,,
2015,1,2015-01-02,EV,ATL,"Atlanta, GA",ROA,"Roanoke, VA",-3.0,-7.0,0.0,0.0,357.0,,,,,
2015,1,2015-01-18,DL,ATL,"Atlanta, GA",DCA,"Washington, DC",-2.0,-8.0,0.0,0.0,547.0,,,,,
2015,1,2015-01-09,DL,MDW,"Chicago, IL",ATL,"Atlanta, GA",48.0,54.0,0.0,0.0,591.0,36.0,12.0,6.0,0.0,0.0
2015,1,2015-01-24,DL,SAV,"Savannah, GA",ATL,"Atlanta, GA",-6.0,-3.0,0.0,0.0,214.0,,,,,
2015,1,2015-01-10,US,CLT,"Charlotte, NC",ATL,"Atlanta, GA",-3.0,-3.0,0.0,0.0,226.0,,,,,
2015,1,2015-01-13,DL,ATL,"Atlanta, GA",MCO,"Orlando, FL",0.0,0.0,0.0,0.0,404.0,,,,,
2015,1,2015-01-15,DL,ATL,"Atlanta, GA",SRQ,"Sarasota/Bradenton, FL",-4.0,-1.0,0.0,0.0,444.0,,,,,
2015,1,2015-01-31,DL,STL,"St. Louis, MO",ATL,"Atlanta, GA",0.0,-13.0,0.0,0.0,484.0,,,,,
2015,1,2015-01-23,WN,CMH,"Columbus, OH",ATL,"Atlanta, GA",-4.0,-10.0,0.0,0.0,447.0,,,,,
2015,1,2015-01-25,DL,SRQ,"Sarasota/Bradenton, FL",ATL,"Atlanta, GA",-4.0,-15.0,0.0,0.0,444.0,,,,,
2015,1,2015-01-09,EV,LEX,"Lexington, KY",ATL,"Atlanta, GA",-3.0,-11.0,0.0,0.0,304.0,,,,,
2015,1,2015-01-29,DL,ATL,"Atlanta, GA",SRQ,"Sarasota/Bradenton, FL",-7.0,-24.0,0.0,0.0,444.0,,,,,
2015,1,2015-01-16,DL,ATL,"Atlanta, GA",EWR,"Newark, NJ",0.0,-2.0,0.0,0.0,746.0,,,,,
2015,1,2015-01-01,UA,SFO,"San Francisco, CA",ATL,"Atlanta, GA",20.0,22.0,0.0,0.0,2139.0,0.0,0.0,22.0,0.0,0.0
2015,1,2015-01-07,DL,IAD,"Washington, DC",ATL,"Atlanta, GA",-1.0,-10.0,0.0,0.0,534.0,,,,,
2015,1,2015-01-28,DL,DAB,"Daytona Beach, FL",ATL,"Atlanta, GA",-5.0,-13.0,0.0,0.0,366.0,,,,,
2015,1,2015-01-23,EV,FAY,"Fayetteville, NC",ATL,"Atlanta, GA",-5.0,3.0,0.0,0.0,331.0,,,,,
2015,1,2015-01-31,DL,ATL,"Atlanta, GA",CLE,"Cleveland, OH",0.0,-8.0,0.0,0.0,554.0,,,,,
2015,1,2015-01-04,DL,ATL,"Atlanta, GA",BZN,"Bozeman, MT",-2.0,18.0,0.0,0.0,1640.0,0.0,0.0,18.0,0.0,0.0
2015,1,2015-01-30,DL,ATL,"Atlanta, GA",DAB,"Daytona Beach, FL",16.0,6.0,0.0,0.0,366.0,,,,,
2015,1,2015-01-08,WN,BWI,"Baltimore, MD",ATL,"Atlanta, GA",25.0,1.0,0.0,0.0,577.0,,,,,
2015,1,2015-01-15,DL,IAD,"Washington, DC",ATL,"Atlanta, GA",9.0,-17.0,0.0,0.0,534.0,,,,,
2015,1,2015-01-11,DL,ATL,"Atlanta, GA",CLT,"Charlotte, NC",-3.0,-11.0,0.0,0.0,226.0,,,,,
2015,1,2015-01-28,WN,ATL,"Atlanta, GA",BDL,"Hartford, CT",6.0,12.0,0.0,0.0,859.0,,,,,
2015,1,2015-01-31,DL,SAT,"San Antonio, TX",ATL,"Atlanta, GA",-6.0,-14.0,0.0,0.0,874.0,,,,,
2015,1,2015-01-03,DL,MDW,"Chicago, IL",ATL,"Atlanta, GA",-3.0,-7.0,0.0,0.0,591.0,,,,,
2015,1,2015-01-29,DL,ATL,"Atlanta, GA",CLE,"Cleveland, OH",-3.0,3.0,0.0,0.0,554.0,,,,,
2015,1,2015-01-29,DL,RDU,"Raleigh/Durham, NC",ATL,"Atlanta, GA",-6.0,-13.0,0.0,0.0,356.0,,,,,
2015,1,2015-01-21,DL,ATL,"Atlanta, GA",CAK,"Akron, OH",-9.0,-17.0,0.0,0.0,528.0,,,,,
2015,1,2015-01-07,DL,ATL,"Atlanta, GA",SFO,"San Francisco, CA",0.0,-22.0,0.0,0.0,2139.0,,,,,
2015,1,2015-01-31,WN,SAT,"San Antonio, TX",ATL,"Atlanta, GA",-3.0,-8.0,0.0,0.0,874.0,,,,,
2015,1,2015-01-26,WN,DAL,"Dallas, TX",ATL,"Atlanta, GA",4.0,-6.0,0.0,0.0,721.0,,,,,
2015,1,2015-01-24,DL,ATL,"Atlanta, GA",CHO,"Charlottesville, VA",-3.0,0.0,0.0,0.0,457.0,,,,,
2015,1,2015-01-27,EV,ATL,"Atlanta, GA",HPN,"White Plains, NY",,,1.0,0.0,780.0,,,,,
2015,1,2015-01-26,WN,ATL,"Atlanta, GA",CMH,"Columbus, OH",11.0,15.0,0.0,0.0,447.0,0.0,0.0,4.0,0.0,11.0
2015,1,2015-01-02,EV,ATL,"Atlanta, GA",AVL,"Asheville, NC",-5.0,-15.0,0.0,0.0,164.0,,,,,
2015,1,2015-01-04,DL,ATL,"Atlanta, GA",CLT,"Charlotte, NC",38.0,43.0,0.0,0.0,226.0,0.0,25.0,5.0,0.0,13.0
2015,1,2015-01-22,DL,ATL,"Atlanta, GA",MSN,"Madison, WI",-1.0,-14.0,0.0,0.0,707.0,,,,,
2015,1,2015-01-12,EV,TRI,"Bristol/Johnson City/Kingsport, TN",ATL,"Atlanta, GA",0.0,8.0,0.0,0.0,227.0,,,,,
2015,1,2015-01-04,EV,MLI,"Moline, IL",ATL,"Atlanta, GA",2.0,71.0,0.0,0.0,633.0,2.0,0.0,69.0,0.0,0.0
2015,1,2015-01-28,DL,PHL,"Philadelphia, PA",ATL,"Atlanta, GA",-8.0,-33.0,0.0,0.0,666.0,,,,,
2015,1,2015-01-12,DL,ATL,"Atlanta, GA",RSW,"Fort Myers, FL",-1.0,20.0,0.0,0.0,515.0,0.0,0.0,20.0,0.0,0.0
2015,1,2015-01-01,US,CLT,"Charlotte, NC",ATL,"Atlanta, GA",-5.0,-12.0,0.0,0.0,226.0,,,,,
2015,1,2015-01-31,WN,MKE,"Milwaukee, WI",ATL,"Atlanta, GA",-6.0,-29.0,0.0,0.0,669.0,,,,,
2015,1,2015-01-08,DL,ATL,"Atlanta, GA",BWI,"Baltimore, MD",-5.0,-21.0,0.0,0.0,577.0,,,,,
2015,1,2015-01-26,DL,ATL,"Atlanta, GA",ORD,"Chicago, IL",-3.0,-4.0,0.0,0.0,606.0,,,,,
2015,1,2015-01-22,WN,RDU,"Raleigh/Durham, NC",ATL,"Atlanta, GA",-2.0,-14.0,0.0,0.0,356.0,,,,,
2015,1,2015-01-03,DL,ATL,"Atlanta, GA",RSW,"Fort Myers, FL",-3.0,-12.0,0.0,0.0,515.0,,,,,
2015,1,2015-01-09,DL,ATL,"Atlanta, GA",MSY,"New Orleans, LA",-4.0,-10.0,0.0,0.0,425.0,,,,,
2015,1,2015-01-21,DL,ATL,"Atlanta, GA",FLL,"Fort Lauderdale, FL",-1.0,-9.0,0.0,0.0,581.0,,,,,
2015,1,2015-01-23,DL,ATL,"Atlanta, GA",DCA,"Washington, DC",-2.0,-20.0,0.0,0.0,547.0,,,,,
2015,1,2015-01-27,DL,LAX,"Los Angeles, CA",ATL,"Atlanta, GA",-2.0,-11.0,0.0,0.0,1947.0,,,,,
2015,1,2015-01-18,DL,MIA,"Miami, FL",ATL,"Atlanta, GA",-2.0,-11.0,0.0,0.0,594.0,,,,,
2015,1,2015-01-09,DL,ATL,"Atlanta, GA",EWR,"Newark, NJ",45.0,28.0,0.0,0.0,746.0,8.0,0.0,20.0,0.0,0.0
2015,1,2015-01-19,DL,ATL,"Atlanta, GA",SEA,"Seattle, WA",4.0,-11.0,0.0,0.0,2182.0,,,,,
2015,1,2015-01-31,MQ,ORD,"Chicago, IL",ATL,"Atlanta, GA",70.0,73.0,0.0,0.0,606.0,3.0,0.0,3.0,0.0,67.0
2015,1,2015-01-23,WN,RIC,"Richmond, VA",ATL,"Atlanta, GA",-5.0,14.0,0.0,0.0,481.0,,,,,
2015,1,2015-01-01,EV,ATL,"Atlanta, GA",RAP,"Rapid City, SD",-5.0,-15.0,0.0,0.0,1230.0,,,,,
2015,1,2015-01-02,DL,ATL,"Atlanta, GA",DAL,"Dallas, TX",17.0,5.0,0.0,0.0,721.0,,,,,
2015,1,2015-01-03,DL,PNS,"Pensacola, FL",ATL,"Atlanta, GA",-9.0,-16.0,0.0,0.0,271.0,,,,,
2015,1,2015-01-19,DL,ATL,"Atlanta, GA",ORD,"Chicago, IL",-4.0,-8.0,0.0,0.0,606.0,,,,,
2015,1,2015-01-11,WN,BWI,"Baltimore, MD",ATL,"Atlanta, GA",-4.0,-18.0,0.0,0.0,577.0,,,,,
2015,1,2015-01-12,OO,ATL,"Atlanta, GA",DEN,"Denver, CO",33.0,21.0,0.0,0.0,1199.0,0.0,0.0,0.0,0.0,21.0
2015,1,2015-01-05,EV,HPN,"White Plains, NY",ATL,"Atlanta, GA",-6.0,-12.0,0.0,0.0,780.0,,,,,
2015,1,2015-01-17,WN,ATL,"Atlanta, GA",PBI,"West Palm Beach/Palm Beach, FL",-1.0,-16.0,0.0,0.0,545.0,,,,,
2015,1,2015-01-24,DL,RIC,"Richmond, VA",ATL,"Atlanta, GA",-2.0,-8.0,0.0,0.0,481.0,,,,,
2015,1,2015-01-27,DL,PBI,"West Palm Beach/Palm Beach, FL",ATL,"Atlanta, GA",13.0,12.0,0.0,0.0,545.0,,,,,
2015,1,2015-01-21,EV,HPN,"White Plains, NY",ATL,"Atlanta, GA",92.0,81.0,0.0,0.0,780.0,3.0,0.0,0.0,0.0,78.0
2015,1,2015-01-02,EV,GNV,"Gainesville, FL",ATL,"Atlanta, GA",-7.0,-2.0,0.0,0.0,300.0,,,,,
2015,1,2015-01-02,DL,ATL,"Atlanta, GA",RDU,"Raleigh/Durham, NC",23.0,12.0,0.0,0.0,356.0,,,,,
2015,1,2015-01-20,DL,ATL,"Atlanta, GA",CLE,"Cleveland, OH",-3.0,-19.0,0.0,0.0,554.0,,,,,
2015,1,2015-01-07,WN,RSW,"Fort Myers, FL",ATL,"Atlanta, GA",5.0,-4.0,0.0,0.0,515.0,,,,,
2015,1,2015-01-26,DL,PBI,"West Palm Beach/Palm Beach, FL",ATL,"Atlanta, GA",3.0,6.0,0.0,0.0,545.0,,,,,
2015,1,2015-01-17,DL,MSP,"Minneapolis, MN",ATL,"Atlanta, GA",84.0,68.0,0.0,0.0,907.0,68.0,0.0,0.0,0.0,0.0
2015,1,2015-01-09,NK,FLL,"Fort Lauderdale, FL",ATL,"Atlanta, GA",72.0,64.0,0.0,0.0,581.0,64.0,0.0,0.0,0.0,0.0
2015,1,2015-01-12,EV,DHN,"Dothan, AL",ATL,"Atlanta, GA",-2.0,7.0,0.0,0.0,170.0,,,,,
2015,1,2015-01-13,DL,MSY,"New Orleans, LA",ATL,"Atlanta, GA",-3.0,-5.0,0.0,0.0,425.0,,,,,
2015,1,2015-01-16,DL,PNS,"Pensacola, FL",ATL,"Atlanta, GA",-4.0,-11.0,0.0,0.0,271.0,,,,,
2015,1,2015-01-24,AA,MIA,"Miami, FL",ATL,"Atlanta, GA",41.0,35.0,0.0,0.0,594.0,35.0,0.0,0.0,0.0,0.0
2015,1,2015-01-14,WN,LAX,"Los Angeles, CA",ATL,"Atlanta, GA",-4.0,-16.0,0.0,0.0,1947.0,,,,,
2015,1,2015-01-02,DL,ATL,"Atlanta, GA",CHS,"Charleston, SC",19.0,12.0,0.0,0.0,259.0,,,,,
2015,1,2015-01-29,WN,ATL,"Atlanta, GA",CMH,"Columbus, OH",1.0,-11.0,0.0,0.0,447.0,,,,,
2015,1,2015-01-13,DL,LGA,"New York, NY",ATL,"Atlanta, GA",-4.0,-4.0,0.0,0.0,762.0,,,,,
2015,1,2015-01-03,DL,ATL,"Atlanta, GA",BWI,"Baltimore, MD",13.0,5.0,0.0,0.0,577.0,,,,,
2015,1,2015-01-24,DL,ATL,"Atlanta, GA",EVV,"Evansville, IN",-2.0,-6.0,0.0,0.0,350.0,,,,,
2015,1,2015-01-12,DL,ATL,"Atlanta, GA",PDX,"Portland, OR",13.0,-20.0,0.0,0.0,2172.0,,,,,
2015,1,2015-01-09,EV,XNA,"Fayetteville, AR",ATL,"Atlanta, GA",-8.0,-11.0,0.0,0.0,589.0,,,,,
2015,1,2015-01-19,EV,DHN,"Dothan, AL",ATL,"Atlanta, GA",-6.0,-10.0,0.0,0.0,170.0,,,,,
2015,1,2015-01-24,DL,PNS,"Pensacola, FL",ATL,"Atlanta, GA",-1.0,-10.0,0.0,0.0,271.0,,,,,
2015,1,2015-01-06,EV,BMI,"Bloomington/Normal, IL",ATL,"Atlanta, GA",15.0,11.0,0.0,0.0,533.0,,,,,
2015,1,2015-01-07,DL,ORD,"Chicago, IL",ATL,"Atlanta, GA",3.0,-18.0,0.0,0.0,606.0,,,,,
2015,1,2015-01-21,EV,DHN,"Dothan, AL",ATL,"Atlanta, GA",-5.0,-14.0,0.0,0.0,170.0,,,,,
2015,1,2015-01-26,NK,DTW,"Detroit, MI",ATL,"Atlanta, GA",9.0,3.0,0.0,0.0,594.0,,,,,
2015,1,2015-01-19,DL,ATL,"Atlanta, GA",SEA,"Seattle, WA",2.0,3.0,0.0,0.0,2182.0,,,,,
2015,1,2015-01-24,WN,ATL,"Atlanta, GA",DCA,"Washington, DC",18.0,24.0,0.0,0.0,547.0,2.0,0.0,6.0,0.0,16.0
2015,1,2015-01-07,DL,MIA,"Miami, FL",ATL,"Atlanta, GA",5.0,-6.0,0.0,0.0,594.0,,,,,
2015,1,2015-01-31,DL,DAY,"Dayton, OH",ATL,"Atlanta, GA",-4.0,-16.0,0.0,0.0,432.0,,,,,
2015,1,2015-01-24,DL,ATL,"Atlanta, GA",AUS,"Austin, TX",-2.0,-18.0,0.0,0.0,813.0,,,,,
2015,1,2015-01-19,DL,ATL,"Atlanta, GA",BHM,"Birmingham, AL",83.0,82.0,0.0,0.0,134.0,82.0,0.0,0.0,0.0,0.0
2015,1,2015-01-17,DL,ATL,"Atlanta, GA",SFO,"San Francisco, CA",-1.0,-25.0,0.0,0.0,2139.0,,,,,
2015,1,2015-01-26,EV,MGM,"Montgomery, AL",ATL,"Atlanta, GA",45.0,37.0,0.0,0.0,147.0,0.0,0.0,0.0,0.0,37.0
2015,1,2015-01-13,DL,MSP,"Minneapolis, MN",ATL,"Atlanta, GA",6.0,-6.0,0.0,0.0,907.0,,,,,
2015,1,2015-01-23,DL,ATL,"Atlanta, GA",HOU,"Houston, TX",0.0,-7.0,0.0,0.0,696.0,,,,,
2015,1,2015-01-28,DL,ATL,"Atlanta, GA",TPA,"Tampa, FL",-5.0,-6.0,0.0,0.0,406.0,,,,,
2015,1,2015-01-05,WN,LGA,"New York, NY",ATL,"Atlanta, GA",-3.0,-13.0,0.0,0.0,762.0,,,,,
2015,1,2015-01-03,DL,PNS,"Pensacola, FL",ATL,"Atlanta, GA",2.0,-2.0,0.0,0.0,271.0,,,,,
2015,1,2015-01-01,DL,DFW,"Dallas/Fort Worth, TX",ATL,"Atlanta, GA",7.0,-10.0,0.0,0.0,731.0,,,,,
2015,1,2015-01-09,DL,ATL,"Atlanta, GA",JAN,"Jackson/Vicksburg, MS",-1.0,-13.0,0.0,0.0,341.0,,,,,
2015,1,2015-01-06,EV,ATL,"Atlanta, GA",TRI,"Bristol/Johnson City/Kingsport, TN",-3.0,-8.0,0.0,0.0,227.0,,,,,
2015,1,2015-01-17,DL,ATL,"Atlanta, GA",STL,"St. Louis, MO",-4.0,-16.0,0.0,0.0,484.0,,,,,
2015,1,2015-01-16,EV,MGM,"Montgomery, AL",ATL,"Atlanta, GA",1.0,-8.0,0.0,0.0,147.0,,,,,
2015,1,2015-01-09,DL,CHS,"Charleston, SC",ATL,"Atlanta, GA",-2.0,-17.0,0.0,0.0,259.0,,,,,
2015,1,2015-01-01,DL,MSP,"Minneapolis, MN",ATL,"Atlanta, GA",16.0,-6.0,0.0,0.0,907.0,,,,,
2015,1,2015-01-15,DL,BHM,"Birmingham, AL",ATL,"Atlanta, GA",0.0,-17.0,0.0,0.0,134.0,,,,,
2015,1,2015-01-24,DL,ATL,"Atlanta, GA",SLC,"Salt Lake City, UT",-2.0,-10.0,0.0,0.0,1590.0,,,,,
2015,1,2015-01-20,DL,ATL,"Atlanta, GA",SEA,"Seattle, WA",-2.0,-16.0,0.0,0.0,2182.0,,,,,
2015,1,2015-01-29,DL,ATL,"Atlanta, GA",BHM,"Birmingham, AL",-3.0,-10.0,0.0,0.0,134.0,,,,,
2015,1,2015-01-17,NK,FLL,"Fort Lauderdale, FL",ATL,"Atlanta, GA",10.0,5.0,0.0,0.0,581.0,,,,,
2015,1,2015-01-29,EV,ILM,"Wilmington, NC",ATL,"Atlanta, GA",-2.0,-1.0,0.0,0.0,377.0,,,,,
2015,1,2015-01-11,US,PHL,"Philadelphia, PA",ATL,"Atlanta, GA",-2.0,16.0,0.0,0.0,666.0,0.0,0.0,16.0,0.0,0.0
2015,1,2015-01-10,WN,CMH,"Columbus, OH",ATL,"Atlanta, GA",14.0,4.0,0.0,0.0,447.0,,,,,
2015,1,2015-01-08,DL,TUL,"Tulsa, OK",ATL,"Atlanta, GA",-3.0,-7.0,0.0,0.0,674.0,,,,,
2015,1,2015-01-24,DL,AVL,"Asheville, NC",ATL,"Atlanta, GA",-7.0,-27.0,0.0,0.0,164.0,,,,,
2015,1,2015-01-06,DL,IAH,"Houston, TX",ATL,"Atlanta, GA",0.0,1.0,0.0,0.0,689.0,,,,,
2015,1,2015-01-23,DL,ATL,"Atlanta, GA",FLL,"Fort Lauderdale, FL",0.0,-3.0,0.0,0.0,581.0,,,,,
2015,1,2015-01-01,WN,LGA,"New York, NY",ATL,"Atlanta, GA",16.0,-5.0,0.0,0.0,762.0,,,,,
2015,1,2015-01-17,DL,BWI,"Baltimore, MD",ATL,"Atlanta, GA",-2.0,-20.0,0.0,0.0,577.0,,,,,
2015,1,2015-01-07,DL,ATL,"Atlanta, GA",DSM,"Des Moines, IA",-1.0,-1.0,0.0,0.0,743.0,,,,,
2015,1,2015-01-02,DL,ECP,"Panama City, FL",ATL,"Atlanta, GA",12.0,20.0,0.0,0.0,240.0,6.0,0.0,8.0,0.0,6.0
2015,1,2015-01-01,DL,ATL,"Atlanta, GA",PBI,"West Palm Beach/Palm Beach, FL",-4.0,-13.0,0.0,0.0,545.0,,,,,
2015,1,2015-01-19,DL,IND,"Indianapolis, IN",ATL,"Atlanta, GA",-3.0,-16.0,0.0,0.0,432.0,,,,,
2015,1,2015-01-17,DL,AUS,"Austin, TX",ATL,"Atlanta, GA",-2.0,-16.0,0.0,0.0,813.0,,,,,
2015,1,2015-01-01,DL,DCA,"Washington, DC",ATL,"Atlanta, GA",-6.0,-20.0,0.0,0.0,547.0,,,,,
2015,1,2015-01-24,DL,ATL,"Atlanta, GA",VPS,"Valparaiso, FL",-3.0,-16.0,0.0,0.0,250.0,,,,,
2015,1,2015-01-15,DL,ATL,"Atlanta, GA",SEA,"Seattle, WA",-1.0,-32.0,0.0,0.0,2182.0,,,,,
2015,1,2015-01-13,DL,ATL,"Atlanta, GA",TUL,"Tulsa, OK",13.0,5.0,0.0,0.0,674.0,,,,,
2015,1,2015-01-17,EV,AGS,"Augusta, GA",ATL,"Atlanta, GA",-6.0,-15.0,0.0,0.0,143.0,,,,,
2015,1,2015-01-09,EV,CHO,"Charlottesville, VA",ATL,"Atlanta, GA",-12.0,-6.0,0.0,0.0,457.0,,,,,
2015,1,2015-01-04,DL,ATL,"Atlanta, GA",IND,"Indianapolis, IN",0.0,-17.0,0.0,0.0,432.0,,,,,
2015,1,2015-01-11,DL,FNT,"Flint, MI",ATL,"Atlanta, GA",-3.0,1.0,0.0,0.0,645.0,,,,,
2015,1,2015-01-26,DL,BDL,"Hartford, CT",ATL,"Atlanta, GA",7.0,0.0,0.0,0.0,859.0,,,,,
2015,1,2015-01-28,DL,ATL,"Atlanta, GA",PNS,"Pensacola, FL",-5.0,-2.0,0.0,0.0,271.0,,,,,
2015,1,2015-01-25,DL,ATL,"Atlanta, GA",IAH,"Houston, TX",-3.0,11.0,0.0,0.0,689.0,,,,,
2015,1,2015-01-16,DL,VPS,"Valparaiso, FL",ATL,"Atlanta, GA",-1.0,-27.0,0.0,0.0,250.0,,,,,
2015,1,2015-01-30,EV,ATL,"Atlanta, GA",CAE,"Columbia, SC",-3.0,-13.0,0.0,0.0,192.0,,,,,
2015,1,2015-01-20,OO,CID,"Cedar Rapids/Iowa City, IA",ATL,"Atlanta, GA",-6.0,-1.0,0.0,0.0,694.0,,,,,
2015,1,2015-01-27,WN,ATL,"Atlanta, GA",DEN,"Denver, CO",-7.0,-18.0,0.0,0.0,1199.0,,,,,
2015,1,2015-01-06,DL,SLC,"Salt Lake City, UT",ATL,"Atlanta, GA",0.0,19.0,0.0,0.0,1590.0,0.0,0.0,19.0,0.0,0.0
2015,1,2015-01-19,WN,ATL,"Atlanta, GA",DTW,"Detroit, MI",-2.0,-16.0,0.0,0.0,594.0,,,,,
2015,1,2015-01-08,DL,CLT,"Charlotte, NC",ATL,"Atlanta, GA",-2.0,-15.0,0.0,0.0,226.0,,,,,
2015,1,2015-01-12,DL,TUS,"Tucson, AZ",ATL,"Atlanta, GA",-2.0,-14.0,0.0,0.0,1541.0,,,,,
2015,1,2015-01-06,EV,ATL,"Atlanta, GA",GPT,"Gulfport/Biloxi, MS",-4.0,-16.0,0.0,0.0,352.0,,,,,
2015,1,2015-01-29,OO,SBN,"South Bend, IN",ATL,"Atlanta, GA",15.0,-4.0,0.0,0.0,566.0,,,,,
2015,1,2015-01-02,EV,ATL,"Atlanta, GA",LFT,"Lafayette, LA",3.0,6.0,0.0,0.0,503.0,,,,,
2015,1,2015-01-14,WN,ATL,"Atlanta, GA",PHL,"Philadelphia, PA",-6.0,-19.0,0.0,0.0,666.0,,,,,
2015,1,2015-01-14,WN,MCO,"Orlando, FL",ATL,"Atlanta, GA",-2.0,-21.0,0.0,0.0,404.0,,,,,
2015,1,2015-01-26,DL,STT,"Charlotte Amalie, VI",ATL,"Atlanta, GA",-5.0,-4.0,0.0,0.0,1599.0,,,,,
2015,1,2015-01-09,DL,RDU,"Raleigh/Durham, NC",ATL,"Atlanta, GA",-3.0,-12.0,0.0,0.0,356.0,,,,,
2015,1,2015-01-19,DL,ATL,"Atlanta, GA",OKC,"Oklahoma City, OK",-3.0,-23.0,0.0,0.0,761.0,,,,,
2015,1,2015-01-30,DL,ATL,"Atlanta, GA",DCA,"Washington, DC",-1.0,21.0,0.0,0.0,547.0,0.0,0.0,21.0,0.0,0.0
2015,1,2015-01-13,DL,ATL,"Atlanta, GA",GRR,"Grand Rapids, MI",48.0,37.0,0.0,0.0,640.0,5.0,0.0,0.0,0.0,32.0
2015,1,2015-01-30,DL,SAV,"Savannah, GA",ATL,"Atlanta, GA",-2.0,3.0,0.0,0.0,214.0,,,,,
2015,1,2015-01-15,WN,ATL,"Atlanta, GA",SAT,"San Antonio, TX",2.0,1.0,0.0,0.0,874.0,,,,,
2015,1,2015-01-21,DL,ATL,"Atlanta, GA",JFK,"New York, NY",-2.0,-9.0,0.0,0.0,760.0,,,,,
2015,1,2015-01-28,DL,ATL,"Atlanta, GA",JAN,"Jackson/Vicksburg, MS",-1.0,-6.0,0.0,0.0,341.0,,,,,
2015,1,2015-01-26,DL,ATL,"Atlanta, GA",PIT,"Pittsburgh, PA",-2.0,-8.0,0.0,0.0,526.0,,,,,
2015,1,2015-01-23,DL,RDU,"Raleigh/Durham, NC",ATL,"Atlanta, GA",-4.0,-7.0,0.0,0.0,356.0,,,,,
2015,1,2015-01-27,DL,BDL,"Hartford, CT",ATL,"Atlanta, GA",,,1.0,0.0,859.0,,,,,
2015,1,2015-01-22,DL,PHX,"Phoenix, AZ",ATL,"Atlanta, GA",-5.0,-8.0,0.0,0.0,1587.0,,,,,
2015,1,2015-01-26,DL,AUS,"Austin, TX",ATL,"Atlanta, GA",-3.0,14.0,0.0,0.0,813.0,,,,,
2015,1,2015-01-29,DL,IAD,"Washington, DC",ATL,"Atlanta, GA",6.0,-4.0,0.0,0.0,534.0,,,,,
2015,1,2015-01-06,WN,PHL,"Philadelphia, PA",ATL,"Atlanta, GA",38.0,67.0,0.0,0.0,666.0,17.0,0.0,29.0,0.0,21.0
2015,1,2015-01-15,DL,MLB,"Melbourne, FL",ATL,"Atlanta, GA",11.0,10.0,0.0,0.0,442.0,,,,,
2015,1,2015-01-23,DL,ATL,"Atlanta, GA",PNS,"Pensacola, FL",-2.0,-2.0,0.0,0.0,271.0,,,,,
2015,1,2015-01-19,DL,ATL,"Atlanta, GA",PHL,"Philadelphia, PA",-3.0,-3.0,0.0,0.0,666.0,,,,,
2015,1,2015-01-06,DL,MSY,"New Orleans, LA",ATL,"Atlanta, GA",-6.0,-18.0,0.0,0.0,425.0,,,,,
2015,1,2015-01-15,DL,ATL,"Atlanta, GA",CAK,"Akron, OH",-1.0,-4.0,0.0,0.0,528.0,,,,,
2015,1,2015-01-29,DL,ATL,"Atlanta, GA",DFW,"Dallas/Fort Worth, TX",6.0,-2.0,0.0,0.0,731.0,,,,,
2015,1,2015-01-08,DL,ATL,"Atlanta, GA",SFO,"San Francisco, CA",-1.0,-30.0,0.0,0.0,2139.0,,,,,
2015,1,2015-01-13,DL,ATL,"Atlanta, GA",CLE,"Cleveland, OH",8.0,1.0,0.0,0.0,554.0,,,,,
2015,1,2015-01-09,EV,ATL,"Atlanta, GA",MOB,"Mobile, AL",-5.0,-7.0,0.0,0.0,302.0,,,,,
2015,1,2015-01-09,DL,JFK,"New York, NY",ATL,"Atlanta, GA",162.0,188.0,0.0,0.0,760.0,0.0,162.0,26.0,0.0,0.0
2015,1,2015-01-21,EV,ATL,"Atlanta, GA",ALB,"Albany, NY",18.0,16.0,0.0,0.0,853.0,9.0,0.0,0.0,0.0,7.0
2015,1,2015-01-14,AA,MIA,"Miami, FL",ATL,"Atlanta, GA",-2.0,8.0,0.0,0.0,594.0,,,,,
2015,1,2015-01-14,EV,ATL,"Atlanta, GA",MOB,"Mobile, AL",5.0,11.0,0.0,0.0,302.0,,,,,
2015,1,2015-01-25,DL,SFO,"San Francisco, CA",ATL,"Atlanta, GA",1.0,0.0,0.0,0.0,2139.0,,,,,
2015,1,2015-01-02,DL,PVD,"Providence, RI",ATL,"Atlanta, GA",3.0,7.0,0.0,0.0,903.0,,,,,
2015,1,2015-01-09,DL,ATL,"Atlanta, GA",DSM,"Des Moines, IA",-5.0,6.0,0.0,0.0,743.0,,,,,
2015,1,2015-01-03,EV,ATL,"Atlanta, GA",GSO,"Greensboro/High Point, NC",18.0,10.0,0.0,0.0,306.0,,,,,
2015,1,2015-01-22,WN,TPA,"Tampa, FL",ATL,"Atlanta, GA",-4.0,-4.0,0.0,0.0,406.0,,,,,
2015,1,2015-01-15,WN,ATL,"Atlanta, GA",MCI,"Kansas City, MO",-7.0,-11.0,0.0,0.0,692.0,,,,,
2015,1,2015-01-30,DL,ATL,"Atlanta, GA",MCO,"Orlando, FL",6.0,2.0,0.0,0.0,404.0,,,,,
2015,1,2015-01-20,EV,LEX,"Lexington, KY",ATL,"Atlanta, GA",-5.0,-5.0,0.0,0.0,304.0,,,,,
2015,1,2015-01-15,DL,ATL,"Atlanta, GA",MDT,"Harrisburg, PA",-2.0,4.0,0.0,0.0,620.0,,,,,
2015,1,2015-01-08,DL,SAN,"San Diego, CA",ATL,"Atlanta, GA",-2.0,-7.0,0.0,0.0,1892.0,,,,,
2015,1,2015-01-21,DL,ATL,"Atlanta, GA",RIC,"Richmond, VA",-5.0,-10.0,0.0,0.0,481.0,,,,,
2015,1,2015-01-22,WN,ATL,"Atlanta, GA",DCA,"Washington, DC",-6.0,-9.0,0.0,0.0,547.0,,,,,
2015,1,2015-01-13,EV,SGF,"Springfield, MO",ATL,"Atlanta, GA",13.0,7.0,0.0,0.0,563.0,,,,,
2015,1,2015-01-20,NK,IAH,"Houston, TX",ATL,"Atlanta, GA",1.0,-7.0,0.0,0.0,689.0,,,,,
2015,1,2015-01-30,DL,ATL,"Atlanta, GA",DTW,"Detroit, MI",14.0,35.0,0.0,0.0,594.0,14.0,0.0,21.0,0.0,0.0
2015,1,2015-01-22,DL,ATL,"Atlanta, GA",DTW,"Detroit, MI",0.0,-15.0,0.0,0.0,594.0,,,,,
2015,1,2015-01-09,DL,ATL,"Atlanta, GA",DTW,"Detroit, MI",0.0,-10.0,0.0,0.0,594.0,,,,,
2015,1,2015-01-16,DL,HOU,"Houston, TX",ATL,"Atlanta, GA",4.0,-4.0,0.0,0.0,696.0,,,,,
2015,1,2015-01-16,US,PHL,"Philadelphia, PA",ATL,"Atlanta, GA",-2.0,-36.0,0.0,0.0,666.0,,,,,
2015,1,2015-01-26,DL,ATL,"Atlanta, GA",IAH,"Houston, TX",-3.0,-24.0,0.0,0.0,689.0,,,,,
2015,1,2015-01-31,DL,ATL,"Atlanta, GA",CAE,"Columbia, SC",-11.0,-17.0,0.0,0.0,192.0,,,,,
2015,1,2015-01-10,WN,ATL,"Atlanta, GA",HOU,"Houston, TX",-3.0,-14.0,0.0,0.0,696.0,,,,,
2015,1,2015-01-05,WN,CAK,"Akron, OH",ATL,"Atlanta, GA",6.0,9.0,0.0,0.0,528.0,,,,,
2015,1,2015-01-03,DL,MSP,"Minneapolis, MN",ATL,"Atlanta, GA",-3.0,15.0,0.0,0.0,907.0,0.0,0.0,15.0,0.0,0.0
2015,1,2015-01-06,DL,PNS,"Pensacola, FL",ATL,"Atlanta, GA",-6.0,-8.0,0.0,0.0,271.0,,,,,
2015,1,2015-01-19,WN,JAX,"Jacksonville, FL",ATL,"Atlanta, GA",6.0,9.0,0.0,0.0,270.0,,,,,
2015,1,2015-01-23,WN,ATL,"Atlanta, GA",MDW,"Chicago, IL",-7.0,-21.0,0.0,0.0,591.0,,,,,
2015,1,2015-01-13,DL,OMA,"Omaha, NE",ATL,"Atlanta, GA",7.0,17.0,0.0,0.0,821.0,7.0,0.0,10.0,0.0,0.0
2015,1,2015-01-16,DL,ATL,"Atlanta, GA",SJU,"San Juan, PR",0.0,-21.0,0.0,0.0,1547.0,,,,,
2015,1,2015-01-20,DL,ATL,"Atlanta, GA",CLE,"Cleveland, OH",-6.0,-10.0,0.0,0.0,554.0,,,,,
2015,1,2015-01-19,DL,CLE,"Cleveland, OH",ATL,"Atlanta, GA",-3.0,-29.0,0.0,0.0,554.0,,,,,
2015,1,2015-01-28,UA,ATL,"Atlanta, GA",EWR,"Newark, NJ",-2.0,-11.0,0.0,0.0,746.0,,,,,
2015,1,2015-01-22,EV,ATL,"Atlanta, GA",TRI,"Bristol/Johnson City/Kingsport, TN",-6.0,-15.0,0.0,0.0,227.0,,,,,
2015,1,2015-01-31,DL,ATL,"Atlanta, GA",MSN,"Madison, WI",-1.0,-13.0,0.0,0.0,707.0,,,,,
2015,1,2015-01-29,DL,CHS,"Charleston, SC",ATL,"Atlanta, GA",-5.0,-10.0,0.0,0.0,259.0,,,,,
2015,1,2015-01-23,DL,ORD,"Chicago, IL",ATL,"Atlanta, GA",5.0,1.0,0.0,0.0,606.0,,,,,
2015,1,2015-01-02,DL,ATL,"Atlanta, GA",SAV,"Savannah, GA",5.0,-3.0,0.0,0.0,214.0,,,,,
2015,1,2015-01-01,US,PHX,"Phoenix, AZ",ATL,"Atlanta, GA",-8.0,2.0,0.0,0.0,1587.0,,,,,
2015,1,2015-01-28,DL,OKC,"Oklahoma City, OK",ATL,"Atlanta, GA",-13.0,-19.0,0.0,0.0,761.0,,,,,
2015,1,2015-01-08,EV,AEX,"Alexandria, LA",ATL,"Atlanta, GA",-6.0,0.0,0.0,0.0,500.0,,,,,
2015,1,2015-01-29,UA,SFO,"San Francisco, CA",ATL,"Atlanta, GA",-5.0,-2.0,0.0,0.0,2139.0,,,,,
2015,1,2015-01-06,DL,ATL,"Atlanta, GA",JAX,"Jacksonville, FL",44.0,35.0,0.0,0.0,270.0,35.0,0.0,0.0,0.0,0.0
2015,1,2015-01-31,DL,DAB,"Daytona Beach, FL",ATL,"Atlanta, GA",-4.0,-12.0,0.0,0.0,366.0,,,,,
2015,1,2015-01-08,DL,RIC,"Richmond, VA",ATL,"Atlanta, GA",-7.0,-20.0,0.0,0.0,481.0,,,,,
2015,1,2015-01-05,DL,ATL,"Atlanta, GA",HOU,"Houston, TX",0.0,-18.0,0.0,0.0,696.0,,,,,
2015,1,2015-01-16,DL,ATL,"Atlanta, GA",BDL,"Hartford, CT",4.0,1.0,0.0,0.0,859.0,,,,,
2015,1,2015-01-09,DL,ECP,"Panama City, FL",ATL,"Atlanta, GA",-7.0,-22.0,0.0,0.0,240.0,,,,,
2015,1,2015-01-11,DL,PNS,"Pensacola, FL",ATL,"Atlanta, GA",-2.0,-2.0,0.0,0.0,271.0,,,,,
2015,1,2015-01-25,DL,DAB,"Daytona Beach, FL",ATL,"Atlanta, GA",-1.0,-13.0,0.0,0.0,366.0,,,,,
2015,1,2015-01-29,DL,PIT,"Pittsburgh, PA",ATL,"Atlanta, GA",7.0,-19.0,0.0,0.0,526.0,,,,,
2015,1,2015-01-24,DL,ATL,"Atlanta, GA",MEM,"Memphis, TN",-2.0,3.0,0.0,0.0,332.0,,,,,
2015,1,2015-01-19,DL,ATL,"Atlanta, GA",GSO,"Greensboro/High Point, NC",4.0,4.0,0.0,0.0,306.0,,,,,
2015,1,2015-01-08,DL,MCO,"Orlando, FL",ATL,"Atlanta, GA",-1.0,-7.0,0.0,0.0,404.0,,,,,
2015,1,2015-01-16,DL,ATL,"Atlanta, GA",PHL,"Philadelphia, PA",-3.0,0.0,0.0,0.0,666.0,,,,,
2015,1,2015-01-25,DL,ATL,"Atlanta, GA",SRQ,"Sarasota/Bradenton, FL",0.0,-8.0,0.0,0.0,444.0,,,,,
2015,1,2015-01-30,DL,ATL,"Atlanta, GA",MDW,"Chicago, IL",-1.0,-6.0,0.0,0.0,591.0,,,,,
2015,1,2015-01-14,WN,ATL,"Atlanta, GA",DCA,"Washington, DC",14.0,-1.0,0.0,0.0,547.0,,,,,
2015,1,2015-01-06,DL,MHT,"Manchester, NH",ATL,"Atlanta, GA",3.0,0.0,0.0,0.0,952.0,,,,,
2015,1,2015-01-07,DL,MKE,"Milwaukee, WI",ATL,"Atlanta, GA",2.0,-18.0,0.0,0.0,669.0,,,,,
2015,1,2015-01-12,EV,VPS,"Valparaiso, FL",ATL,"Atlanta, GA",106.0,117.0,0.0,0.0,250.0,0.0,0.0,11.0,0.0,106.0
2015,1,2015-01-19,EV,ATL,"Atlanta, GA",LEX,"Lexington, KY",-3.0,-3.0,0.0,0.0,304.0,,,,,
2015,1,2015-01-01,EV,CHA,"Chattanooga, TN",ATL,"Atlanta, GA",-5.0,-25.0,0.0,0.0,106.0,,,,,
2015,1,2015-01-06,DL,ATL,"Atlanta, GA",PBI,"West Palm Beach/Palm Beach, FL",-1.0,-18.0,0.0,0.0,545.0,,,,,
2015,1,2015-01-03,EV,BTR,"Baton Rouge, LA",ATL,"Atlanta, GA",27.0,30.0,0.0,0.0,448.0,14.0,0.0,3.0,0.0,13.0
2015,1,2015-01-14,DL,ATL,"Atlanta, GA",SAV,"Savannah, GA",0.0,-7.0,0.0,0.0,214.0,,,,,
2015,1,2015-01-18,DL,DTW,"Detroit, MI",ATL,"Atlanta, GA",6.0,-24.0,0.0,0.0,594.0,,,,,
2015,1,2015-01-07,DL,FLL,"Fort Lauderdale, FL",ATL,"Atlanta, GA",-3.0,-17.0,0.0,0.0,581.0,,,,,
2015,1,2015-01-29,DL,ATL,"Atlanta, GA",ORD,"Chicago, IL",73.0,63.0,0.0,0.0,606.0,63.0,0.0,0.0,0.0,0.0
2015,1,2015-01-01,DL,ATL,"Atlanta, GA",DCA,"Washington, DC",-3.0,-1.0,0.0,0.0,547.0,,,,,
2015,1,2015-01-27,EV,ATL,"Atlanta, GA",MOB,"Mobile, AL",-6.0,-6.0,0.0,0.0,302.0,,,,,
2015,1,2015-01-16,DL,ATL,"Atlanta, GA",BHM,"Birmingham, AL",-1.0,-10.0,0.0,0.0,134.0,,,,,
2015,1,2015-01-09,DL,ATL,"Atlanta, GA",SAN,"San Diego, CA",-1.0,-35.0,0.0,0.0,1892.0,,,,,
2015,1,2015-01-01,EV,ATL,"Atlanta, GA",CHA,"Chattanooga, TN",-4.0,-4.0,0.0,0.0,106.0,,,,,
2015,1,2015-01-22,DL,CHS,"Charleston, SC",ATL,"Atlanta, GA",-6.0,-8.0,0.0,0.0,259.0,,,,,
2015,1,2015-01-09,WN,ATL,"Atlanta, GA",FLL,"Fort Lauderdale, FL",-3.0,-16.0,0.0,0.0,581.0,,,,,
2015,1,2015-01-25,DL,ATL,"Atlanta, GA",MSN,"Madison, WI",-3.0,-16.0,0.0,0.0,707.0,,,,,
2015,1,2015-01-20,DL,ATL,"Atlanta, GA",SEA,"Seattle, WA",-1.0,-17.0,0.0,0.0,2182.0,,,,,
2015,1,2015-01-14,DL,EWR,"Newark, NJ",ATL,"Atlanta, GA",-1.0,-8.0,0.0,0.0,746.0,,,,,
2015,1,2015-01-21,DL,ATL,"Atlanta, GA",PVD,"Providence, RI",-3.0,-12.0,0.0,0.0,903.0,,,,,
2015,1,2015-01-09,EV,ILM,"Wilmington, NC",ATL,"Atlanta, GA",-3.0,-6.0,0.0,0.0,377.0,,,,,
2015,1,2015-01-03,DL,ATL,"Atlanta, GA",MCO,"Orlando, FL",16.0,8.0,0.0,0.0,404.0,,,,,
2015,1,2015-01-20,EV,ATL,"Atlanta, GA",TLH,"Tallahassee, FL",-4.0,-7.0,0.0,0.0,223.0,,,,,
2015,1,2015-01-15,DL,RDU,"Raleigh/Durham, NC",ATL,"Atlanta, GA",31.0,12.0,0.0,0.0,356.0,,,,,
2015,1,2015-01-07,DL,MEM,"Memphis, TN",ATL,"Atlanta, GA",-2.0,-16.0,0.0,0.0,332.0,,,,,
2015,1,2015-01-24,DL,ATL,"Atlanta, GA",MCO,"Orlando, FL",-1.0,23.0,0.0,0.0,404.0,0.0,0.0,23.0,0.0,0.0
2015,1,2015-01-27,WN,DEN,"Denver, CO",ATL,"Atlanta, GA",0.0,-19.0,0.0,0.0,1199.0,,,,,
2015,1,2015-01-26,DL,PHL,"Philadelphia, PA",ATL,"Atlanta, GA",12.0,39.0,0.0,0.0,666.0,12.0,0.0,27.0,0.0,0.0
2015,1,2015-01-12,EV,ATL,"Atlanta, GA",BTR,"Baton Rouge, LA",66.0,59.0,0.0,0.0,448.0,0.0,0.0,0.0,0.0,59.0
2015,1,2015-01-03,DL,ATL,"Atlanta, GA",FLL,"Fort Lauderdale, FL",13.0,8.0,0.0,0.0,581.0,,,,,
2015,1,2015-01-22,DL,CAE,"Columbia, SC",ATL,"Atlanta, GA",-2.0,1.0,0.0,0.0,192.0,,,,,
2015,1,2015-01-17,EV,OKC,"Oklahoma City, OK",ATL,"Atlanta, GA",-12.0,-14.0,0.0,0.0,761.0,,,,,
2015,1,2015-01-30,DL,CLT,"Charlotte, NC",ATL,"Atlanta, GA",-2.0,-20.0,0.0,0.0,226.0,,,,,
2015,1,2015-01-02,DL,ATL,"Atlanta, GA",MDW,"Chicago, IL",3.0,-3.0,0.0,0.0,591.0,,,,,
2015,1,2015-01-30,DL,ATL,"Atlanta, GA",IAH,"Houston, TX",-3.0,-1.0,0.0,0.0,689.0,,,,,
2015,1,2015-01-23,EV,ATL,"Atlanta, GA",TRI,"Bristol/Johnson City/Kingsport, TN",27.0,28.0,0.0,0.0,227.0,27.0,0.0,1.0,0.0,0.0
2015,1,2015-01-27,DL,ATL,"Atlanta, GA",TUL,"Tulsa, OK",-4.0,-24.0,0.0,0.0,674.0,,,,,
2015,1,2015-01-29,DL,ATL,"Atlanta, GA",MSY,"New Orleans, LA",-5.0,-17.0,0.0,0.0,425.0,,,,,
2015,1,2015-01-30,DL,ATL,"Atlanta, GA",FLL,"Fort Lauderdale, FL",-2.0,-6.0,0.0,0.0,581.0,,,,,
2015,1,2015-01-19,DL,ATL,"Atlanta, GA",DFW,"Dallas/Fort Worth, TX",0.0,-21.0,0.0,0.0,731.0,,,,,
2015,1,2015-01-12,EV,AGS,"Augusta, GA",ATL,"Atlanta, GA",16.0,72.0,0.0,0.0,143.0,16.0,0.0,56.0,0.0,0.0
2015,1,2015-01-26,WN,ATL,"Atlanta, GA",BDL,"Hartford, CT",,,1.0,0.0,859.0,,,,,
2015,1,2015-01-11,WN,ATL,"Atlanta, GA",RDU,"Raleigh/Durham, NC",-5.0,-19.0,0.0,0.0,356.0,,,,,
2015,1,2015-01-18,DL,ATL,"Atlanta, GA",HOU,"Houston, TX",38.0,1.0,0.0,0.0,696.0,,,,,
2015,1,2015-01-16,DL,LAX,"Los Angeles, CA",ATL,"Atlanta, GA",2.0,-3.0,0.0,0.0,1947.0,,,,,
2015,1,2015-01-12,DL,LAS,"Las Vegas, NV",ATL,"Atlanta, GA",6.0,-2.0,0.0,0.0,1747.0,,,,,
2015,1,2015-01-07,EV,CHO,"Charlottesville, VA",ATL,"Atlanta, GA",-6.0,-8.0,0.0,0.0,457.0,,,,,
2015,1,2015-01-07,EV,ATL,"Atlanta, GA",CHA,"Chattanooga, TN",8.0,2.0,0.0,0.0,106.0,,,,,
2015,1,2015-01-30,DL,MKE,"Milwaukee, WI",ATL,"Atlanta, GA",4.0,-23.0,0.0,0.0,669.0,,,,,
2015,1,2015-01-19,DL,BNA,"Nashville, TN",ATL,"Atlanta, GA",-2.0,-25.0,0.0,0.0,214.0,,,,,
2015,1,2015-01-22,DL,ATL,"Atlanta, GA",TUS,"Tucson, AZ",2.0,-21.0,0.0,0.0,1541.0,,,,,
2015,1,2015-01-17,F9,ATL,"Atlanta, GA",DEN,"Denver, CO",13.0,21.0,0.0,0.0,1199.0,13.0,0.0,8.0,0.0,0.0
2015,1,2015-01-24,DL,OKC,"Oklahoma City, OK",ATL,"Atlanta, GA",-7.0,-12.0,0.0,0.0,761.0,,,,,
2015,1,2015-01-21,DL,BNA,"Nashville, TN",ATL,"Atlanta, GA",-4.0,-23.0,0.0,0.0,214.0,,,,,
2015,1,2015-01-22,DL,RSW,"Fort Myers, FL",ATL,"Atlanta, GA",-3.0,-10.0,0.0,0.0,515.0,,,,,
2015,1,2015-01-14,NK,ATL,"Atlanta, GA",DFW,"Dallas/Fort Worth, TX",-9.0,-6.0,0.0,0.0,731.0,,,,,
2015,1,2015-01-30,DL,ATL,"Atlanta, GA",MDW,"Chicago, IL",-4.0,5.0,0.0,0.0,591.0,,,,,
2015,1,2015-01-20,EV,AGS,"Augusta, GA",ATL,"Atlanta, GA",-6.0,-20.0,0.0,0.0,143.0,,,,,
2015,1,2015-01-15,EV,ATL,"Atlanta, GA",OKC,"Oklahoma City, OK",-1.0,0.0,0.0,0.0,761.0,,,,,
2015,1,2015-01-03,DL,VPS,"Valparaiso, FL",ATL,"Atlanta, GA",-3.0,-4.0,0.0,0.0,250.0,,,,,
2015,1,2015-01-21,DL,BNA,"Nashville, TN",ATL,"Atlanta, GA",0.0,-11.0,0.0,0.0,214.0,,,,,
2015,1,2015-01-23,WN,JAX,"Jacksonville, FL",ATL,"Atlanta, GA",-3.0,47.0,0.0,0.0,270.0,0.0,0.0,47.0,0.0,0.0
2015,1,2015-01-07,DL,SAV,"Savannah, GA",ATL,"Atlanta, GA",6.0,-6.0,0.0,0.0,214.0,,,,,
2015,1,2015-01-27,EV,ATL,"Atlanta, GA",MOB,"Mobile, AL",14.0,1.0,0.0,0.0,302.0,,,,,
2015,1,2015-01-07,DL,ATL,"Atlanta, GA",CMH,"Columbus, OH",25.0,22.0,0.0,0.0,447.0,14.0,0.0,0.0,0.0,8.0
2015,1,2015-01-25,DL,BHM,"Birmingham, AL",ATL,"Atlanta, GA",0.0,-11.0,0.0,0.0,134.0,,,,,
2015,1,2015-01-27,DL,ATL,"Atlanta, GA",OKC,"Oklahoma City, OK",-1.0,-7.0,0.0,0.0,761.0,,,,,
2015,1,2015-01-22,UA,ORD,"Chicago, IL",ATL,"Atlanta, GA",-6.0,-14.0,0.0,0.0,606.0,,,,,
2015,1,2015-01-11,WN,TPA,"Tampa, FL",ATL,"Atlanta, GA",-4.0,-4.0,0.0,0.0,406.0,,,,,
2015,1,2015-01-25,DL,ATL,"Atlanta, GA",FNT,"Flint, MI",-3.0,-13.0,0.0,0.0,645.0,,,,,
2015,1,2015-01-22,DL,ATL,"Atlanta, GA",SFO,"San Francisco, CA",7.0,-12.0,0.0,0.0,2139.0,,,,,
2015,1,2015-01-27,EV,FAY,"Fayetteville, NC",ATL,"Atlanta, GA",-6.0,-16.0,0.0,0.0,331.0,,,,,
2015,1,2015-01-28,DL,ATL,"Atlanta, GA",SRQ,"Sarasota/Bradenton, FL",-5.0,-13.0,0.0,0.0,444.0,,,,,
2015,1,2015-01-25,DL,LGA,"New York, NY",ATL,"Atlanta, GA",0.0,-25.0,0.0,0.0,762.0,,,,,
2015,1,2015-01-15,EV,MGM,"Montgomery, AL",ATL,"Atlanta, GA",32.0,51.0,0.0,0.0,147.0,19.0,0.0,19.0,0.0,13.0
2015,1,2015-01-08,EV,MOB,"Mobile, AL",ATL,"Atlanta, GA",-5.0,-11.0,0.0,0.0,302.0,,,,,
2015,1,2015-01-10,DL,BHM,"Birmingham, AL",ATL,"Atlanta, GA",-1.0,-15.0,0.0,0.0,134.0,,,,,
2015,1,2015-01-09,DL,ATL,"Atlanta, GA",TLH,"Tallahassee, FL",14.0,8.0,0.0,0.0,223.0,,,,,
2015,1,2015-01-13,DL,ATL,"Atlanta, GA",PDX,"Portland, OR",-4.0,-22.0,0.0,0.0,2172.0,,,,,
2015,1,2015-01-30,EV,ATL,"Atlanta, GA",HPN,"White Plains, NY",-5.0,5.0,0.0,0.0,780.0,,,,,
2015,1,2015-01-30,DL,ATL,"Atlanta, GA",ROC,"Rochester, NY",-1.0,-4.0,0.0,0.0,749.0,,,,,
2015,1,2015-01-29,DL,ATL,"Atlanta, GA",ABE,"Allentown/Bethlehem/Easton, PA",20.0,32.0,0.0,0.0,692.0,0.0,0.0,12.0,0.0,20.0
2015,1,2015-01-05,DL,AUS,"Austin, TX",ATL,"Atlanta, GA",-3.0,-20.0,0.0,0.0,813.0,,,,,
2015,1,2015-01-29,DL,ATL,"Atlanta, GA",BOS,"Boston, MA",16.0,17.0,0.0,0.0,946.0,0.0,0.0,17.0,0.0,0.0
2015,1,2015-01-23,US,CLT,"Charlotte, NC",ATL,"Atlanta, GA",20.0,32.0,0.0,0.0,226.0,0.0,0.0,12.0,0.0,20.0
2015,1,2015-01-03,EV,ATL,"Atlanta, GA",OAJ,"Jacksonville/Camp Lejeune, NC",15.0,33.0,0.0,0.0,399.0,15.0,0.0,18.0,0.0,0.0
2015,1,2015-01-02,DL,MEM,"Memphis, TN",ATL,"Atlanta, GA",3.0,5.0,0.0,0.0,332.0,,,,,
2015,1,2015-01-03,DL,ATL,"Atlanta, GA",LAS,"Las Vegas, NV",0.0,-23.0,0.0,0.0,1747.0,,,,,
2015,1,2015-01-31,DL,BNA,"Nashville, TN",ATL,"Atlanta, GA",-6.0,-9.0,0.0,0.0,214.0,,,,,
2015,1,2015-01-11,DL,STL,"St. Louis, MO",ATL,"Atlanta, GA",-11.0,-27.0,0.0,0.0,484.0,,,,,
2015,1,2015-01-25,WN,MCI,"Kansas City, MO",ATL,"Atlanta, GA",-3.0,-19.0,0.0,0.0,692.0,,,,,
2015,1,2015-01-08,AA,DFW,"Dallas/Fort Worth, TX",ATL,"Atlanta, GA",-6.0,-5.0,0.0,0.0,731.0,,,,,
2015,1,2015-01-26,UA,EWR,"Newark, NJ",ATL,"Atlanta, GA",37.0,32.0,0.0,0.0,746.0,0.0,28.0,0.0,0.0,4.0
2015,1,2015-01-20,DL,DAY,"Dayton, OH",ATL,"Atlanta, GA",4.0,-12.0,0.0,0.0,432.0,,,,,
2015,1,2015-01-16,DL,ATL,"Atlanta, GA",DAY,"Dayton, OH",-1.0,-10.0,0.0,0.0,432.0,,,,,
2015,1,2015-01-07,DL,ATL,"Atlanta, GA",DCA,"Washington, DC",17.0,10.0,0.0,0.0,547.0,,,,,
2015,1,2015-01-02,DL,ATL,"Atlanta, GA",BUF,"Buffalo, NY",-1.0,10.0,0.0,0.0,712.0,,,,,
2015,1,2015-01-15,WN,SAN,"San Diego, CA",ATL,"Atlanta, GA",9.0,15.0,0.0,0.0,1892.0,9.0,0.0,6.0,0.0,0.0
2015,1,2015-01-07,EV,ROA,"Roanoke, VA",ATL,"Atlanta, GA",-3.0,-8.0,0.0,0.0,357.0,,,,,
2015,1,2015-01-02,DL,ATL,"Atlanta, GA",RSW,"Fort Myers, FL",-1.0,-3.0,0.0,0.0,515.0,,,,,
2015,1,2015-01-17,DL,ATL,"Atlanta, GA",DTW,"Detroit, MI",0.0,-10.0,0.0,0.0,594.0,,,,,
2015,1,2015-01-21,EV,BQK,"Brunswick, GA",ATL,"Atlanta, GA",-2.0,-3.0,0.0,0.0,238.0,,,,,
2015,1,2015-01-13,DL,CHS,"Charleston, SC",ATL,"Atlanta, GA",163.0,167.0,0.0,0.0,259.0,0.0,0.0,4.0,0.0,163.0
2015,1,2015-01-07,WN,ATL,"Atlanta, GA",RIC,"Richmond, VA",-5.0,-25.0,0.0,0.0,481.0,,,,,
2015,1,2015-01-07,DL,ATL,"Atlanta, GA",MDW,"Chicago, IL",-3.0,3.0,0.0,0.0,591.0,,,,,
2015,1,2015-01-29,DL,ATL,"Atlanta, GA",ALB,"Albany, NY",6.0,2.0,0.0,0.0,853.0,,,,,
2015,1,2015-01-06,DL,BNA,"Nashville, TN",ATL,"Atlanta, GA",-2.0,-3.0,0.0,0.0,214.0,,,,,
2015,1,2015-01-04,DL,ATL,"Atlanta, GA",BOS,"Boston, MA",-1.0,-15.0,0.0,0.0,946.0,,,,,
2015,1,2015-01-25,DL,MSY,"New Orleans, LA",ATL,"Atlanta, GA",10.0,-2.0,0.0,0.0,425.0,,,,,
2015,1,2015-01-22,DL,MCI,"Kansas City, MO",ATL,"Atlanta, GA",-6.0,-15.0,0.0,0.0,692.0,,,,,
2015,1,2015-01-01,DL,MSY,"New Orleans, LA",ATL,"Atlanta, GA",0.0,-5.0,0.0,0.0,425.0,,,,,
2015,1,2015-01-13,DL,FAY,"Fayetteville, NC",ATL,"Atlanta, GA",-7.0,-33.0,0.0,0.0,331.0,,,,,
2015,1,2015-01-26,EV,ATL,"Atlanta, GA",TUL,"Tulsa, OK",-5.0,-8.0,0.0,0.0,674.0,,,,,
2015,1,2015-01-29,DL,GRR,"Grand Rapids, MI",ATL,"Atlanta, GA",1011.0,1011.0,0.0,0.0,640.0,1011.0,0.0,0.0,0.0,0.0
2015,1,2015-01-05,DL,MDW,"Chicago, IL",ATL,"Atlanta, GA",-2.0,-27.0,0.0,0.0,591.0,,,,,
2015,1,2015-01-12,DL,ATL,"Atlanta, GA",ORF,"Norfolk, VA",27.0,23.0,0.0,0.0,516.0,23.0,0.0,0.0,0.0,0.0
2015,1,2015-01-02,EV,GSO,"Greensboro/High Point, NC",ATL,"Atlanta, GA",0.0,8.0,0.0,0.0,306.0,,,,,
2015,1,2015-01-28,EV,ATL,"Atlanta, GA",TRI,"Bristol/Johnson City/Kingsport, TN",0.0,-6.0,0.0,0.0,227.0,,,,,
2015,1,2015-01-26,DL,ATL,"Atlanta, GA",CLE,"Cleveland, OH",-2.0,-14.0,0.0,0.0,554.0,,,,,
2015,1,2015-01-12,DL,MCI,"Kansas City, MO",ATL,"Atlanta, GA",91.0,83.0,0.0,0.0,692.0,0.0,0.0,77.0,0.0,6.0
2015,1,2015-01-23,EV,MYR,"Myrtle Beach, SC",ATL,"Atlanta, GA",-4.0,11.0,0.0,0.0,317.0,,,,,
2015,1,2015-01-19,DL,PDX,"Portland, OR",ATL,"Atlanta, GA",-3.0,-33.0,0.0,0.0,2172.0,,,,,
2015,1,2015-01-07,US,ATL,"Atlanta, GA",PHL,"Philadelphia, PA",-7.0,-11.0,0.0,0.0,666.0,,,,,
2015,1,2015-01-18,DL,SEA,"Seattle, WA",ATL,"Atlanta, GA",-3.0,-15.0,0.0,0.0,2182.0,,,,,
2015,1,2015-01-12,DL,ATL,"Atlanta, GA",DTW,"Detroit, MI",119.0,97.0,0.0,0.0,594.0,35.0,0.0,0.0,0.0,62.0
2015,1,2015-01-23,DL,PBI,"West Palm Beach/Palm Beach, FL",ATL,"Atlanta, GA",-5.0,-3.0,0.0,0.0,545.0,,,,,
2015,1,2015-01-05,DL,BHM,"Birmingham, AL",ATL,"Atlanta, GA",-3.0,-28.0,0.0,0.0,134.0,,,,,
2015,1,2015-01-26,DL,ATL,"Atlanta, GA",BUF,"Buffalo, NY",-4.0,-13.0,0.0,0.0,712.0,,,,,
2015,1,2015-01-25,EV,ABY,"Albany, GA",ATL,"Atlanta, GA",-4.0,-6.0,0.0,0.0,145.0,,,,,
2015,1,2015-01-27,DL,ATL,"Atlanta, GA",ELP,"El Paso, TX",-1.0,-18.0,0.0,0.0,1282.0,,,,,
2015,1,2015-01-15,DL,CLE,"Cleveland, OH",ATL,"Atlanta, GA",-2.0,-17.0,0.0,0.0,554.0,,,,,
2015,1,2015-01-17,DL,ATL,"Atlanta, GA",LAX,"Los Angeles, CA",-2.0,14.0,0.0,0.0,1947.0,,,,,
2015,1,2015-01-29,AA,DFW,"Dallas/Fort Worth, TX",ATL,"Atlanta, GA",-3.0,3.0,0.0,0.0,731.0,,,,,
2015,1,2015-01-07,EV,ATL,"Atlanta, GA",FAY,"Fayetteville, NC",-4.0,-11.0,0.0,0.0,331.0,,,,,
2015,1,2015-01-21,DL,ATL,"Atlanta, GA",PIT,"Pittsburgh, PA",-1.0,-8.0,0.0,0.0,526.0,,,,,
2015,1,2015-01-06,AA,MIA,"Miami, FL",ATL,"Atlanta, GA",-1.0,0.0,0.0,0.0,594.0,,,,,
2015,1,2015-01-14,DL,XNA,"Fayetteville, AR",ATL,"Atlanta, GA",2.0,-15.0,0.0,0.0,589.0,,,,,
2015,1,2015-01-06,DL,ATL,"Atlanta, GA",MYR,"Myrtle Beach, SC",-1.0,-4.0,0.0,0.0,317.0,,,,,
2015,1,2015-01-02,DL,FLL,"Fort Lauderdale, FL",ATL,"Atlanta, GA",23.0,18.0,0.0,0.0,581.0,18.0,0.0,0.0,0.0,0.0
2015,1,2015-01-11,WN,HOU,"Houston, TX",ATL,"Atlanta, GA",0.0,-8.0,0.0,0.0,696.0,,,,,
2015,1,2015-01-08,DL,TPA,"Tampa, FL",ATL,"Atlanta, GA",-3.0,-5.0,0.0,0.0,406.0,,,,,
2015,1,2015-01-16,EV,OAJ,"Jacksonville/Camp Lejeune, NC",ATL,"Atlanta, GA",17.0,8.0,0.0,0.0,399.0,,,,,
2015,1,2015-01-01,WN,BOS,"Boston, MA",ATL,"Atlanta, GA",18.0,13.0,0.0,0.0,946.0,,,,,
2015,1,2015-01-28,DL,MIA,"Miami, FL",ATL,"Atlanta, GA",-3.0,-3.0,0.0,0.0,594.0,,,,,
2015,1,2015-01-18,EV,PIA,"Peoria, IL",ATL,"Atlanta, GA",-4.0,-25.0,0.0,0.0,565.0,,,,,
2015,1,2015-01-17,DL,BHM,"Birmingham, AL",ATL,"Atlanta, GA",-4.0,-22.0,0.0,0.0,134.0,,,,,
2015,1,2015-01-03,WN,DAL,"Dallas, TX",ATL,"Atlanta, GA",55.0,42.0,0.0,0.0,721.0,5.0,0.0,0.0,0.0,37.0
2015,1,2015-01-16,DL,RSW,"Fort Myers, FL",ATL,"Atlanta, GA",-5.0,-6.0,0.0,0.0,515.0,,,,,
2015,1,2015-01-03,DL,DEN,"Denver, CO",ATL,"Atlanta, GA",5.0,20.0,0.0,0.0,1199.0,0.0,0.0,20.0,0.0,0.0
2015,1,2015-01-31,DL,MSP,"Minneapolis, MN",ATL,"Atlanta, GA",-6.0,-31.0,0.0,0.0,907.0,,,,,
2015,1,2015-01-15,DL,PBI,"West Palm Beach/Palm Beach, FL",ATL,"Atlanta, GA",-5.0,-8.0,0.0,0.0,545.0,,,,,
2015,1,2015-01-30,DL,BNA,"Nashville, TN",ATL,"Atlanta, GA",13.0,4.0,0.0,0.0,214.0,,,,,
2015,1,2015-01-10,DL,ATL,"Atlanta, GA",STX,"Christiansted, VI",-2.0,-14.0,0.0,0.0,1638.0,,,,,
2015,1,2015-01-26,DL,FLL,"Fort Lauderdale, FL",ATL,"Atlanta, GA",4.0,0.0,0.0,0.0,581.0,,,,,
2015,1,2015-01-05,DL,SDF,"Louisville, KY",ATL,"Atlanta, GA",-10.0,-7.0,0.0,0.0,321.0,,,,,
2015,1,2015-01-02,DL,ATL,"Atlanta, GA",TUL,"Tulsa, OK",-3.0,-24.0,0.0,0.0,674.0,,,,,
2015,1,2015-01-26,EV,ATL,"Atlanta, GA",OMA,"Omaha, NE",-8.0,3.0,0.0,0.0,821.0,,,,,
2015,1,2015-01-23,WN,ATL,"Atlanta, GA",PHX,"Phoenix, AZ",37.0,5.0,0.0,0.0,1587.0,,,,,
2015,1,2015-01-29,DL,ATL,"Atlanta, GA",ABQ,"Albuquerque, NM",-2.0,-1.0,0.0,0.0,1269.0,,,,,
2015,1,2015-01-16,DL,ATL,"Atlanta, GA",IND,"Indianapolis, IN",33.0,23.0,0.0,0.0,432.0,23.0,0.0,0.0,0.0,0.0
2015,1,2015-01-16,AA,ATL,"Atlanta, GA",DFW,"Dallas/Fort Worth, TX",-2.0,-26.0,0.0,0.0,731.0,,,,,
2015,1,2015-01-04,DL,ATL,"Atlanta, GA",LAS,"Las Vegas, NV",-1.0,-23.0,0.0,0.0,1747.0,,,,,
2015,1,2015-01-16,DL,ATL,"Atlanta, GA",DTW,"Detroit, MI",10.0,10.0,0.0,0.0,594.0,,,,,
2015,1,2015-01-30,EV,LEX,"Lexington, KY",ATL,"Atlanta, GA",-7.0,-23.0,0.0,0.0,304.0,,,,,
2015,1,2015-01-19,EV,ATL,"Atlanta, GA",AVL,"Asheville, NC",-9.0,-16.0,0.0,0.0,164.0,,,,,
2015,1,2015-01-16,EV,BTR,"Baton Rouge, LA",ATL,"Atlanta, GA",38.0,39.0,0.0,0.0,448.0,38.0,0.0,1.0,0.0,0.0
2015,1,2015-01-05,WN,ATL,"Atlanta, GA",IND,"Indianapolis, IN",38.0,36.0,0.0,0.0,432.0,35.0,0.0,0.0,0.0,1.0
2015,1,2015-01-20,DL,FLL,"Fort Lauderdale, FL",ATL,"Atlanta, GA",-1.0,-16.0,0.0,0.0,581.0,,,,,
2015,1,2015-01-05,DL,MDT,"Harrisburg, PA",ATL,"Atlanta, GA",-2.0,-14.0,0.0,0.0,620.0,,,,,
2015,1,2015-01-17,DL,ATL,"Atlanta, GA",BNA,"Nashville, TN",0.0,-1.0,0.0,0.0,214.0,,,,,
2015,1,2015-01-30,DL,RDU,"Raleigh/Durham, NC",ATL,"Atlanta, GA",-4.0,-19.0,0.0,0.0,356.0,,,,,
2015,1,2015-01-06,DL,ATL,"Atlanta, GA",SYR,"Syracuse, NY",-5.0,-11.0,0.0,0.0,794.0,,,,,
2015,1,2015-01-02,EV,ATL,"Atlanta, GA",XNA,"Fayetteville, AR",-5.0,-15.0,0.0,0.0,589.0,,,,,
2015,1,2015-01-21,DL,STL,"St. Louis, MO",ATL,"Atlanta, GA",8.0,-6.0,0.0,0.0,484.0,,,,,
2015,1,2015-01-05,DL,TPA,"Tampa, FL",ATL,"Atlanta, GA",-1.0,-12.0,0.0,0.0,406.0,,,,,
2015,1,2015-01-13,DL,ATL,"Atlanta, GA",FNT,"Flint, MI",20.0,17.0,0.0,0.0,645.0,4.0,0.0,0.0,0.0,13.0
2015,1,2015-01-23,DL,TPA,"Tampa, FL",ATL,"Atlanta, GA",29.0,34.0,0.0,0.0,406.0,4.0,0.0,5.0,0.0,25.0
2015,1,2015-01-28,DL,ATL,"Atlanta, GA",MSP,"Minneapolis, MN",0.0,-11.0,0.0,0.0,907.0,,,,,
2015,1,2015-01-13,DL,ATL,"Atlanta, GA",MEM,"Memphis, TN",-3.0,-4.0,0.0,0.0,332.0,,,,,
2015,1,2015-01-30,WN,ATL,"Atlanta, GA",RIC,"Richmond, VA",-4.0,-1.0,0.0,0.0,481.0,,,,,
2015,1,2015-01-03,DL,ATL,"Atlanta, GA",EWR,"Newark, NJ",192.0,181.0,0.0,0.0,746.0,181.0,0.0,0.0,0.0,0.0
2015,1,2015-01-21,DL,ATL,"Atlanta, GA",MKE,"Milwaukee, WI",-3.0,2.0,0.0,0.0,669.0,,,,,
2015,1,2015-01-11,EV,ILM,"Wilmington, NC",ATL,"Atlanta, GA",-9.0,1.0,0.0,0.0,377.0,,,,,
2015,1,2015-01-10,DL,AUS,"Austin, TX",ATL,"Atlanta, GA",0.0,-1.0,0.0,0.0,813.0,,,,,
2015,1,2015-01-22,DL,ATL,"Atlanta, GA",RSW,"Fort Myers, FL",-1.0,-11.0,0.0,0.0,515.0,,,,,
2015,1,2015-01-10,EV,PHF,"Newport News/Williamsburg, VA",ATL,"Atlanta, GA",91.0,110.0,0.0,0.0,508.0,91.0,0.0,19.0,0.0,0.0
2015,1,2015-01-19,DL,ATL,"Atlanta, GA",MEM,"Memphis, TN",6.0,0.0,0.0,0.0,332.0,,,,,
2015,1,2015-01-29,AA,ATL,"Atlanta, GA",DFW,"Dallas/Fort Worth, TX",-9.0,-17.0,0.0,0.0,731.0,,,,,
2015,1,2015-01-20,DL,ATL,"Atlanta, GA",HSV,"Huntsville, AL",-1.0,0.0,0.0,0.0,151.0,,,,,
2015,1,2015-01-06,DL,ATL,"Atlanta, GA",LAX,"Los Angeles, CA",3.0,-35.0,0.0,0.0,1947.0,,,,,
2015,1,2015-01-19,DL,ATL,"Atlanta, GA",HOU,"Houston, TX",0.0,-16.0,0.0,0.0,696.0,,,,,
2015,1,2015-01-30,DL,SYR,"Syracuse, NY",ATL,"Atlanta, GA",7.0,-13.0,0.0,0.0,794.0,,,,,
2015,1,2015-01-08,EV,OKC,"Oklahoma City, OK",ATL,"Atlanta, GA",0.0,-6.0,0.0,0.0,761.0,,,,,
2015,1,2015-01-22,EV,MLI,"Moline, IL",ATL,"Atlanta, GA",-1.0,0.0,0.0,0.0,633.0,,,,,
2015,1,2015-01-19,DL,RSW,"Fort Myers, FL",ATL,"Atlanta, GA",-8.0,-16.0,0.0,0.0,515.0,,,,,
2015,1,2015-01-25,US,PHX,"Phoenix, AZ",ATL,"Atlanta, GA",-3.0,4.0,0.0,0.0,1587.0,,,,,
2015,1,2015-01-03,DL,ATL,"Atlanta, GA",SAT,"San Antonio, TX",0.0,-12.0,0.0,0.0,874.0,,,,,
2015,1,2015-01-19,DL,MIA,"Miami, FL",ATL,"Atlanta, GA",-4.0,-14.0,0.0,0.0,594.0,,,,,
2015,1,2015-01-19,DL,ATL,"Atlanta, GA",PHX,"Phoenix, AZ",0.0,-8.0,0.0,0.0,1587.0,,,,,
2015,1,2015-01-30,DL,ATL,"Atlanta, GA",MCO,"Orlando, FL",-5.0,-17.0,0.0,0.0,404.0,,,,,
2015,1,2015-01-09,DL,OMA,"Omaha, NE",ATL,"Atlanta, GA",-1.0,-18.0,0.0,0.0,821.0,,,,,
2015,1,2015-01-07,AA,DFW,"Dallas/Fort Worth, TX",ATL,"Atlanta, GA",-3.0,-12.0,0.0,0.0,731.0,,,,,
2015,1,2015-01-26,UA,ATL,"Atlanta, GA",EWR,"Newark, NJ",,,1.0,0.0,746.0,,,,,
2015,1,2015-01-29,DL,ATL,"Atlanta, GA",MSY,"New Orleans, LA",-4.0,-11.0,0.0,0.0,425.0,,,,,
2015,1,2015-01-25,EV,OAJ,"Jacksonville/Camp Lejeune, NC",ATL,"Atlanta, GA",114.0,116.0,0.0,0.0,399.0,0.0,0.0,2.0,0.0,114.0
2015,1,2015-01-19,DL,ATL,"Atlanta, GA",BNA,"Nashville, TN",9.0,7.0,0.0,0.0,214.0,,,,,
2015,1,2015-01-23,DL,SLC,"Salt Lake City, UT",ATL,"Atlanta, GA",-5.0,11.0,0.0,0.0,1590.0,,,,,
2015,1,2015-01-24,DL,SAT,"San Antonio, TX",ATL,"Atlanta, GA",-5.0,-19.0,0.0,0.0,874.0,,,,,
2015,1,2015-01-25,DL,ATL,"Atlanta, GA",ORD,"Chicago, IL",7.0,5.0,0.0,0.0,606.0,,,,,
2015,1,2015-01-26,DL,ATL,"Atlanta, GA",PHX,"Phoenix, AZ",1.0,-12.0,0.0,0.0,1587.0,,,,,
2015,1,2015-01-25,MQ,LGA,"New York, NY",ATL,"Atlanta, GA",-5.0,0.0,0.0,0.0,762.0,,,,,
2015,1,2015-01-09,EV,ATL,"Atlanta, GA",PHF,"Newport News/Williamsburg, VA",-3.0,-1.0,0.0,0.0,508.0,,,,,
2015,1,2015-01-01,DL,ATL,"Atlanta, GA",LAX,"Los Angeles, CA",-1.0,-15.0,0.0,0.0,1947.0,,,,,
2015,1,2015-01-07,EV,GSP,"Greer, SC",ATL,"Atlanta, GA",-5.0,-13.0,0.0,0.0,153.0,,,,,
2015,1,2015-01-27,EV,ATL,"Atlanta, GA",FAY,"Fayetteville, NC",107.0,102.0,0.0,0.0,331.0,0.0,0.0,0.0,0.0,102.0
2015,1,2015-01-10,EV,ATL,"Atlanta, GA",MYR,"Myrtle Beach, SC",-6.0,-16.0,0.0,0.0,317.0,,,,,
2015,1,2015-01-12,DL,ATL,"Atlanta, GA",FLL,"Fort Lauderdale, FL",26.0,30.0,0.0,0.0,581.0,0.0,26.0,4.0,0.0,0.0
2015,1,2015-01-29,DL,ATL,"Atlanta, GA",BDL,"Hartford, CT",-3.0,-11.0,0.0,0.0,859.0,,,,,
2015,1,2015-01-30,DL,SHV,"Shreveport, LA",ATL,"Atlanta, GA",-3.0,-11.0,0.0,0.0,551.0,,,,,
2015,1,2015-01-28,DL,SAN,"San Diego, CA",ATL,"Atlanta, GA",-1.0,-19.0,0.0,0.0,1892.0,,,,,
2015,1,2015-01-26,DL,AUS,"Austin, TX",ATL,"Atlanta, GA",-5.0,7.0,0.0,0.0,813.0,,,,,
2015,1,2015-01-13,DL,ATL,"Atlanta, GA",RDU,"Raleigh/Durham, NC",-3.0,-6.0,0.0,0.0,356.0,,,,,
2015,1,2015-01-17,DL,ATL,"Atlanta, GA",SNA,"Santa Ana, CA",-2.0,-11.0,0.0,0.0,1919.0,,,,,
2015,1,2015-01-17,DL,SLC,"Salt Lake City, UT",ATL,"Atlanta, GA",2.0,-12.0,0.0,0.0,1590.0,,,,,
2015,1,2015-01-16,DL,JFK,"New York, NY",ATL,"Atlanta, GA",-6.0,,0.0,1.0,760.0,,,,,
2015,1,2015-01-05,DL,ATL,"Atlanta, GA",VPS,"Valparaiso, FL",159.0,147.0,0.0,0.0,250.0,0.0,147.0,0.0,0.0,0.0
2015,1,2015-01-28,DL,AVL,"Asheville, NC",ATL,"Atlanta, GA",-12.0,-19.0,0.0,0.0,164.0,,,,,
2015,1,2015-01-22,DL,DCA,"Washington, DC",ATL,"Atlanta, GA",-3.0,-5.0,0.0,0.0,547.0,,,,,
2015,1,2015-01-14,DL,MDT,"Harrisburg, PA",ATL,"Atlanta, GA",47.0,19.0,0.0,0.0,620.0,19.0,0.0,0.0,0.0,0.0
2015,1,2015-01-13,DL,SNA,"Santa Ana, CA",ATL,"Atlanta, GA",-2.0,-17.0,0.0,0.0,1919.0,,,,,
2015,1,2015-01-15,NK,FLL,"Fort Lauderdale, FL",ATL,"Atlanta, GA",-3.0,8.0,0.0,0.0,581.0,,,,,
2015,1,2015-01-29,DL,BWI,"Baltimore, MD",ATL,"Atlanta, GA",-3.0,-19.0,0.0,0.0,577.0,,,,,
2015,1,2015-01-19,DL,JAN,"Jackson/Vicksburg, MS",ATL,"Atlanta, GA",2.0,6.0,0.0,0.0,341.0,,,,,
2015,1,2015-01-08,DL,ATL,"Atlanta, GA",LIT,"Little Rock, AR",-2.0,-10.0,0.0,0.0,453.0,,,,,
2015,1,2015-01-15,DL,SAN,"San Diego, CA",ATL,"Atlanta, GA",2.0,-3.0,0.0,0.0,1892.0,,,,,
2015,1,2015-01-06,DL,PHL,"Philadelphia, PA",ATL,"Atlanta, GA",94.0,139.0,0.0,0.0,666.0,0.0,2.0,45.0,0.0,92.0
2015,1,2015-01-02,EV,AEX,"Alexandria, LA",ATL,"Atlanta, GA",-10.0,-17.0,0.0,0.0,500.0,,,,,
2015,1,2015-01-22,DL,BNA,"Nashville, TN",ATL,"Atlanta, GA",-7.0,-5.0,0.0,0.0,214.0,,,,,
2015,1,2015-01-23,DL,SRQ,"Sarasota/Bradenton, FL",ATL,"Atlanta, GA",-2.0,-5.0,0.0,0.0,444.0,,,,,
2015,1,2015-01-21,DL,GSO,"Greensboro/High Point, NC",ATL,"Atlanta, GA",-3.0,-15.0,0.0,0.0,306.0,,,,,
2015,1,2015-01-30,DL,SAN,"San Diego, CA",ATL,"Atlanta, GA",-4.0,4.0,0.0,0.0,1892.0,,,,,
2015,1,2015-01-16,EV,ATL,"Atlanta, GA",GRK,"Killeen, TX",-3.0,10.0,0.0,0.0,803.0,,,,,
2015,1,2015-01-26,EV,ATL,"Atlanta, GA",EWN,"New Bern/Morehead/Beaufort, NC",-10.0,-13.0,0.0,0.0,433.0,,,,,
2015,1,2015-01-30,EV,ABE,"Allentown/Bethlehem/Easton, PA",ATL,"Atlanta, GA",-6.0,-29.0,0.0,0.0,692.0,,,,,
2015,1,2015-01-17,DL,EWR,"Newark, NJ",ATL,"Atlanta, GA",-2.0,-31.0,0.0,0.0,746.0,,,,,
2015,1,2015-01-08,DL,ATL,"Atlanta, GA",MSP,"Minneapolis, MN",0.0,-5.0,0.0,0.0,907.0,,,,,
2015,1,2015-01-10,DL,ATL,"Atlanta, GA",MDW,"Chicago, IL",-3.0,-16.0,0.0,0.0,591.0,,,,,
2015,1,2015-01-14,DL,PIT,"Pittsburgh, PA",ATL,"Atlanta, GA",18.0,0.0,0.0,0.0,526.0,,,,,
2015,1,2015-01-04,EV,CRW,"Charleston/Dunbar, WV",ATL,"Atlanta, GA",-10.0,-5.0,0.0,0.0,363.0,,,,,
2015,1,2015-01-17,WN,IND,"Indianapolis, IN",ATL,"Atlanta, GA",-2.0,-21.0,0.0,0.0,432.0,,,,,
2015,1,2015-01-09,DL,DCA,"Washington, DC",ATL,"Atlanta, GA",-6.0,-22.0,0.0,0.0,547.0,,,,,
2015,1,2015-01-02,WN,MCI,"Kansas City, MO",ATL,"Atlanta, GA",18.0,15.0,0.0,0.0,692.0,3.0,0.0,0.0,0.0,12.0
2015,1,2015-01-06,EV,PHF,"Newport News/Williamsburg, VA",ATL,"Atlanta, GA",-4.0,-10.0,0.0,0.0,508.0,,,,,
2015,1,2015-01-09,DL,ATL,"Atlanta, GA",MSY,"New Orleans, LA",7.0,0.0,0.0,0.0,425.0,,,,,
2015,1,2015-01-12,DL,ATL,"Atlanta, GA",CMH,"Columbus, OH",7.0,18.0,0.0,0.0,447.0,7.0,0.0,11.0,0.0,0.0
2015,1,2015-01-26,DL,ATL,"Atlanta, GA",SEA,"Seattle, WA",-2.0,-20.0,0.0,0.0,2182.0,,,,,
2015,1,2015-01-16,EV,ATL,"Atlanta, GA",XNA,"Fayetteville, AR",-1.0,-6.0,0.0,0.0,589.0,,,,,
2015,1,2015-01-15,DL,BDL,"Hartford, CT",ATL,"Atlanta, GA",24.0,2.0,0.0,0.0,859.0,,,,,
2015,1,2015-01-18,WN,SFO,"San Francisco, CA",ATL,"Atlanta, GA",159.0,155.0,0.0,0.0,2139.0,0.0,0.0,8.0,0.0,147.0
2015,1,2015-01-02,WN,ATL,"Atlanta, GA",MDW,"Chicago, IL",48.0,31.0,0.0,0.0,591.0,0.0,0.0,31.0,0.0,0.0
2015,1,2015-01-29,DL,ATL,"Atlanta, GA",IAH,"Houston, TX",-1.0,-15.0,0.0,0.0,689.0,,,,,
2015,1,2015-01-22,EV,HPN,"White Plains, NY",ATL,"Atlanta, GA",-5.0,2.0,0.0,0.0,780.0,,,,,
2015,1,2015-01-29,DL,FLL,"Fort Lauderdale, FL",ATL,"Atlanta, GA",-2.0,-4.0,0.0,0.0,581.0,,,,,
2015,1,2015-01-09,DL,ATL,"Atlanta, GA",ICT,"Wichita, KS",-1.0,-5.0,0.0,0.0,782.0,,,,,
2015,1,2015-01-02,DL,SLC,"Salt Lake City, UT",ATL,"Atlanta, GA",29.0,15.0,0.0,0.0,1590.0,15.0,0.0,0.0,0.0,0.0
2015,1,2015-01-15,DL,ATL,"Atlanta, GA",FLL,"Fort Lauderdale, FL",1.0,8.0,0.0,0.0,581.0,,,,,
2015,1,2015-01-27,F9,CLE,"Cleveland, OH",ATL,"Atlanta, GA",-7.0,-22.0,0.0,0.0,554.0,,,,,
2015,1,2015-01-02,WN,RIC,"Richmond, VA",ATL,"Atlanta, GA",24.0,33.0,0.0,0.0,481.0,8.0,0.0,9.0,0.0,16.0
2015,1,2015-01-19,DL,ATL,"Atlanta, GA",SAV,"Savannah, GA",-3.0,-4.0,0.0,0.0,214.0,,,,,
2015,1,2015-01-31,DL,ATL,"Atlanta, GA",SJU,"San Juan, PR",-1.0,-7.0,0.0,0.0,1547.0,,,,,
2015,1,2015-01-18,WN,TPA,"Tampa, FL",ATL,"Atlanta, GA",-5.0,-18.0,0.0,0.0,406.0,,,,,
2015,1,2015-01-18,DL,ATL,"Atlanta, GA",CLT,"Charlotte, NC",-3.0,-21.0,0.0,0.0,226.0,,,,,
2015,1,2015-01-18,EV,ATL,"Atlanta, GA",CHO,"Charlottesville, VA",-4.0,1.0,0.0,0.0,457.0,,,,,
2015,1,2015-01-30,DL,ATL,"Atlanta, GA",PBI,"West Palm Beach/Palm Beach, FL",-4.0,-17.0,0.0,0.0,545.0,,,,,
2015,1,2015-01-19,DL,SAV,"Savannah, GA",ATL,"Atlanta, GA",-4.0,-15.0,0.0,0.0,214.0,,,,,
2015,1,2015-01-25,DL,ATL,"Atlanta, GA",BWI,"Baltimore, MD",9.0,-1.0,0.0,0.0,577.0,,,,,
2015,1,2015-01-22,WN,ATL,"Atlanta, GA",JAX,"Jacksonville, FL",14.0,3.0,0.0,0.0,270.0,,,,,
2015,1,2015-01-24,DL,BWI,"Baltimore, MD",ATL,"Atlanta, GA",-2.0,-15.0,0.0,0.0,577.0,,,,,
2015,1,2015-01-18,DL,ATL,"Atlanta, GA",AUS,"Austin, TX",0.0,-14.0,0.0,0.0,813.0,,,,,
2015,1,2015-01-18,WN,RSW,"Fort Myers, FL",ATL,"Atlanta, GA",-2.0,-8.0,0.0,0.0,515.0,,,,,
2015,1,2015-01-18,DL,FNT,"Flint, MI",ATL,"Atlanta, GA",-5.0,-21.0,0.0,0.0,645.0,,,,,
2015,1,2015-01-19,DL,ATL,"Atlanta, GA",BNA,"Nashville, TN",-6.0,-4.0,0.0,0.0,214.0,,,,,
2015,1,2015-01-24,DL,SNA,"Santa Ana, CA",ATL,"Atlanta, GA",-2.0,24.0,0.0,0.0,1919.0,0.0,0.0,24.0,0.0,0.0
2015,1,2015-01-20,DL,GSO,"Greensboro/High Point, NC",ATL,"Atlanta, GA",-4.0,-28.0,0.0,0.0,306.0,,,,,
2015,1,2015-01-24,WN,STL,"St. Louis, MO",ATL,"Atlanta, GA",0.0,0.0,0.0,0.0,484.0,,,,,
2015,1,2015-01-14,DL,ATL,"Atlanta, GA",XNA,"Fayetteville, AR",-4.0,11.0,0.0,0.0,589.0,,,,,
2015,1,2015-01-15,EV,ATL,"Atlanta, GA",MYR,"Myrtle Beach, SC",-7.0,5.0,0.0,0.0,317.0,,,,,
2015,1,2015-01-17,DL,HOU,"Houston, TX",ATL,"Atlanta, GA",3.0,-7.0,0.0,0.0,696.0,,,,,
2015,1,2015-01-02,DL,ATL,"Atlanta, GA",MLB,"Melbourne, FL",14.0,-1.0,0.0,0.0,442.0,,,,,
2015,1,2015-01-11,DL,ATL,"Atlanta, GA",CVG,"Cincinnati, OH",5.0,-7.0,0.0,0.0,373.0,,,,,
2015,1,2015-01-17,DL,ATL,"Atlanta, GA",GSP,"Greer, SC",-5.0,-15.0,0.0,0.0,153.0,,,,,
2015,1,2015-01-09,DL,MIA,"Miami, FL",ATL,"Atlanta, GA",17.0,-2.0,0.0,0.0,594.0,,,,,
2015,1,2015-01-08,DL,OKC,"Oklahoma City, OK",ATL,"Atlanta, GA",-6.0,-32.0,0.0,0.0,761.0,,,,,
2015,1,2015-01-09,EV,MOB,"Mobile, AL",ATL,"Atlanta, GA",16.0,7.0,0.0,0.0,302.0,,,,,
2015,1,2015-01-25,EV,ATL,"Atlanta, GA",GNV,"Gainesville, FL",-5.0,-6.0,0.0,0.0,300.0,,,,,
2015,1,2015-01-09,DL,MCI,"Kansas City, MO",ATL,"Atlanta, GA",17.0,2.0,0.0,0.0,692.0,,,,,
2015,1,2015-01-21,DL,ATL,"Atlanta, GA",FLL,"Fort Lauderdale, FL",-1.0,-14.0,0.0,0.0,581.0,,,,,
2015,1,2015-01-08,DL,SAV,"Savannah, GA",ATL,"Atlanta, GA",-7.0,-10.0,0.0,0.0,214.0,,,,,
2015,1,2015-01-23,DL,ATL,"Atlanta, GA",LGA,"New York, NY",-2.0,-16.0,0.0,0.0,762.0,,,,,
2015,1,2015-01-03,DL,MSP,"Minneapolis, MN",ATL,"Atlanta, GA",-2.0,-6.0,0.0,0.0,907.0,,,,,
2015,1,2015-01-06,WN,MDW,"Chicago, IL",ATL,"Atlanta, GA",-1.0,-7.0,0.0,0.0,591.0,,,,,
2015,1,2015-01-17,DL,SJU,"San Juan, PR",ATL,"Atlanta, GA",-9.0,-8.0,0.0,0.0,1547.0,,,,,
2015,1,2015-01-17,DL,IAD,"Washington, DC",ATL,"Atlanta, GA",-2.0,-19.0,0.0,0.0,534.0,,,,,
2015,1,2015-01-10,UA,ORD,"Chicago, IL",ATL,"Atlanta, GA",39.0,18.0,0.0,0.0,606.0,0.0,18.0,0.0,0.0,0.0
2015,1,2015-01-24,DL,ATL,"Atlanta, GA",DEN,"Denver, CO",-1.0,-19.0,0.0,0.0,1199.0,,,,,
2015,1,2015-01-31,WN,PBI,"West Palm Beach/Palm Beach, FL",ATL,"Atlanta, GA",7.0,-3.0,0.0,0.0,545.0,,,,,
2015,1,2015-01-02,DL,PHX,"Phoenix, AZ",ATL,"Atlanta, GA",0.0,2.0,0.0,0.0,1587.0,,,,,
2015,1,2015-01-28,DL,BOS,"Boston, MA",ATL,"Atlanta, GA",,,1.0,0.0,946.0,,,,,
2015,1,2015-01-04,DL,MCO,"Orlando, FL",ATL,"Atlanta, GA",-1.0,-9.0,0.0,0.0,404.0,,,,,
2015,1,2015-01-10,DL,ATL,"Atlanta, GA",JAX,"Jacksonville, FL",-2.0,-3.0,0.0,0.0,270.0,,,,,
2015,1,2015-01-02,WN,ATL,"Atlanta, GA",LGA,"New York, NY",20.0,13.0,0.0,0.0,762.0,,,,,
2015,1,2015-01-28,DL,ATL,"Atlanta, GA",MIA,"Miami, FL",-5.0,-30.0,0.0,0.0,594.0,,,,,
2015,1,2015-01-05,DL,ATL,"Atlanta, GA",LGA,"New York, NY",0.0,16.0,0.0,0.0,762.0,0.0,0.0,16.0,0.0,0.0
2015,1,2015-01-03,WN,RIC,"Richmond, VA",ATL,"Atlanta, GA",399.0,398.0,0.0,0.0,481.0,398.0,0.0,0.0,0.0,0.0
2015,1,2015-01-18,WN,RDU,"Raleigh/Durham, NC",ATL,"Atlanta, GA",3.0,9.0,0.0,0.0,356.0,,,,,
2015,1,2015-01-08,DL,ATL,"Atlanta, GA",JFK,"New York, NY",4.0,-5.0,0.0,0.0,760.0,,,,,
2015,1,2015-01-14,DL,ATL,"Atlanta, GA",LGA,"New York, NY",-4.0,-16.0,0.0,0.0,762.0,,,,,
2015,1,2015-01-31,DL,STL,"St. Louis, MO",ATL,"Atlanta, GA",32.0,17.0,0.0,0.0,484.0,17.0,0.0,0.0,0.0,0.0
2015,1,2015-01-24,DL,ATL,"Atlanta, GA",MCI,"Kansas City, MO",-1.0,-14.0,0.0,0.0,692.0,,,,,
2015,1,2015-01-01,DL,SJU,"San Juan, PR",ATL,"Atlanta, GA",-1.0,-11.0,0.0,0.0,1547.0,,,,,
2015,1,2015-01-21,DL,AUS,"Austin, TX",ATL,"Atlanta, GA",-7.0,-8.0,0.0,0.0,813.0,,,,,
2015,1,2015-01-28,EV,GTR,"Columbus, MS",ATL,"Atlanta, GA",-2.0,-8.0,0.0,0.0,241.0,,,,,
2015,1,2015-01-20,DL,ATL,"Atlanta, GA",LAS,"Las Vegas, NV",-6.0,3.0,0.0,0.0,1747.0,,,,,
2015,1,2015-01-11,EV,ATL,"Atlanta, GA",FSD,"Sioux Falls, SD",43.0,56.0,0.0,0.0,954.0,43.0,0.0,13.0,0.0,0.0
2015,1,2015-01-11,DL,SAV,"Savannah, GA",ATL,"Atlanta, GA",0.0,-12.0,0.0,0.0,214.0,,,,,
2015,1,2015-01-01,DL,ATL,"Atlanta, GA",FLL,"Fort Lauderdale, FL",-1.0,-11.0,0.0,0.0,581.0,,,,,
2015,1,2015-01-08,DL,CAK,"Akron, OH",ATL,"Atlanta, GA",0.0,-19.0,0.0,0.0,528.0,,,,,
2015,1,2015-01-26,DL,ATL,"Atlanta, GA",MKE,"Milwaukee, WI",16.0,30.0,0.0,0.0,669.0,0.0,0.0,14.0,0.0,16.0
2015,1,2015-01-18,EV,ATL,"Atlanta, GA",BTR,"Baton Rouge, LA",-4.0,-25.0,0.0,0.0,448.0,,,,,
2015,1,2015-01-11,DL,ATL,"Atlanta, GA",HOU,"Houston, TX",-4.0,20.0,0.0,0.0,696.0,0.0,0.0,20.0,0.0,0.0
2015,1,2015-01-26,DL,SAN,"San Diego, CA",ATL,"Atlanta, GA",2.0,19.0,0.0,0.0,1892.0,0.0,0.0,19.0,0.0,0.0
2015,1,2015-01-28,US,PHX,"Phoenix, AZ",ATL,"Atlanta, GA",-5.0,-18.0,0.0,0.0,1587.0,,,,,
2015,1,2015-01-17,DL,ATL,"Atlanta, GA",AVL,"Asheville, NC",-1.0,-11.0,0.0,0.0,164.0,,,,,
2015,1,2015-01-31,DL,MCO,"Orlando, FL",ATL,"Atlanta, GA",-3.0,-10.0,0.0,0.0,404.0,,,,,
2015,1,2015-01-28,F9,ATL,"Atlanta, GA",TTN,"Trenton, NJ",12.0,33.0,0.0,0.0,701.0,12.0,0.0,21.0,0.0,0.0
2015,1,2015-01-21,DL,ATL,"Atlanta, GA",OKC,"Oklahoma City, OK",68.0,61.0,0.0,0.0,761.0,61.0,0.0,0.0,0.0,0.0
2015,1,2015-01-23,DL,ATL,"Atlanta, GA",BNA,"Nashville, TN",5.0,-7.0,0.0,0.0,214.0,,,,,
2015,1,2015-01-09,DL,LGA,"New York, NY",ATL,"Atlanta, GA",-2.0,42.0,0.0,0.0,762.0,0.0,0.0,42.0,0.0,0.0
2015,1,2015-01-28,DL,ATL,"Atlanta, GA",HSV,"Huntsville, AL",-1.0,-7.0,0.0,0.0,151.0,,,,,
2015,1,2015-01-24,DL,RSW,"Fort Myers, FL",ATL,"Atlanta, GA",-8.0,21.0,0.0,0.0,515.0,0.0,0.0,21.0,0.0,0.0
2015,1,2015-01-16,DL,ATL,"Atlanta, GA",LGA,"New York, NY",19.0,14.0,0.0,0.0,762.0,,,,,
2015,1,2015-01-30,AA,DFW,"Dallas/Fort Worth, TX",ATL,"Atlanta, GA",6.0,1.0,0.0,0.0,731.0,,,,,
2015,1,2015-01-06,DL,ATL,"Atlanta, GA",DFW,"Dallas/Fort Worth, TX",34.0,8.0,0.0,0.0,731.0,,,,,
2015,1,2015-01-23,US,ATL,"Atlanta, GA",PHL,"Philadelphia, PA",-15.0,-24.0,0.0,0.0,666.0,,,,,
2015,1,2015-01-29,AA,DFW,"Dallas/Fort Worth, TX",ATL,"Atlanta, GA",0.0,-4.0,0.0,0.0,731.0,,,,,
2015,1,2015-01-05,DL,JFK,"New York, NY",ATL,"Atlanta, GA",57.0,31.0,0.0,0.0,760.0,0.0,0.0,4.0,0.0,27.0
2015,1,2015-01-08,WN,MCI,"Kansas City, MO",ATL,"Atlanta, GA",-5.0,-17.0,0.0,0.0,692.0,,,,,
2015,1,2015-01-10,WN,ATL,"Atlanta, GA",CAK,"Akron, OH",21.0,7.0,0.0,0.0,528.0,,,,,
2015,1,2015-01-28,DL,ATL,"Atlanta, GA",IAD,"Washington, DC",35.0,25.0,0.0,0.0,534.0,25.0,0.0,0.0,0.0,0.0
2015,1,2015-01-02,DL,LGA,"New York, NY",ATL,"Atlanta, GA",-5.0,-18.0,0.0,0.0,762.0,,,,,
2015,1,2015-01-15,DL,JAN,"Jackson/Vicksburg, MS",ATL,"Atlanta, GA",0.0,-6.0,0.0,0.0,341.0,,,,,
2015,1,2015-01-03,EV,JAN,"Jackson/Vicksburg, MS",ATL,"Atlanta, GA",-2.0,7.0,0.0,0.0,341.0,,,,,
2015,1,2015-01-28,DL,ATL,"Atlanta, GA",PHL,"Philadelphia, PA",-3.0,10.0,0.0,0.0,666.0,,,,,
2015,1,2015-01-08,EV,FSM,"Fort Smith, AR",ATL,"Atlanta, GA",-10.0,-18.0,0.0,0.0,579.0,,,,,
2015,1,2015-01-28,WN,ATL,"Atlanta, GA",MCO,"Orlando, FL",-3.0,-16.0,0.0,0.0,404.0,,,,,
2015,1,2015-01-01,WN,MKE,"Milwaukee, WI",ATL,"Atlanta, GA",-4.0,-6.0,0.0,0.0,669.0,,,,,
2015,1,2015-01-10,DL,ATL,"Atlanta, GA",MIA,"Miami, FL",0.0,9.0,0.0,0.0,594.0,,,,,
2015,1,2015-01-17,EV,EWN,"New Bern/Morehead/Beaufort, NC",ATL,"Atlanta, GA",-5.0,-20.0,0.0,0.0,433.0,,,,,
2015,1,2015-01-20,WN,MCO,"Orlando, FL",ATL,"Atlanta, GA",-1.0,-18.0,0.0,0.0,404.0,,,,,
2015,1,2015-01-08,DL,TPA,"Tampa, FL",ATL,"Atlanta, GA",-9.0,-13.0,0.0,0.0,406.0,,,,,
2015,1,2015-01-08,DL,ATL,"Atlanta, GA",LGA,"New York, NY",-2.0,7.0,0.0,0.0,762.0,,,,,
2015,1,2015-01-13,WN,ATL,"Atlanta, GA",JAX,"Jacksonville, FL",-8.0,-18.0,0.0,0.0,270.0,,,,,
2015,1,2015-01-26,EV,BTR,"Baton Rouge, LA",ATL,"Atlanta, GA",85.0,83.0,0.0,0.0,448.0,0.0,0.0,0.0,0.0,83.0
2015,1,2015-01-26,DL,BDL,"Hartford, CT",ATL,"Atlanta, GA",10.0,-5.0,0.0,0.0,859.0,,,,,
2015,1,2015-01-18,UA,ATL,"Atlanta, GA",SFO,"San Francisco, CA",60.0,71.0,0.0,0.0,2139.0,0.0,0.0,71.0,0.0,0.0
2015,1,2015-01-01,DL,ATL,"Atlanta, GA",SJU,"San Juan, PR",-2.0,-11.0,0.0,0.0,1547.0,,,,,
2015,1,2015-01-01,DL,ATL,"Atlanta, GA",MOB,"Mobile, AL",6.0,-2.0,0.0,0.0,302.0,,,,,
2015,1,2015-01-01,EV,ATL,"Atlanta, GA",LAN,"Lansing, MI",-5.0,-25.0,0.0,0.0,631.0,,,,,
2015,1,2015-01-26,DL,CHS,"Charleston, SC",ATL,"Atlanta, GA",-4.0,-15.0,0.0,0.0,259.0,,,,,
2015,1,2015-01-05,DL,IAH,"Houston, TX",ATL,"Atlanta, GA",-1.0,-17.0,0.0,0.0,689.0,,,,,
2015,1,2015-01-07,DL,LGA,"New York, NY",ATL,"Atlanta, GA",27.0,-11.0,0.0,0.0,762.0,,,,,
2015,1,2015-01-12,US,PHX,"Phoenix, AZ",ATL,"Atlanta, GA",0.0,9.0,0.0,0.0,1587.0,,,,,
2015,1,2015-01-19,DL,ATL,"Atlanta, GA",HSV,"Huntsville, AL",40.0,27.0,0.0,0.0,151.0,5.0,0.0,0.0,0.0,22.0
2015,1,2015-01-03,EV,ATL,"Atlanta, GA",AGS,"Augusta, GA",-1.0,-4.0,0.0,0.0,143.0,,,,,
2015,1,2015-01-01,DL,GRR,"Grand Rapids, MI",ATL,"Atlanta, GA",-7.0,-25.0,0.0,0.0,640.0,,,,,
2015,1,2015-01-08,WN,MCO,"Orlando, FL",ATL,"Atlanta, GA",-1.0,-14.0,0.0,0.0,404.0,,,,,
2015,1,2015-01-02,DL,ATL,"Atlanta, GA",IAH,"Houston, TX",-2.0,32.0,0.0,0.0,689.0,0.0,0.0,32.0,0.0,0.0
2015,1,2015-01-30,DL,ATL,"Atlanta, GA",MIA,"Miami, FL",21.0,15.0,0.0,0.0,594.0,15.0,0.0,0.0,0.0,0.0
2015,1,2015-01-25,DL,ATL,"Atlanta, GA",EYW,"Key West, FL",-3.0,-19.0,0.0,0.0,646.0,,,,,
2015,1,2015-01-23,DL,ATL,"Atlanta, GA",PNS,"Pensacola, FL",-1.0,-5.0,0.0,0.0,271.0,,,,,
2015,1,2015-01-08,WN,ATL,"Atlanta, GA",MSY,"New Orleans, LA",-1.0,5.0,0.0,0.0,425.0,,,,,
2015,1,2015-01-24,DL,FLL,"Fort Lauderdale, FL",ATL,"Atlanta, GA",-5.0,-14.0,0.0,0.0,581.0,,,,,
2015,1,2015-01-22,DL,JAN,"Jackson/Vicksburg, MS",ATL,"Atlanta, GA",-8.0,-16.0,0.0,0.0,341.0,,,,,
2015,1,2015-01-06,NK,DFW,"Dallas/Fort Worth, TX",ATL,"Atlanta, GA",-1.0,-2.0,0.0,0.0,731.0,,,,,
2015,1,2015-01-08,DL,ATL,"Atlanta, GA",LGA,"New York, NY",1.0,15.0,0.0,0.0,762.0,0.0,0.0,15.0,0.0,0.0
2015,1,2015-01-09,DL,ATL,"Atlanta, GA",MDW,"Chicago, IL",-2.0,-13.0,0.0,0.0,591.0,,,,,
2015,1,2015-01-07,DL,ATL,"Atlanta, GA",DEN,"Denver, CO",21.0,15.0,0.0,0.0,1199.0,15.0,0.0,0.0,0.0,0.0
2015,1,2015-01-10,DL,ATL,"Atlanta, GA",LEX,"Lexington, KY",-3.0,-4.0,0.0,0.0,304.0,,,,,
2015,1,2015-01-10,WN,ATL,"Atlanta, GA",MDW,"Chicago, IL",-3.0,3.0,0.0,0.0,591.0,,,,,
2015,1,2015-01-08,DL,ATL,"Atlanta, GA",RDU,"Raleigh/Durham, NC",-4.0,-15.0,0.0,0.0,356.0,,,,,
2015,1,2015-01-17,WN,ATL,"Atlanta, GA",HOU,"Houston, TX",0.0,-5.0,0.0,0.0,696.0,,,,,
2015,1,2015-01-03,DL,ATL,"Atlanta, GA",AVL,"Asheville, NC",8.0,25.0,0.0,0.0,164.0,0.0,8.0,17.0,0.0,0.0
2015,1,2015-01-05,DL,ATL,"Atlanta, GA",CHS,"Charleston, SC",-5.0,-10.0,0.0,0.0,259.0,,,,,
2015,1,2015-01-24,WN,MDW,"Chicago, IL",ATL,"Atlanta, GA",-3.0,-16.0,0.0,0.0,591.0,,,,,
2015,1,2015-01-27,UA,EWR,"Newark, NJ",ATL,"Atlanta, GA",,,1.0,0.0,746.0,,,,,
2015,1,2015-01-17,DL,ATL,"Atlanta, GA",ORD,"Chicago, IL",-2.0,-23.0,0.0,0.0,606.0,,,,,
2015,1,2015-01-13,EV,ABY,"Albany, GA",ATL,"Atlanta, GA",81.0,86.0,0.0,0.0,145.0,0.0,0.0,5.0,0.0,81.0
2015,1,2015-01-13,DL,MCO,"Orlando, FL",ATL,"Atlanta, GA",6.0,-8.0,0.0,0.0,404.0,,,,,
2015,1,2015-01-12,DL,PNS,"Pensacola, FL",ATL,"Atlanta, GA",,,1.0,0.0,271.0,,,,,
2015,1,2015-01-21,DL,BOS,"Boston, MA",ATL,"Atlanta, GA",-6.0,-26.0,0.0,0.0,946.0,,,,,
2015,1,2015-01-15,EV,MLI,"Moline, IL",ATL,"Atlanta, GA",7.0,25.0,0.0,0.0,633.0,7.0,0.0,18.0,0.0,0.0
2015,1,2015-01-03,NK,ATL,"Atlanta, GA",FLL,"Fort Lauderdale, FL",-1.0,-3.0,0.0,0.0,581.0,,,,,
2015,1,2015-01-04,DL,ATL,"Atlanta, GA",MEM,"Memphis, TN",-3.0,-7.0,0.0,0.0,332.0,,,,,
2015,1,2015-01-10,DL,GSO,"Greensboro/High Point, NC",ATL,"Atlanta, GA",-5.0,-27.0,0.0,0.0,306.0,,,,,
2015,1,2015-01-23,DL,ATL,"Atlanta, GA",LAS,"Las Vegas, NV",-3.0,-32.0,0.0,0.0,1747.0,,,,,
2015,1,2015-01-10,EV,ATL,"Atlanta, GA",MLU,"Monroe, LA",-1.0,-13.0,0.0,0.0,448.0,,,,,
2015,1,2015-01-06,DL,ATL,"Atlanta, GA",STL,"St. Louis, MO",9.0,-4.0,0.0,0.0,484.0,,,,,
2015,1,2015-01-10,EV,MYR,"Myrtle Beach, SC",ATL,"Atlanta, GA",-12.0,-6.0,0.0,0.0,317.0,,,,,
2015,1,2015-01-06,DL,ATL,"Atlanta, GA",BWI,"Baltimore, MD",-4.0,26.0,0.0,0.0,577.0,0.0,0.0,26.0,0.0,0.0
2015,1,2015-01-15,DL,CHS,"Charleston, SC",ATL,"Atlanta, GA",-4.0,-16.0,0.0,0.0,259.0,,,,,
2015,1,2015-01-07,EV,ATL,"Atlanta, GA",AGS,"Augusta, GA",-4.0,-9.0,0.0,0.0,143.0,,,,,
2015,1,2015-01-05,DL,ATL,"Atlanta, GA",PHL,"Philadelphia, PA",3.0,-13.0,0.0,0.0,666.0,,,,,
2015,1,2015-01-07,DL,ATL,"Atlanta, GA",STL,"St. Louis, MO",-2.0,-2.0,0.0,0.0,484.0,,,,,
2015,1,2015-01-14,EV,ATL,"Atlanta, GA",MYR,"Myrtle Beach, SC",-5.0,1.0,0.0,0.0,317.0,,,,,
2015,1,2015-01-05,EV,ATL,"Atlanta, GA",GNV,"Gainesville, FL",69.0,61.0,0.0,0.0,300.0,0.0,0.0,0.0,0.0,61.0
2015,1,2015-01-27,EV,ATL,"Atlanta, GA",OAJ,"Jacksonville/Camp Lejeune, NC",-3.0,-13.0,0.0,0.0,399.0,,,,,
2015,1,2015-01-09,DL,LAX,"Los Angeles, CA",ATL,"Atlanta, GA",-1.0,-1.0,0.0,0.0,1947.0,,,,,
2015,1,2015-01-27,EV,RST,"Rochester, MN",ATL,"Atlanta, GA",-4.0,-36.0,0.0,0.0,831.0,,,,,
2015,1,2015-01-28,WN,BOS,"Boston, MA",ATL,"Atlanta, GA",3.0,-27.0,0.0,0.0,946.0,,,,,
2015,1,2015-01-28,DL,CVG,"Cincinnati, OH",ATL,"Atlanta, GA",-4.0,-15.0,0.0,0.0,373.0,,,,,
2015,1,2015-01-24,DL,BHM,"Birmingham, AL",ATL,"Atlanta, GA",8.0,-8.0,0.0,0.0,134.0,,,,,
2015,1,2015-01-25,DL,MSY,"New Orleans, LA",ATL,"Atlanta, GA",-4.0,-22.0,0.0,0.0,425.0,,,,,
2015,1,2015-01-19,EV,ATL,"Atlanta, GA",MOB,"Mobile, AL",-3.0,1.0,0.0,0.0,302.0,,,,,
2015,1,2015-01-29,WN,PIT,"Pittsburgh, PA",ATL,"Atlanta, GA",13.0,-10.0,0.0,0.0,526.0,,,,,
2015,1,2015-01-31,WN,MSP,"Minneapolis, MN",ATL,"Atlanta, GA",2.0,-23.0,0.0,0.0,907.0,,,,,
2015,1,2015-01-31,WN,ATL,"Atlanta, GA",OKC,"Oklahoma City, OK",-3.0,-19.0,0.0,0.0,761.0,,,,,
2015,1,2015-01-20,DL,MCO,"Orlando, FL",ATL,"Atlanta, GA",-1.0,-11.0,0.0,0.0,404.0,,,,,
2015,1,2015-01-04,EV,LEX,"Lexington, KY",ATL,"Atlanta, GA",0.0,0.0,0.0,0.0,304.0,,,,,
2015,1,2015-01-19,DL,LGA,"New York, NY",ATL,"Atlanta, GA",0.0,-29.0,0.0,0.0,762.0,,,,,
2015,1,2015-01-24,EV,IAH,"Houston, TX",ATL,"Atlanta, GA",-4.0,-4.0,0.0,0.0,689.0,,,,,
2015,1,2015-01-04,AA,DFW,"Dallas/Fort Worth, TX",ATL,"Atlanta, GA",2.0,3.0,0.0,0.0,731.0,,,,,
2015,1,2015-01-17,DL,TUL,"Tulsa, OK",ATL,"Atlanta, GA",-1.0,-14.0,0.0,0.0,674.0,,,,,
2015,1,2015-01-05,DL,ATL,"Atlanta, GA",ABQ,"Albuquerque, NM",-4.0,-26.0,0.0,0.0,1269.0,,,,,
2015,1,2015-01-25,WN,ATL,"Atlanta, GA",HOU,"Houston, TX",1.0,-2.0,0.0,0.0,696.0,,,,,
2015,1,2015-01-29,EV,ATL,"Atlanta, GA",BTV,"Burlington, VT",1.0,6.0,0.0,0.0,961.0,,,,,
2015,1,2015-01-04,EV,VPS,"Valparaiso, FL",ATL,"Atlanta, GA",145.0,167.0,0.0,0.0,250.0,130.0,0.0,22.0,0.0,15.0
2015,1,2015-01-18,DL,ATL,"Atlanta, GA",AUS,"Austin, TX",0.0,-11.0,0.0,0.0,813.0,,,,,
2015,1,2015-01-26,WN,DCA,"Washington, DC",ATL,"Atlanta, GA",34.0,14.0,0.0,0.0,547.0,,,,,
2015,1,2015-01-14,DL,ATL,"Atlanta, GA",IAH,"Houston, TX",-2.0,-6.0,0.0,0.0,689.0,,,,,
2015,1,2015-01-31,DL,ATL,"Atlanta, GA",ROC,"Rochester, NY",28.0,22.0,0.0,0.0,749.0,22.0,0.0,0.0,0.0,0.0
2015,1,2015-01-12,DL,ATL,"Atlanta, GA",SAV,"Savannah, GA",66.0,53.0,0.0,0.0,214.0,7.0,45.0,0.0,0.0,1.0
2015,1,2015-01-23,DL,ATL,"Atlanta, GA",DFW,"Dallas/Fort Worth, TX",-1.0,-5.0,0.0,0.0,731.0,,,,,
2015,1,2015-01-03,US,ATL,"Atlanta, GA",CLT,"Charlotte, NC",-6.0,-19.0,0.0,0.0,226.0,,,,,
2015,1,2015-01-01,DL,ATL,"Atlanta, GA",TPA,"Tampa, FL",-2.0,-18.0,0.0,0.0,406.0,,,,,
2015,1,2015-01-12,DL,MCI,"Kansas City, MO",ATL,"Atlanta, GA",1.0,13.0,0.0,0.0,692.0,,,,,
2015,1,2015-01-29,DL,ATL,"Atlanta, GA",EWR,"Newark, NJ",-3.0,-7.0,0.0,0.0,746.0,,,,,
2015,1,2015-01-21,EV,ATL,"Atlanta, GA",GSP,"Greer, SC",0.0,-2.0,0.0,0.0,153.0,,,,,
2015,1,2015-01-31,EV,ATL,"Atlanta, GA",EYW,"Key West, FL",-4.0,-12.0,0.0,0.0,646.0,,,,,
2015,1,2015-01-06,WN,ATL,"Atlanta, GA",MCO,"Orlando, FL",29.0,25.0,0.0,0.0,404.0,3.0,0.0,0.0,0.0,22.0
2015,1,2015-01-17,DL,ATL,"Atlanta, GA",TPA,"Tampa, FL",-4.0,-19.0,0.0,0.0,406.0,,,,,
2015,1,2015-01-27,DL,GSO,"Greensboro/High Point, NC",ATL,"Atlanta, GA",-2.0,-21.0,0.0,0.0,306.0,,,,,
2015,1,2015-01-01,DL,ATL,"Atlanta, GA",MLB,"Melbourne, FL",-1.0,-11.0,0.0,0.0,442.0,,,,,
2015,1,2015-01-02,WN,IND,"Indianapolis, IN",ATL,"Atlanta, GA",16.0,28.0,0.0,0.0,432.0,0.0,0.0,12.0,0.0,16.0
2015,1,2015-01-07,DL,ATL,"Atlanta, GA",OKC,"Oklahoma City, OK",-2.0,-15.0,0.0,0.0,761.0,,,,,
2015,1,2015-01-13,DL,CLE,"Cleveland, OH",ATL,"Atlanta, GA",0.0,-2.0,0.0,0.0,554.0,,,,,
2015,1,2015-01-15,WN,ATL,"Atlanta, GA",BWI,"Baltimore, MD",0.0,-10.0,0.0,0.0,577.0,,,,,
2015,1,2015-01-11,DL,ATL,"Atlanta, GA",MSP,"Minneapolis, MN",-3.0,-29.0,0.0,0.0,907.0,,,,,
2015,1,2015-01-17,EV,ATL,"Atlanta, GA",EVV,"Evansville, IN",-7.0,-3.0,0.0,0.0,350.0,,,,,
2015,1,2015-01-19,EV,ATL,"Atlanta, GA",TRI,"Bristol/Johnson City/Kingsport, TN",-4.0,-2.0,0.0,0.0,227.0,,,,,
2015,1,2015-01-05,WN,ATL,"Atlanta, GA",RSW,"Fort Myers, FL",11.0,9.0,0.0,0.0,515.0,,,,,
2015,1,2015-01-20,DL,ATL,"Atlanta, GA",JAN,"Jackson/Vicksburg, MS",-2.0,-10.0,0.0,0.0,341.0,,,,,
2015,1,2015-01-06,EV,ATL,"Atlanta, GA",VLD,"Valdosta, GA",1.0,0.0,0.0,0.0,208.0,,,,,
2015,1,2015-01-26,DL,ATL,"Atlanta, GA",MLB,"Melbourne, FL",5.0,0.0,0.0,0.0,442.0,,,,,
2015,1,2015-01-14,WN,DCA,"Washington, DC",ATL,"Atlanta, GA",,,1.0,0.0,547.0,,,,,
2015,1,2015-01-14,WN,PHL,"Philadelphia, PA",ATL,"Atlanta, GA",-2.0,-1.0,0.0,0.0,666.0,,,,,
2015,1,2015-01-23,DL,ATL,"Atlanta, GA",LGA,"New York, NY",-1.0,-14.0,0.0,0.0,762.0,,,,,
2015,1,2015-01-24,DL,SAV,"Savannah, GA",ATL,"Atlanta, GA",-5.0,-16.0,0.0,0.0,214.0,,,,,
2015,1,2015-01-10,DL,MSP,"Minneapolis, MN",ATL,"Atlanta, GA",8.0,-10.0,0.0,0.0,907.0,,,,,
2015,1,2015-01-09,DL,ATL,"Atlanta, GA",FLL,"Fort Lauderdale, FL",-2.0,-15.0,0.0,0.0,581.0,,,,,
2015,1,2015-01-29,DL,LAS,"Las Vegas, NV",ATL,"Atlanta, GA",-11.0,-21.0,0.0,0.0,1747.0,,,,,
2015,1,2015-01-03,DL,ATL,"Atlanta, GA",FLL,"Fort Lauderdale, FL",18.0,11.0,0.0,0.0,581.0,,,,,
2015,1,2015-01-06,DL,ATL,"Atlanta, GA",DFW,"Dallas/Fort Worth, TX",-2.0,-17.0,0.0,0.0,731.0,,,,,
2015,1,2015-01-25,DL,ELP,"El Paso, TX",ATL,"Atlanta, GA",13.0,17.0,0.0,0.0,1282.0,13.0,0.0,4.0,0.0,0.0
2015,1,2015-01-21,DL,PHL,"Philadelphia, PA",ATL,"Atlanta, GA",1.0,3.0,0.0,0.0,666.0,,,,,
2015,1,2015-01-30,WN,ATL,"Atlanta, GA",DCA,"Washington, DC",-4.0,-3.0,0.0,0.0,547.0,,,,,
2015,1,2015-01-04,EV,ATL,"Atlanta, GA",EVV,"Evansville, IN",-4.0,-16.0,0.0,0.0,350.0,,,,,
2015,1,2015-01-31,DL,CLE,"Cleveland, OH",ATL,"Atlanta, GA",-1.0,-18.0,0.0,0.0,554.0,,,,,
2015,1,2015-01-29,DL,TPA,"Tampa, FL",ATL,"Atlanta, GA",-3.0,-16.0,0.0,0.0,406.0,,,,,
2015,1,2015-01-06,DL,ATL,"Atlanta, GA",OMA,"Omaha, NE",-1.0,-8.0,0.0,0.0,821.0,,,,,
2015,1,2015-01-08,DL,ATL,"Atlanta, GA",OKC,"Oklahoma City, OK",-5.0,-8.0,0.0,0.0,761.0,,,,,
2015,1,2015-01-18,DL,ATL,"Atlanta, GA",SEA,"Seattle, WA",-2.0,6.0,0.0,0.0,2182.0,,,,,
2015,1,2015-01-25,DL,IAH,"Houston, TX",ATL,"Atlanta, GA",33.0,10.0,0.0,0.0,689.0,,,,,
2015,1,2015-01-29,DL,DTW,"Detroit, MI",ATL,"Atlanta, GA",108.0,120.0,0.0,0.0,594.0,108.0,0.0,12.0,0.0,0.0
2015,1,2015-01-04,WN,CMH,"Columbus, OH",ATL,"Atlanta, GA",142.0,141.0,0.0,0.0,447.0,0.0,0.0,0.0,0.0,141.0
2015,1,2015-01-26,DL,RIC,"Richmond, VA",ATL,"Atlanta, GA",-2.0,-22.0,0.0,0.0,481.0,,,,,
2015,1,2015-01-31,DL,ATL,"Atlanta, GA",RSW,"Fort Myers, FL",9.0,-4.0,0.0,0.0,515.0,,,,,
2015,1,2015-01-17,DL,RSW,"Fort Myers, FL",ATL,"Atlanta, GA",-2.0,-12.0,0.0,0.0,515.0,,,,,
2015,1,2015-01-18,DL,PIT,"Pittsburgh, PA",ATL,"Atlanta, GA",-9.0,-28.0,0.0,0.0,526.0,,,,,
2015,1,2015-01-08,DL,JAX,"Jacksonville, FL",ATL,"Atlanta, GA",-7.0,-9.0,0.0,0.0,270.0,,,,,
2015,1,2015-01-18,DL,ATL,"Atlanta, GA",SYR,"Syracuse, NY",-2.0,-21.0,0.0,0.0,794.0,,,,,
2015,1,2015-01-07,DL,ATL,"Atlanta, GA",CMH,"Columbus, OH",8.0,10.0,0.0,0.0,447.0,,,,,
2015,1,2015-01-29,DL,ATL,"Atlanta, GA",PHL,"Philadelphia, PA",11.0,-1.0,0.0,0.0,666.0,,,,,
2015,1,2015-01-06,DL,BDL,"Hartford, CT",ATL,"Atlanta, GA",2.0,2.0,0.0,0.0,859.0,,,,,
2015,1,2015-01-15,DL,IAH,"Houston, TX",ATL,"Atlanta, GA",10.0,1.0,0.0,0.0,689.0,,,,,
2015,1,2015-01-19,DL,ATL,"Atlanta, GA",MCI,"Kansas City, MO",0.0,-1.0,0.0,0.0,692.0,,,,,
2015,1,2015-01-04,WN,MDW,"Chicago, IL",ATL,"Atlanta, GA",4.0,32.0,0.0,0.0,591.0,0.0,0.0,32.0,0.0,0.0
2015,1,2015-01-22,EV,ATL,"Atlanta, GA",EYW,"Key West, FL",39.0,36.0,0.0,0.0,646.0,36.0,0.0,0.0,0.0,0.0
2015,1,2015-01-16,NK,FLL,"Fort Lauderdale, FL",ATL,"Atlanta, GA",-2.0,1.0,0.0,0.0,581.0,,,,,
2015,1,2015-01-07,DL,STL,"St. Louis, MO",ATL,"Atlanta, GA",24.0,20.0,0.0,0.0,484.0,20.0,0.0,0.0,0.0,0.0
2015,1,2015-01-14,DL,STL,"St. Louis, MO",ATL,"Atlanta, GA",0.0,8.0,0.0,0.0,484.0,,,,,
2015,1,2015-01-04,DL,ATL,"Atlanta, GA",LAX,"Los Angeles, CA",0.0,-11.0,0.0,0.0,1947.0,,,,,
2015,1,2015-01-02,DL,ATL,"Atlanta, GA",LAX,"Los Angeles, CA",23.0,2.0,0.0,0.0,1947.0,,,,,
2015,1,2015-01-20,EV,ATL,"Atlanta, GA",TRI,"Bristol/Johnson City/Kingsport, TN",0.0,-7.0,0.0,0.0,227.0,,,,,
2015,1,2015-01-05,EV,JAN,"Jackson/Vicksburg, MS",ATL,"Atlanta, GA",-4.0,-9.0,0.0,0.0,341.0,,,,,
2015,1,2015-01-03,WN,IND,"Indianapolis, IN",ATL,"Atlanta, GA",-4.0,4.0,0.0,0.0,432.0,,,,,
2015,1,2015-01-08,WN,ATL,"Atlanta, GA",FLL,"Fort Lauderdale, FL",100.0,75.0,0.0,0.0,581.0,73.0,0.0,0.0,0.0,2.0
2015,1,2015-01-21,OO,ATL,"Atlanta, GA",ORD,"Chicago, IL",-1.0,21.0,0.0,0.0,606.0,0.0,0.0,21.0,0.0,0.0
2015,1,2015-01-25,DL,BUF,"Buffalo, NY",ATL,"Atlanta, GA",-2.0,-24.0,0.0,0.0,712.0,,,,,
2015,1,2015-01-29,DL,ATL,"Atlanta, GA",BHM,"Birmingham, AL",-1.0,-10.0,0.0,0.0,134.0,,,,,
2015,1,2015-01-24,WN,MDW,"Chicago, IL",ATL,"Atlanta, GA",-4.0,-14.0,0.0,0.0,591.0,,,,,
2015,1,2015-01-07,EV,SHV,"Shreveport, LA",ATL,"Atlanta, GA",14.0,9.0,0.0,0.0,551.0,,,,,
2015,1,2015-01-23,DL,ATL,"Atlanta, GA",ORD,"Chicago, IL",-2.0,-25.0,0.0,0.0,606.0,,,,,
2015,1,2015-01-22,DL,VPS,"Valparaiso, FL",ATL,"Atlanta, GA",-3.0,-12.0,0.0,0.0,250.0,,,,,
2015,1,2015-01-16,DL,ATL,"Atlanta, GA",DCA,"Washington, DC",23.0,14.0,0.0,0.0,547.0,,,,,
2015,1,2015-01-26,DL,ATL,"Atlanta, GA",OKC,"Oklahoma City, OK",-3.0,-13.0,0.0,0.0,761.0,,,,,
2015,1,2015-01-31,DL,STT,"Charlotte Amalie, VI",ATL,"Atlanta, GA",-4.0,-19.0,0.0,0.0,1599.0,,,,,
2015,1,2015-01-14,DL,HOU,"Houston, TX",ATL,"Atlanta, GA",34.0,61.0,0.0,0.0,696.0,23.0,0.0,27.0,0.0,11.0
2015,1,2015-01-26,DL,ATL,"Atlanta, GA",MKE,"Milwaukee, WI",0.0,11.0,0.0,0.0,669.0,,,,,
2015,1,2015-01-24,DL,DCA,"Washington, DC",ATL,"Atlanta, GA",3.0,-15.0,0.0,0.0,547.0,,,,,
2015,1,2015-01-29,DL,ATL,"Atlanta, GA",PBI,"West Palm Beach/Palm Beach, FL",3.0,-4.0,0.0,0.0,545.0,,,,,
2015,1,2015-01-28,DL,BWI,"Baltimore, MD",ATL,"Atlanta, GA",-1.0,-23.0,0.0,0.0,577.0,,,,,
2015,1,2015-01-27,OO,ATL,"Atlanta, GA",SBN,"South Bend, IN",-4.0,13.0,0.0,0.0,566.0,,,,,
2015,1,2015-01-02,WN,ATL,"Atlanta, GA",HOU,"Houston, TX",3.0,-9.0,0.0,0.0,696.0,,,,,
2015,1,2015-01-29,DL,ATL,"Atlanta, GA",OKC,"Oklahoma City, OK",-2.0,-9.0,0.0,0.0,761.0,,,,,
2015,1,2015-01-04,DL,RDU,"Raleigh/Durham, NC",ATL,"Atlanta, GA",20.0,16.0,0.0,0.0,356.0,8.0,0.0,0.0,0.0,8.0
2015,1,2015-01-27,DL,ATL,"Atlanta, GA",TPA,"Tampa, FL",-2.0,-10.0,0.0,0.0,406.0,,,,,
2015,1,2015-01-04,EV,ATL,"Atlanta, GA",LEX,"Lexington, KY",78.0,83.0,0.0,0.0,304.0,77.0,0.0,5.0,0.0,1.0
2015,1,2015-01-28,DL,ATL,"Atlanta, GA",IAH,"Houston, TX",-2.0,-25.0,0.0,0.0,689.0,,,,,
2015,1,2015-01-08,WN,STL,"St. Louis, MO",ATL,"Atlanta, GA",18.0,-3.0,0.0,0.0,484.0,,,,,
2015,1,2015-01-09,DL,TPA,"Tampa, FL",ATL,"Atlanta, GA",-7.0,-3.0,0.0,0.0,406.0,,,,,
2015,1,2015-01-21,DL,MSP,"Minneapolis, MN",ATL,"Atlanta, GA",-5.0,-12.0,0.0,0.0,907.0,,,,,
2015,1,2015-01-03,DL,ATL,"Atlanta, GA",EYW,"Key West, FL",-1.0,-13.0,0.0,0.0,646.0,,,,,
2015,1,2015-01-08,EV,HPN,"White Plains, NY",ATL,"Atlanta, GA",-5.0,-20.0,0.0,0.0,780.0,,,,,
2015,1,2015-01-18,DL,MCO,"Orlando, FL",ATL,"Atlanta, GA",-1.0,-17.0,0.0,0.0,404.0,,,,,
2015,1,2015-01-05,DL,ATL,"Atlanta, GA",DTW,"Detroit, MI",9.0,7.0,0.0,0.0,594.0,,,,,
2015,1,2015-01-12,DL,ATL,"Atlanta, GA",DAY,"Dayton, OH",12.0,3.0,0.0,0.0,432.0,,,,,
2015,1,2015-01-29,EV,ATL,"Atlanta, GA",VLD,"Valdosta, GA",-4.0,-9.0,0.0,0.0,208.0,,,,,
2015,1,2015-01-21,EV,OAJ,"Jacksonville/Camp Lejeune, NC",ATL,"Atlanta, GA",-8.0,-9.0,0.0,0.0,399.0,,,,,
2015,1,2015-01-09,DL,PBI,"West Palm Beach/Palm Beach, FL",ATL,"Atlanta, GA",4.0,-7.0,0.0,0.0,545.0,,,,,
2015,1,2015-01-13,DL,ATL,"Atlanta, GA",FLL,"Fort Lauderdale, FL",1.0,-8.0,0.0,0.0,581.0,,,,,
2015,1,2015-01-01,NK,FLL,"Fort Lauderdale, FL",ATL,"Atlanta, GA",-1.0,9.0,0.0,0.0,581.0,,,,,
2015,1,2015-01-10,DL,RDU,"Raleigh/Durham, NC",ATL,"Atlanta, GA",-1.0,-31.0,0.0,0.0,356.0,,,,,
2015,1,2015-01-07,DL,DTW,"Detroit, MI",ATL,"Atlanta, GA",-1.0,-33.0,0.0,0.0,594.0,,,,,
2015,1,2015-01-17,WN,MDW,"Chicago, IL",ATL,"Atlanta, GA",-4.0,-11.0,0.0,0.0,591.0,,,,,
2015,1,2015-01-12,DL,ATL,"Atlanta, GA",IAH,"Houston, TX",95.0,109.0,0.0,0.0,689.0,0.0,16.0,14.0,0.0,79.0
2015,1,2015-01-03,EV,ATL,"Atlanta, GA",LNK,"Lincoln, NE",21.0,3.0,0.0,0.0,841.0,,,,,
2015,1,2015-01-07,DL,IND,"Indianapolis, IN",ATL,"Atlanta, GA",3.0,-18.0,0.0,0.0,432.0,,,,,
2015,1,2015-01-04,DL,FLL,"Fort Lauderdale, FL",ATL,"Atlanta, GA",24.0,6.0,0.0,0.0,581.0,,,,,
2015,1,2015-01-22,US,ATL,"Atlanta, GA",PHX,"Phoenix, AZ",-8.0,-19.0,0.0,0.0,1587.0,,,,,
2015,1,2015-01-12,WN,ATL,"Atlanta, GA",HOU,"Houston, TX",61.0,47.0,0.0,0.0,696.0,44.0,0.0,0.0,0.0,3.0
2015,1,2015-01-05,DL,ATL,"Atlanta, GA",PNS,"Pensacola, FL",0.0,4.0,0.0,0.0,271.0,,,,,
2015,1,2015-01-29,DL,JFK,"New York, NY",ATL,"Atlanta, GA",11.0,-2.0,0.0,0.0,760.0,,,,,
2015,1,2015-01-12,EV,TRI,"Bristol/Johnson City/Kingsport, TN",ATL,"Atlanta, GA",101.0,104.0,0.0,0.0,227.0,1.0,0.0,3.0,0.0,100.0
2015,1,2015-01-08,DL,CMH,"Columbus, OH",ATL,"Atlanta, GA",11.0,20.0,0.0,0.0,447.0,3.0,0.0,9.0,0.0,8.0
2015,1,2015-01-12,WN,MCO,"Orlando, FL",ATL,"Atlanta, GA",7.0,-4.0,0.0,0.0,404.0,,,,,
2015,1,2015-01-10,EV,SGF,"Springfield, MO",ATL,"Atlanta, GA",-5.0,-14.0,0.0,0.0,563.0,,,,,
2015,1,2015-01-01,EV,ATL,"Atlanta, GA",SHV,"Shreveport, LA",-4.0,-21.0,0.0,0.0,551.0,,,,,
2015,1,2015-01-03,EV,SGF,"Springfield, MO",ATL,"Atlanta, GA",-1.0,-1.0,0.0,0.0,563.0,,,,,
2015,1,2015-01-02,WN,ATL,"Atlanta, GA",MDW,"Chicago, IL",35.0,23.0,0.0,0.0,591.0,11.0,0.0,0.0,0.0,12.0
2015,1,2015-01-24,DL,ATL,"Atlanta, GA",DTW,"Detroit, MI",-2.0,-11.0,0.0,0.0,594.0,,,,,
2015,1,2015-01-05,DL,ATL,"Atlanta, GA",MCI,"Kansas City, MO",-3.0,-10.0,0.0,0.0,692.0,,,,,
2015,1,2015-01-22,WN,DCA,"Washington, DC",ATL,"Atlanta, GA",-6.0,-32.0,0.0,0.0,547.0,,,,,
2015,1,2015-01-14,DL,MYR,"Myrtle Beach, SC",ATL,"Atlanta, GA",2.0,-7.0,0.0,0.0,317.0,,,,,
2015,1,2015-01-08,DL,ATL,"Atlanta, GA",IND,"Indianapolis, IN",81.0,74.0,0.0,0.0,432.0,74.0,0.0,0.0,0.0,0.0
2015,1,2015-01-22,DL,DAL,"Dallas, TX",ATL,"Atlanta, GA",-3.0,-2.0,0.0,0.0,721.0,,,,,
2015,1,2015-01-05,DL,ATL,"Atlanta, GA",MCO,"Orlando, FL",-3.0,-3.0,0.0,0.0,404.0,,,,,
2015,1,2015-01-14,DL,ATL,"Atlanta, GA",FNT,"Flint, MI",-4.0,-6.0,0.0,0.0,645.0,,,,,
2015,1,2015-01-30,EV,AEX,"Alexandria, LA",ATL,"Atlanta, GA",-11.0,-20.0,0.0,0.0,500.0,,,,,
2015,1,2015-01-18,DL,CAK,"Akron, OH",ATL,"Atlanta, GA",-3.0,-24.0,0.0,0.0,528.0,,,,,
2015,1,2015-01-09,DL,ATL,"Atlanta, GA",PNS,"Pensacola, FL",87.0,74.0,0.0,0.0,271.0,1.0,0.0,0.0,0.0,73.0
2015,1,2015-01-23,DL,ATL,"Atlanta, GA",SDF,"Louisville, KY",-1.0,-13.0,0.0,0.0,321.0,,,,,
2015,1,2015-01-04,WN,ATL,"Atlanta, GA",DTW,"Detroit, MI",7.0,-2.0,0.0,0.0,594.0,,,,,
2015,1,2015-01-28,US,PHX,"Phoenix, AZ",ATL,"Atlanta, GA",-1.0,-11.0,0.0,0.0,1587.0,,,,,
2015,1,2015-01-22,DL,ATL,"Atlanta, GA",BOS,"Boston, MA",6.0,-16.0,0.0,0.0,946.0,,,,,
2015,1,2015-01-27,DL,FLL,"Fort Lauderdale, FL",ATL,"Atlanta, GA",-3.0,13.0,0.0,0.0,581.0,,,,,
2015,1,2015-01-03,EV,ATL,"Atlanta, GA",CLE,"Cleveland, OH",-3.0,2.0,0.0,0.0,554.0,,,,,
2015,1,2015-01-01,DL,CVG,"Cincinnati, OH",ATL,"Atlanta, GA",-2.0,-3.0,0.0,0.0,373.0,,,,,
2015,1,2015-01-15,DL,ATL,"Atlanta, GA",GRR,"Grand Rapids, MI",-2.0,-12.0,0.0,0.0,640.0,,,,,
2015,1,2015-01-19,DL,PIT,"Pittsburgh, PA",ATL,"Atlanta, GA",15.0,-15.0,0.0,0.0,526.0,,,,,
2015,1,2015-01-12,DL,ATL,"Atlanta, GA",TUS,"Tucson, AZ",3.0,-9.0,0.0,0.0,1541.0,,,,,
2015,1,2015-01-02,DL,ATL,"Atlanta, GA",PBI,"West Palm Beach/Palm Beach, FL",22.0,24.0,0.0,0.0,545.0,0.0,22.0,2.0,0.0,0.0
2015,1,2015-01-30,DL,ATL,"Atlanta, GA",HSV,"Huntsville, AL",-6.0,-11.0,0.0,0.0,151.0,,,,,
2015,1,2015-01-08,DL,AUS,"Austin, TX",ATL,"Atlanta, GA",-3.0,-14.0,0.0,0.0,813.0,,,,,
2015,1,2015-01-11,DL,STT,"Charlotte Amalie, VI",ATL,"Atlanta, GA",-3.0,-11.0,0.0,0.0,1599.0,,,,,
2015,1,2015-01-19,WN,ATL,"Atlanta, GA",MCO,"Orlando, FL",-1.0,-10.0,0.0,0.0,404.0,,,,,
2015,1,2015-01-04,NK,ATL,"Atlanta, GA",FLL,"Fort Lauderdale, FL",1.0,4.0,0.0,0.0,581.0,,,,,
2015,1,2015-01-09,DL,BWI,"Baltimore, MD",ATL,"Atlanta, GA",-5.0,-8.0,0.0,0.0,577.0,,,,,
2015,1,2015-01-17,DL,ICT,"Wichita, KS",ATL,"Atlanta, GA",-6.0,-13.0,0.0,0.0,782.0,,,,,
2015,1,2015-01-23,EV,AGS,"Augusta, GA",ATL,"Atlanta, GA",-8.0,-10.0,0.0,0.0,143.0,,,,,
2015,1,2015-01-04,DL,ATL,"Atlanta, GA",TPA,"Tampa, FL",44.0,57.0,0.0,0.0,406.0,0.0,0.0,57.0,0.0,0.0
2015,1,2015-01-05,WN,ATL,"Atlanta, GA",BOS,"Boston, MA",22.0,11.0,0.0,0.0,946.0,,,,,
2015,1,2015-01-14,DL,MCI,"Kansas City, MO",ATL,"Atlanta, GA",0.0,-7.0,0.0,0.0,692.0,,,,,
2015,1,2015-01-26,EV,ATL,"Atlanta, GA",MLI,"Moline, IL",-4.0,-3.0,0.0,0.0,633.0,,,,,
2015,1,2015-01-21,DL,DAL,"Dallas, TX",ATL,"Atlanta, GA",3.0,-2.0,0.0,0.0,721.0,,,,,
2015,1,2015-01-14,WN,RSW,"Fort Myers, FL",ATL,"Atlanta, GA",15.0,10.0,0.0,0.0,515.0,,,,,
2015,1,2015-01-06,EV,ATL,"Atlanta, GA",AEX,"Alexandria, LA",-2.0,-14.0,0.0,0.0,500.0,,,,,
2015,1,2015-01-30,WN,RSW,"Fort Myers, FL",ATL,"Atlanta, GA",-4.0,2.0,0.0,0.0,515.0,,,,,
2015,1,2015-01-29,DL,ATL,"Atlanta, GA",LAX,"Los Angeles, CA",11.0,-11.0,0.0,0.0,1947.0,,,,,
2015,1,2015-01-15,WN,ATL,"Atlanta, GA",LAS,"Las Vegas, NV",-1.0,0.0,0.0,0.0,1747.0,,,,,
2015,1,2015-01-03,DL,BDL,"Hartford, CT",ATL,"Atlanta, GA",1.0,-2.0,0.0,0.0,859.0,,,,,
2015,1,2015-01-17,WN,MCI,"Kansas City, MO",ATL,"Atlanta, GA",-4.0,-17.0,0.0,0.0,692.0,,,,,
2015,1,2015-01-02,DL,ATL,"Atlanta, GA",LAX,"Los Angeles, CA",12.0,-5.0,0.0,0.0,1947.0,,,,,
2015,1,2015-01-29,DL,BNA,"Nashville, TN",ATL,"Atlanta, GA",4.0,-3.0,0.0,0.0,214.0,,,,,
2015,1,2015-01-17,WN,BOS,"Boston, MA",ATL,"Atlanta, GA",-4.0,-39.0,0.0,0.0,946.0,,,,,
2015,1,2015-01-15,DL,ATL,"Atlanta, GA",PHL,"Philadelphia, PA",-4.0,-13.0,0.0,0.0,666.0,,,,,
2015,1,2015-01-09,DL,ATL,"Atlanta, GA",GRR,"Grand Rapids, MI",7.0,1.0,0.0,0.0,640.0,,,,,
2015,1,2015-01-13,EV,ATL,"Atlanta, GA",MYR,"Myrtle Beach, SC",-4.0,19.0,0.0,0.0,317.0,0.0,0.0,19.0,0.0,0.0
2015,1,2015-01-12,EV,LEX,"Lexington, KY",ATL,"Atlanta, GA",84.0,88.0,0.0,0.0,304.0,84.0,0.0,4.0,0.0,0.0
2015,1,2015-01-17,DL,ATL,"Atlanta, GA",LAX,"Los Angeles, CA",0.0,-22.0,0.0,0.0,1947.0,,,,,
2015,1,2015-01-13,DL,STL,"St. Louis, MO",ATL,"Atlanta, GA",-7.0,-5.0,0.0,0.0,484.0,,,,,
2015,1,2015-01-27,DL,ATL,"Atlanta, GA",MDW,"Chicago, IL",-2.0,12.0,0.0,0.0,591.0,,,,,
2015,1,2015-01-10,DL,LAX,"Los Angeles, CA",ATL,"Atlanta, GA",51.0,52.0,0.0,0.0,1947.0,0.0,51.0,1.0,0.0,0.0
2015,1,2015-01-08,AS,SEA,"Seattle, WA",ATL,"Atlanta, GA",10.0,-1.0,0.0,0.0,2182.0,,,,,
2015,1,2015-01-13,DL,ATL,"Atlanta, GA",ORD,"Chicago, IL",-2.0,-24.0,0.0,0.0,606.0,,,,,
2015,1,2015-01-15,DL,ATL,"Atlanta, GA",XNA,"Fayetteville, AR",27.0,18.0,0.0,0.0,589.0,0.0,0.0,0.0,0.0,18.0
2015,1,2015-01-25,EV,MGM,"Montgomery, AL",ATL,"Atlanta, GA",-8.0,-12.0,0.0,0.0,147.0,,,,,
2015,1,2015-01-14,EV,PHF,"Newport News/Williamsburg, VA",ATL,"Atlanta, GA",132.0,165.0,0.0,0.0,508.0,132.0,0.0,33.0,0.0,0.0
2015,1,2015-01-27,DL,ATL,"Atlanta, GA",GSO,"Greensboro/High Point, NC",-8.0,-16.0,0.0,0.0,306.0,,,,,
2015,1,2015-01-27,DL,OMA,"Omaha, NE",ATL,"Atlanta, GA",-10.0,-17.0,0.0,0.0,821.0,,,,,
2015,1,2015-01-15,DL,CHA,"Chattanooga, TN",ATL,"Atlanta, GA",-4.0,-2.0,0.0,0.0,106.0,,,,,
2015,1,2015-01-20,DL,MSP,"Minneapolis, MN",ATL,"Atlanta, GA",-4.0,-9.0,0.0,0.0,907.0,,,,,
2015,1,2015-01-21,EV,DHN,"Dothan, AL",ATL,"Atlanta, GA",26.0,75.0,0.0,0.0,170.0,26.0,0.0,49.0,0.0,0.0
2015,1,2015-01-12,EV,XNA,"Fayetteville, AR",ATL,"Atlanta, GA",164.0,172.0,0.0,0.0,589.0,155.0,0.0,8.0,0.0,9.0
2015,1,2015-01-26,DL,ATL,"Atlanta, GA",JAX,"Jacksonville, FL",11.0,5.0,0.0,0.0,270.0,,,,,
2015,1,2015-01-07,DL,ATL,"Atlanta, GA",SDF,"Louisville, KY",10.0,5.0,0.0,0.0,321.0,,,,,
2015,1,2015-01-08,EV,MOB,"Mobile, AL",ATL,"Atlanta, GA",-9.0,-8.0,0.0,0.0,302.0,,,,,
2015,1,2015-01-05,DL,ATL,"Atlanta, GA",MKE,"Milwaukee, WI",-2.0,-11.0,0.0,0.0,669.0,,,,,
2015,1,2015-01-07,DL,ATL,"Atlanta, GA",PNS,"Pensacola, FL",-4.0,-9.0,0.0,0.0,271.0,,,,,
2015,1,2015-01-27,EV,ATL,"Atlanta, GA",MLU,"Monroe, LA",-12.0,2.0,0.0,0.0,448.0,,,,,
2015,1,2015-01-03,WN,ATL,"Atlanta, GA",DAL,"Dallas, TX",3.0,5.0,0.0,0.0,721.0,,,,,
2015,1,2015-01-20,DL,CVG,"Cincinnati, OH",ATL,"Atlanta, GA",-4.0,-29.0,0.0,0.0,373.0,,,,,
2015,1,2015-01-17,DL,ATL,"Atlanta, GA",BOS,"Boston, MA",-1.0,-21.0,0.0,0.0,946.0,,,,,
2015,1,2015-01-06,DL,RSW,"Fort Myers, FL",ATL,"Atlanta, GA",4.0,0.0,0.0,0.0,515.0,,,,,
2015,1,2015-01-26,OO,GRB,"Green Bay, WI",ATL,"Atlanta, GA",80.0,74.0,0.0,0.0,774.0,74.0,0.0,0.0,0.0,0.0
2015,1,2015-01-14,DL,EWR,"Newark, NJ",ATL,"Atlanta, GA",-4.0,7.0,0.0,0.0,746.0,,,,,
2015,1,2015-01-26,WN,SJU,"San Juan, PR",ATL,"Atlanta, GA",4.0,2.0,0.0,0.0,1547.0,,,,,
2015,1,2015-01-26,DL,ROC,"Rochester, NY",ATL,"Atlanta, GA",2.0,-26.0,0.0,0.0,749.0,,,,,
2015,1,2015-01-04,DL,ATL,"Atlanta, GA",OMA,"Omaha, NE",-5.0,-19.0,0.0,0.0,821.0,,,,,
2015,1,2015-01-22,WN,MCO,"Orlando, FL",ATL,"Atlanta, GA",-1.0,-21.0,0.0,0.0,404.0,,,,,
2015,1,2015-01-24,EV,IAD,"Washington, DC",ATL,"Atlanta, GA",6.0,-2.0,0.0,0.0,534.0,,,,,
2015,1,2015-01-26,DL,DAB,"Daytona Beach, FL",ATL,"Atlanta, GA",9.0,7.0,0.0,0.0,366.0,,,,,
2015,1,2015-01-26,DL,ATL,"Atlanta, GA",ALB,"Albany, NY",,,1.0,0.0,853.0,,,,,
2015,1,2015-01-25,DL,FAY,"Fayetteville, NC",ATL,"Atlanta, GA",3.0,-12.0,0.0,0.0,331.0,,,,,
2015,1,2015-01-28,DL,ATL,"Atlanta, GA",DAL,"Dallas, TX",-3.0,-4.0,0.0,0.0,721.0,,,,,
2015,1,2015-01-27,WN,ATL,"Atlanta, GA",MDW,"Chicago, IL",-3.0,5.0,0.0,0.0,591.0,,,,,
2015,1,2015-01-26,DL,BDL,"Hartford, CT",ATL,"Atlanta, GA",2.0,-34.0,0.0,0.0,859.0,,,,,
2015,1,2015-01-26,DL,TYS,"Knoxville, TN",ATL,"Atlanta, GA",-1.0,-17.0,0.0,0.0,152.0,,,,,
2015,1,2015-01-27,US,ATL,"Atlanta, GA",PHL,"Philadelphia, PA",,,1.0,0.0,666.0,,,,,
2015,1,2015-01-04,EV,ATL,"Atlanta, GA",AGS,"Augusta, GA",14.0,9.0,0.0,0.0,143.0,,,,,
2015,1,2015-01-16,DL,BOS,"Boston, MA",ATL,"Atlanta, GA",179.0,145.0,0.0,0.0,946.0,0.0,0.0,0.0,0.0,145.0
2015,1,2015-01-05,DL,ATL,"Atlanta, GA",SAV,"Savannah, GA",-1.0,-11.0,0.0,0.0,214.0,,,,,
2015,1,2015-01-10,DL,ATL,"Atlanta, GA",DAL,"Dallas, TX",-1.0,-17.0,0.0,0.0,721.0,,,,,
2015,1,2015-01-16,EV,EWN,"New Bern/Morehead/Beaufort, NC",ATL,"Atlanta, GA",-2.0,-7.0,0.0,0.0,433.0,,,,,
2015,1,2015-01-14,DL,ATL,"Atlanta, GA",SJU,"San Juan, PR",-2.0,-11.0,0.0,0.0,1547.0,,,,,
2015,1,2015-01-26,EV,ATL,"Atlanta, GA",OKC,"Oklahoma City, OK",-1.0,1.0,0.0,0.0,761.0,,,,,
2015,1,2015-01-24,DL,JAX,"Jacksonville, FL",ATL,"Atlanta, GA",-5.0,-12.0,0.0,0.0,270.0,,,,,
2015,1,2015-01-31,WN,ATL,"Atlanta, GA",DTW,"Detroit, MI",-1.0,-16.0,0.0,0.0,594.0,,,,,
2015,1,2015-01-23,DL,ATL,"Atlanta, GA",PBI,"West Palm Beach/Palm Beach, FL",7.0,-11.0,0.0,0.0,545.0,,,,,
2015,1,2015-01-08,DL,ATL,"Atlanta, GA",RDU,"Raleigh/Durham, NC",10.0,-4.0,0.0,0.0,356.0,,,,,
2015,1,2015-01-28,DL,ATL,"Atlanta, GA",SFO,"San Francisco, CA",-4.0,-13.0,0.0,0.0,2139.0,,,,,
2015,1,2015-01-02,EV,ATL,"Atlanta, GA",CHO,"Charlottesville, VA",4.0,4.0,0.0,0.0,457.0,,,,,
2015,1,2015-01-09,DL,ATL,"Atlanta, GA",SRQ,"Sarasota/Bradenton, FL",5.0,5.0,0.0,0.0,444.0,,,,,
2015,1,2015-01-16,DL,ORD,"Chicago, IL",ATL,"Atlanta, GA",28.0,15.0,0.0,0.0,606.0,4.0,0.0,0.0,0.0,11.0
2015,1,2015-01-13,DL,MCO,"Orlando, FL",ATL,"Atlanta, GA",4.0,8.0,0.0,0.0,404.0,,,,,
2015,1,2015-01-04,EV,ATL,"Atlanta, GA",GNV,"Gainesville, FL",14.0,20.0,0.0,0.0,300.0,0.0,0.0,6.0,0.0,14.0
2015,1,2015-01-24,F9,ATL,"Atlanta, GA",DEN,"Denver, CO",-4.0,-10.0,0.0,0.0,1199.0,,,,,
2015,1,2015-01-14,DL,GSO,"Greensboro/High Point, NC",ATL,"Atlanta, GA",-5.0,-6.0,0.0,0.0,306.0,,,,,
2015,1,2015-01-05,US,PHX,"Phoenix, AZ",ATL,"Atlanta, GA",-4.0,7.0,0.0,0.0,1587.0,,,,,
2015,1,2015-01-04,DL,ATL,"Atlanta, GA",RSW,"Fort Myers, FL",-1.0,-3.0,0.0,0.0,515.0,,,,,
2015,1,2015-01-24,US,PHX,"Phoenix, AZ",ATL,"Atlanta, GA",10.0,0.0,0.0,0.0,1587.0,,,,,
2015,1,2015-01-28,AA,ATL,"Atlanta, GA",DFW,"Dallas/Fort Worth, TX",-7.0,-27.0,0.0,0.0,731.0,,,,,
2015,1,2015-01-06,DL,ATL,"Atlanta, GA",GRR,"Grand Rapids, MI",5.0,2.0,0.0,0.0,640.0,,,,,
2015,1,2015-01-08,DL,ATL,"Atlanta, GA",DCA,"Washington, DC",-6.0,-20.0,0.0,0.0,547.0,,,,,
2015,1,2015-01-07,DL,ATL,"Atlanta, GA",GSP,"Greer, SC",-2.0,-20.0,0.0,0.0,153.0,,,,,
2015,1,2015-01-19,DL,DAY,"Dayton, OH",ATL,"Atlanta, GA",-3.0,-21.0,0.0,0.0,432.0,,,,,
2015,1,2015-01-24,DL,ATL,"Atlanta, GA",ORD,"Chicago, IL",-2.0,16.0,0.0,0.0,606.0,0.0,0.0,16.0,0.0,0.0
2015,1,2015-01-26,DL,ATL,"Atlanta, GA",AUS,"Austin, TX",-2.0,-24.0,0.0,0.0,813.0,,,,,
2015,1,2015-01-16,DL,ATL,"Atlanta, GA",DTW,"Detroit, MI",-1.0,-10.0,0.0,0.0,594.0,,,,,
2015,1,2015-01-22,NK,ORD,"Chicago, IL",ATL,"Atlanta, GA",-8.0,-7.0,0.0,0.0,606.0,,,,,
2015,1,2015-01-05,DL,ATL,"Atlanta, GA",FAY,"Fayetteville, NC",-2.0,-10.0,0.0,0.0,331.0,,,,,
2015,1,2015-01-11,DL,PHL,"Philadelphia, PA",ATL,"Atlanta, GA",-13.0,-26.0,0.0,0.0,666.0,,,,,
2015,1,2015-01-20,WN,MCO,"Orlando, FL",ATL,"Atlanta, GA",-5.0,-23.0,0.0,0.0,404.0,,,,,
2015,1,2015-01-25,DL,ATL,"Atlanta, GA",SHV,"Shreveport, LA",-2.0,-11.0,0.0,0.0,551.0,,,,,
2015,1,2015-01-26,DL,BWI,"Baltimore, MD",ATL,"Atlanta, GA",-6.0,-8.0,0.0,0.0,577.0,,,,,
2015,1,2015-01-25,DL,SFO,"San Francisco, CA",ATL,"Atlanta, GA",-2.0,-1.0,0.0,0.0,2139.0,,,,,
2015,1,2015-01-16,WN,ATL,"Atlanta, GA",DEN,"Denver, CO",0.0,-6.0,0.0,0.0,1199.0,,,,,
2015,1,2015-01-23,DL,CLE,"Cleveland, OH",ATL,"Atlanta, GA",-3.0,9.0,0.0,0.0,554.0,,,,,
2015,1,2015-01-25,DL,ATL,"Atlanta, GA",TUS,"Tucson, AZ",-3.0,-25.0,0.0,0.0,1541.0,,,,,
2015,1,2015-01-13,DL,DFW,"Dallas/Fort Worth, TX",ATL,"Atlanta, GA",1.0,4.0,0.0,0.0,731.0,,,,,
2015,1,2015-01-22,EV,JAN,"Jackson/Vicksburg, MS",ATL,"Atlanta, GA",-5.0,-9.0,0.0,0.0,341.0,,,,,
2015,1,2015-01-14,DL,ATL,"Atlanta, GA",CLT,"Charlotte, NC",35.0,15.0,0.0,0.0,226.0,15.0,0.0,0.0,0.0,0.0
2015,1,2015-01-30,DL,SFO,"San Francisco, CA",ATL,"Atlanta, GA",-3.0,-4.0,0.0,0.0,2139.0,,,,,
2015,1,2015-01-31,DL,ATL,"Atlanta, GA",BOS,"Boston, MA",0.0,-15.0,0.0,0.0,946.0,,,,,
2015,1,2015-01-23,DL,ATL,"Atlanta, GA",MOB,"Mobile, AL",-5.0,17.0,0.0,0.0,302.0,0.0,0.0,17.0,0.0,0.0
2015,1,2015-01-09,EV,SGF,"Springfield, MO",ATL,"Atlanta, GA",-3.0,-7.0,0.0,0.0,563.0,,,,,
2015,1,2015-01-26,DL,ATL,"Atlanta, GA",RDU,"Raleigh/Durham, NC",-3.0,7.0,0.0,0.0,356.0,,,,,
2015,1,2015-01-31,EV,CHO,"Charlottesville, VA",ATL,"Atlanta, GA",-10.0,-32.0,0.0,0.0,457.0,,,,,
2015,1,2015-01-02,DL,ATL,"Atlanta, GA",MSY,"New Orleans, LA",-4.0,1.0,0.0,0.0,425.0,,,,,
2015,1,2015-01-25,EV,LFT,"Lafayette, LA",ATL,"Atlanta, GA",-1.0,1.0,0.0,0.0,503.0,,,,,
2015,1,2015-01-15,US,CLT,"Charlotte, NC",ATL,"Atlanta, GA",-5.0,3.0,0.0,0.0,226.0,,,,,
2015,1,2015-01-22,DL,LAX,"Los Angeles, CA",ATL,"Atlanta, GA",0.0,-2.0,0.0,0.0,1947.0,,,,,
2015,1,2015-01-17,AA,ATL,"Atlanta, GA",MIA,"Miami, FL",-3.0,-17.0,0.0,0.0,594.0,,,,,
2015,1,2015-01-23,EV,ALB,"Albany, NY",ATL,"Atlanta, GA",-7.0,11.0,0.0,0.0,853.0,,,,,
2015,1,2015-01-29,EV,MOB,"Mobile, AL",ATL,"Atlanta, GA",-6.0,-15.0,0.0,0.0,302.0,,,,,
2015,1,2015-01-04,AA,MIA,"Miami, FL",ATL,"Atlanta, GA",33.0,25.0,0.0,0.0,594.0,14.0,0.0,0.0,0.0,11.0
2015,1,2015-01-23,DL,HOU,"Houston, TX",ATL,"Atlanta, GA",1.0,10.0,0.0,0.0,696.0,,,,,
2015,1,2015-01-07,WN,ATL,"Atlanta, GA",BWI,"Baltimore, MD",23.0,11.0,0.0,0.0,577.0,,,,,
2015,1,2015-01-14,EV,ATL,"Atlanta, GA",HPN,"White Plains, NY",14.0,29.0,0.0,0.0,780.0,14.0,0.0,15.0,0.0,0.0
2015,1,2015-01-28,EV,BTR,"Baton Rouge, LA",ATL,"Atlanta, GA",-7.0,-11.0,0.0,0.0,448.0,,,,,
2015,1,2015-01-18,DL,ATL,"Atlanta, GA",SMF,"Sacramento, CA",-2.0,-14.0,0.0,0.0,2092.0,,,,,
2015,1,2015-01-04,DL,HSV,"Huntsville, AL",ATL,"Atlanta, GA",18.0,11.0,0.0,0.0,151.0,,,,,
2015,1,2015-01-21,DL,ATL,"Atlanta, GA",FLL,"Fort Lauderdale, FL",34.0,24.0,0.0,0.0,581.0,24.0,0.0,0.0,0.0,0.0
2015,1,2015-01-18,EV,ATL,"Atlanta, GA",SGF,"Springfield, MO",4.0,-7.0,0.0,0.0,563.0,,,,,
2015,1,2015-01-26,DL,ATL,"Atlanta, GA",GSO,"Greensboro/High Point, NC",-3.0,-6.0,0.0,0.0,306.0,,,,,
2015,1,2015-01-07,DL,EWR,"Newark, NJ",ATL,"Atlanta, GA",-5.0,-16.0,0.0,0.0,746.0,,,,,
2015,1,2015-01-22,EV,ATL,"Atlanta, GA",LEX,"Lexington, KY",3.0,-7.0,0.0,0.0,304.0,,,,,
2015,1,2015-01-08,EV,ATL,"Atlanta, GA",SHV,"Shreveport, LA",0.0,-10.0,0.0,0.0,551.0,,,,,
2015,1,2015-01-22,DL,CHS,"Charleston, SC",ATL,"Atlanta, GA",-2.0,-18.0,0.0,0.0,259.0,,,,,
2015,1,2015-01-04,F9,ATL,"Atlanta, GA",CLE,"Cleveland, OH",25.0,12.0,0.0,0.0,554.0,,,,,
2015,1,2015-01-30,US,PHL,"Philadelphia, PA",ATL,"Atlanta, GA",-6.0,-19.0,0.0,0.0,666.0,,,,,
2015,1,2015-01-23,WN,HOU,"Houston, TX",ATL,"Atlanta, GA",5.0,-1.0,0.0,0.0,696.0,,,,,
2015,1,2015-01-21,DL,GSP,"Greer, SC",ATL,"Atlanta, GA",-1.0,-14.0,0.0,0.0,153.0,,,,,
2015,1,2015-01-28,DL,ATL,"Atlanta, GA",MCO,"Orlando, FL",-6.0,-10.0,0.0,0.0,404.0,,,,,
2015,1,2015-01-21,DL,ATL,"Atlanta, GA",SRQ,"Sarasota/Bradenton, FL",-2.0,-16.0,0.0,0.0,444.0,,,,,
2015,1,2015-01-05,DL,ATL,"Atlanta, GA",MCI,"Kansas City, MO",-4.0,-10.0,0.0,0.0,692.0,,,,,
2015,1,2015-01-24,DL,STL,"St. Louis, MO",ATL,"Atlanta, GA",-5.0,-21.0,0.0,0.0,484.0,,,,,
2015,1,2015-01-20,EV,ATL,"Atlanta, GA",GSO,"Greensboro/High Point, NC",-6.0,-8.0,0.0,0.0,306.0,,,,,
2015,1,2015-01-10,DL,ATL,"Atlanta, GA",EWR,"Newark, NJ",-2.0,-13.0,0.0,0.0,746.0,,,,,
2015,1,2015-01-11,DL,OMA,"Omaha, NE",ATL,"Atlanta, GA",-2.0,-7.0,0.0,0.0,821.0,,,,,
2015,1,2015-01-13,DL,ATL,"Atlanta, GA",ATW,"Appleton, WI",-1.0,-10.0,0.0,0.0,765.0,,,,,
2015,1,2015-01-22,DL,ATL,"Atlanta, GA",STL,"St. Louis, MO",-8.0,-9.0,0.0,0.0,484.0,,,,,
2015,1,2015-01-15,DL,ATL,"Atlanta, GA",RDU,"Raleigh/Durham, NC",37.0,35.0,0.0,0.0,356.0,35.0,0.0,0.0,0.0,0.0
2015,1,2015-01-07,WN,BWI,"Baltimore, MD",ATL,"Atlanta, GA",1.0,0.0,0.0,0.0,577.0,,,,,
2015,1,2015-01-22,DL,ATL,"Atlanta, GA",RDU,"Raleigh/Durham, NC",-4.0,-6.0,0.0,0.0,356.0,,,,,
2015,1,2015-01-17,EV,ATL,"Atlanta, GA",BMI,"Bloomington/Normal, IL",-7.0,-2.0,0.0,0.0,533.0,,,,,
2015,1,2015-01-14,DL,SNA,"Santa Ana, CA",ATL,"Atlanta, GA",0.0,-3.0,0.0,0.0,1919.0,,,,,
2015,1,2015-01-26,WN,IND,"Indianapolis, IN",ATL,"Atlanta, GA",-3.0,-4.0,0.0,0.0,432.0,,,,,
2015,1,2015-01-02,DL,RSW,"Fort Myers, FL",ATL,"Atlanta, GA",-7.0,-12.0,0.0,0.0,515.0,,,,,
2015,1,2015-01-21,DL,CHS,"Charleston, SC",ATL,"Atlanta, GA",-1.0,-13.0,0.0,0.0,259.0,,,,,
2015,1,2015-01-30,EV,AVP,"Scranton/Wilkes-Barre, PA",ATL,"Atlanta, GA",-3.0,-5.0,0.0,0.0,714.0,,,,,
2015,1,2015-01-10,DL,SFO,"San Francisco, CA",ATL,"Atlanta, GA",-2.0,-7.0,0.0,0.0,2139.0,,,,,
2015,1,2015-01-15,DL,EVV,"Evansville, IN",ATL,"Atlanta, GA",-3.0,-10.0,0.0,0.0,350.0,,,,,
2015,1,2015-01-02,DL,ATL,"Atlanta, GA",SAN,"San Diego, CA",20.0,6.0,0.0,0.0,1892.0,,,,,
2015,1,2015-01-30,DL,IAD,"Washington, DC",ATL,"Atlanta, GA",-1.0,-24.0,0.0,0.0,534.0,,,,,
2015,1,2015-01-05,EV,ATL,"Atlanta, GA",VLD,"Valdosta, GA",-4.0,-7.0,0.0,0.0,208.0,,,,,
2015,1,2015-01-14,WN,SAT,"San Antonio, TX",ATL,"Atlanta, GA",-3.0,-7.0,0.0,0.0,874.0,,,,,
2015,1,2015-01-14,DL,MCO,"Orlando, FL",ATL,"Atlanta, GA",0.0,-5.0,0.0,0.0,404.0,,,,,
2015,1,2015-01-04,DL,ATL,"Atlanta, GA",SAV,"Savannah, GA",15.0,14.0,0.0,0.0,214.0,,,,,
2015,1,2015-01-17,DL,MTJ,"Montrose/Delta, CO",ATL,"Atlanta, GA",-1.0,-24.0,0.0,0.0,1352.0,,,,,
2015,1,2015-01-27,DL,ATL,"Atlanta, GA",IND,"Indianapolis, IN",-2.0,30.0,0.0,0.0,432.0,0.0,0.0,30.0,0.0,0.0
2015,1,2015-01-08,AA,ATL,"Atlanta, GA",DFW,"Dallas/Fort Worth, TX",6.0,-10.0,0.0,0.0,731.0,,,,,
2015,1,2015-01-28,DL,PNS,"Pensacola, FL",ATL,"Atlanta, GA",149.0,131.0,0.0,0.0,271.0,131.0,0.0,0.0,0.0,0.0
2015,1,2015-01-08,DL,ATL,"Atlanta, GA",BHM,"Birmingham, AL",34.0,27.0,0.0,0.0,134.0,0.0,17.0,0.0,0.0,10.0
2015,1,2015-01-16,DL,ATL,"Atlanta, GA",MCO,"Orlando, FL",6.0,6.0,0.0,0.0,404.0,,,,,
2015,1,2015-01-15,WN,DCA,"Washington, DC",ATL,"Atlanta, GA",20.0,8.0,0.0,0.0,547.0,,,,,
2015,1,2015-01-01,EV,LEX,"Lexington, KY",ATL,"Atlanta, GA",-10.0,-27.0,0.0,0.0,304.0,,,,,
2015,1,2015-01-13,DL,ATL,"Atlanta, GA",STL,"St. Louis, MO",3.0,2.0,0.0,0.0,484.0,,,,,
2015,1,2015-01-06,DL,ATL,"Atlanta, GA",IAH,"Houston, TX",-2.0,-21.0,0.0,0.0,689.0,,,,,
2015,1,2015-01-16,DL,ATL,"Atlanta, GA",TRI,"Bristol/Johnson City/Kingsport, TN",-2.0,1.0,0.0,0.0,227.0,,,,,
2015,1,2015-01-11,DL,ATL,"Atlanta, GA",SEA,"Seattle, WA",3.0,-15.0,0.0,0.0,2182.0,,,,,
2015,1,2015-01-29,EV,ATL,"Atlanta, GA",CRW,"Charleston/Dunbar, WV",-7.0,-11.0,0.0,0.0,363.0,,,,,
2015,1,2015-01-12,DL,ATL,"Atlanta, GA",GPT,"Gulfport/Biloxi, MS",120.0,119.0,0.0,0.0,352.0,0.0,0.0,119.0,0.0,0.0
2015,1,2015-01-11,WN,ATL,"Atlanta, GA",BDL,"Hartford, CT",0.0,-17.0,0.0,0.0,859.0,,,,,
2015,1,2015-01-16,WN,ATL,"Atlanta, GA",DTW,"Detroit, MI",-4.0,-9.0,0.0,0.0,594.0,,,,,
2015,1,2015-01-30,DL,ATL,"Atlanta, GA",BDL,"Hartford, CT",-7.0,0.0,0.0,0.0,859.0,,,,,
2015,1,2015-01-12,DL,DTW,"Detroit, MI",ATL,"Atlanta, GA",60.0,66.0,0.0,0.0,594.0,0.0,0.0,66.0,0.0,0.0
2015,1,2015-01-24,EV,ATL,"Atlanta, GA",TRI,"Bristol/Johnson City/Kingsport, TN",2.0,-9.0,0.0,0.0,227.0,,,,,
2015,1,2015-01-12,DL,MKE,"Milwaukee, WI",ATL,"Atlanta, GA",117.0,124.0,0.0,0.0,669.0,0.0,0.0,124.0,0.0,0.0
2015,1,2015-01-04,WN,RSW,"Fort Myers, FL",ATL,"Atlanta, GA",51.0,47.0,0.0,0.0,515.0,6.0,0.0,0.0,0.0,41.0
2015,1,2015-01-27,OO,SBN,"South Bend, IN",ATL,"Atlanta, GA",6.0,-7.0,0.0,0.0,566.0,,,,,
2015,1,2015-01-15,DL,SDF,"Louisville, KY",ATL,"Atlanta, GA",-6.0,-3.0,0.0,0.0,321.0,,,,,
2015,1,2015-01-01,DL,PNS,"Pensacola, FL",ATL,"Atlanta, GA",-10.0,-21.0,0.0,0.0,271.0,,,,,
2015,1,2015-01-09,DL,MCO,"Orlando, FL",ATL,"Atlanta, GA",-1.0,-3.0,0.0,0.0,404.0,,,,,
2015,1,2015-01-01,DL,ATL,"Atlanta, GA",RSW,"Fort Myers, FL",-4.0,3.0,0.0,0.0,515.0,,,,,
2015,1,2015-01-14,WN,ATL,"Atlanta, GA",HOU,"Houston, TX",-3.0,-6.0,0.0,0.0,696.0,,,,,
2015,1,2015-01-10,WN,ATL,"Atlanta, GA",RSW,"Fort Myers, FL",1.0,-12.0,0.0,0.0,515.0,,,,,
2015,1,2015-01-27,DL,SAT,"San Antonio, TX",ATL,"Atlanta, GA",-4.0,-7.0,0.0,0.0,874.0,,,,,
2015,1,2015-01-11,WN,DCA,"Washington, DC",ATL,"Atlanta, GA",2.0,-19.0,0.0,0.0,547.0,,,,,
2015,1,2015-01-27,EV,ATL,"Atlanta, GA",GSP,"Greer, SC",-1.0,-7.0,0.0,0.0,153.0,,,,,
2015,1,2015-01-20,EV,JAN,"Jackson/Vicksburg, MS",ATL,"Atlanta, GA",0.0,-10.0,0.0,0.0,341.0,,,,,
2015,1,2015-01-15,DL,CLE,"Cleveland, OH",ATL,"Atlanta, GA",-3.0,-12.0,0.0,0.0,554.0,,,,,
2015,1,2015-01-05,WN,ATL,"Atlanta, GA",BDL,"Hartford, CT",22.0,-2.0,0.0,0.0,859.0,,,,,
2015,1,2015-01-12,DL,LAS,"Las Vegas, NV",ATL,"Atlanta, GA",-1.0,-7.0,0.0,0.0,1747.0,,,,,
2015,1,2015-01-23,EV,AGS,"Augusta, GA",ATL,"Atlanta, GA",1.0,21.0,0.0,0.0,143.0,1.0,0.0,20.0,0.0,0.0
2015,1,2015-01-09,DL,ATL,"Atlanta, GA",GRR,"Grand Rapids, MI",-5.0,-5.0,0.0,0.0,640.0,,,,,
2015,1,2015-01-09,DL,IND,"Indianapolis, IN",ATL,"Atlanta, GA",-6.0,-13.0,0.0,0.0,432.0,,,,,
2015,1,2015-01-27,DL,ATL,"Atlanta, GA",BOS,"Boston, MA",,,1.0,0.0,946.0,,,,,
2015,1,2015-01-13,DL,CLT,"Charlotte, NC",ATL,"Atlanta, GA",1.0,7.0,0.0,0.0,226.0,,,,,
2015,1,2015-01-19,WN,LAX,"Los Angeles, CA",ATL,"Atlanta, GA",17.0,4.0,0.0,0.0,1947.0,,,,,
2015,1,2015-01-09,DL,ATL,"Atlanta, GA",TUS,"Tucson, AZ",-1.0,-19.0,0.0,0.0,1541.0,,,,,
2015,1,2015-01-04,DL,MYR,"Myrtle Beach, SC",ATL,"Atlanta, GA",-6.0,-11.0,0.0,0.0,317.0,,,,,
2015,1,2015-01-02,DL,ATL,"Atlanta, GA",RIC,"Richmond, VA",10.0,14.0,0.0,0.0,481.0,,,,,
2015,1,2015-01-15,DL,ATL,"Atlanta, GA",SAV,"Savannah, GA",-3.0,-3.0,0.0,0.0,214.0,,,,,
2015,1,2015-01-02,DL,ATL,"Atlanta, GA",PHX,"Phoenix, AZ",-5.0,-10.0,0.0,0.0,1587.0,,,,,
2015,1,2015-01-22,EV,ATL,"Atlanta, GA",GSO,"Greensboro/High Point, NC",-5.0,-10.0,0.0,0.0,306.0,,,,,
2015,1,2015-01-21,F9,ATL,"Atlanta, GA",TTN,"Trenton, NJ",-7.0,0.0,0.0,0.0,701.0,,,,,
2015,1,2015-01-30,DL,ATL,"Atlanta, GA",MDW,"Chicago, IL",-9.0,3.0,0.0,0.0,591.0,,,,,
2015,1,2015-01-22,WN,ATL,"Atlanta, GA",DCA,"Washington, DC",-7.0,-17.0,0.0,0.0,547.0,,,,,
2015,1,2015-01-22,DL,JAX,"Jacksonville, FL",ATL,"Atlanta, GA",0.0,-15.0,0.0,0.0,270.0,,,,,
2015,1,2015-01-16,EV,ATL,"Atlanta, GA",BQK,"Brunswick, GA",-3.0,-11.0,0.0,0.0,238.0,,,,,
2015,1,2015-01-19,DL,MSY,"New Orleans, LA",ATL,"Atlanta, GA",3.0,-9.0,0.0,0.0,425.0,,,,,
2015,1,2015-01-26,DL,ATL,"Atlanta, GA",CAK,"Akron, OH",-2.0,-5.0,0.0,0.0,528.0,,,,,
2015,1,2015-01-12,DL,FLL,"Fort Lauderdale, FL",ATL,"Atlanta, GA",-4.0,-3.0,0.0,0.0,581.0,,,,,
2015,1,2015-01-26,EV,SGF,"Springfield, MO",ATL,"Atlanta, GA",-1.0,8.0,0.0,0.0,563.0,,,,,
2015,1,2015-01-22,DL,ORF,"Norfolk, VA",ATL,"Atlanta, GA",-5.0,-8.0,0.0,0.0,516.0,,,,,
2015,1,2015-01-02,DL,MEM,"Memphis, TN",ATL,"Atlanta, GA",-6.0,17.0,0.0,0.0,332.0,0.0,0.0,17.0,0.0,0.0
2015,1,2015-01-19,WN,ATL,"Atlanta, GA",CAK,"Akron, OH",12.0,5.0,0.0,0.0,528.0,,,,,
2015,1,2015-01-04,EV,ATL,"Atlanta, GA",VLD,"Valdosta, GA",-2.0,7.0,0.0,0.0,208.0,,,,,
2015,1,2015-01-25,DL,ATL,"Atlanta, GA",BHM,"Birmingham, AL",-8.0,-12.0,0.0,0.0,134.0,,,,,
2015,1,2015-01-16,DL,ATL,"Atlanta, GA",JAN,"Jackson/Vicksburg, MS",-2.0,-10.0,0.0,0.0,341.0,,,,,
2015,1,2015-01-10,EV,JAN,"Jackson/Vicksburg, MS",ATL,"Atlanta, GA",-4.0,-7.0,0.0,0.0,341.0,,,,,
2015,1,2015-01-23,DL,ATL,"Atlanta, GA",JAX,"Jacksonville, FL",22.0,17.0,0.0,0.0,270.0,8.0,0.0,0.0,0.0,9.0
2015,1,2015-01-16,DL,LAS,"Las Vegas, NV",ATL,"Atlanta, GA",-4.0,-7.0,0.0,0.0,1747.0,,,,,
2015,1,2015-01-31,DL,ATL,"Atlanta, GA",STL,"St. Louis, MO",-2.0,-3.0,0.0,0.0,484.0,,,,,
2015,1,2015-01-26,DL,ATL,"Atlanta, GA",FNT,"Flint, MI",14.0,17.0,0.0,0.0,645.0,14.0,0.0,3.0,0.0,0.0
2015,1,2015-01-28,DL,LAX,"Los Angeles, CA",ATL,"Atlanta, GA",-5.0,-28.0,0.0,0.0,1947.0,,,,,
2015,1,2015-01-06,DL,MLB,"Melbourne, FL",ATL,"Atlanta, GA",-1.0,11.0,0.0,0.0,442.0,,,,,
2015,1,2015-01-18,UA,EWR,"Newark, NJ",ATL,"Atlanta, GA",-2.0,-11.0,0.0,0.0,746.0,,,,,
2015,1,2015-01-16,DL,MSN,"Madison, WI",ATL,"Atlanta, GA",-4.0,-14.0,0.0,0.0,707.0,,,,,
2015,1,2015-01-12,EV,ATL,"Atlanta, GA",FAY,"Fayetteville, NC",94.0,103.0,0.0,0.0,331.0,86.0,0.0,9.0,0.0,8.0
2015,1,2015-01-19,WN,CMH,"Columbus, OH",ATL,"Atlanta, GA",-7.0,-28.0,0.0,0.0,447.0,,,,,
2015,1,2015-01-26,EV,AVL,"Asheville, NC",ATL,"Atlanta, GA",-8.0,-6.0,0.0,0.0,164.0,,,,,
2015,1,2015-01-28,DL,PIT,"Pittsburgh, PA",ATL,"Atlanta, GA",28.0,1.0,0.0,0.0,526.0,,,,,
2015,1,2015-01-12,DL,ATL,"Atlanta, GA",TPA,"Tampa, FL",2.0,3.0,0.0,0.0,406.0,,,,,
2015,1,2015-01-29,DL,ATL,"Atlanta, GA",SAV,"Savannah, GA",-4.0,0.0,0.0,0.0,214.0,,,,,
2015,1,2015-01-26,DL,ATL,"Atlanta, GA",BHM,"Birmingham, AL",14.0,10.0,0.0,0.0,134.0,,,,,
2015,1,2015-01-21,EV,LEX,"Lexington, KY",ATL,"Atlanta, GA",1.0,-12.0,0.0,0.0,304.0,,,,,
2015,1,2015-01-07,DL,ATL,"Atlanta, GA",PHL,"Philadelphia, PA",-3.0,-11.0,0.0,0.0,666.0,,,,,
2015,1,2015-01-23,DL,ATL,"Atlanta, GA",BHM,"Birmingham, AL",-3.0,-8.0,0.0,0.0,134.0,,,,,
2015,1,2015-01-14,EV,ATL,"Atlanta, GA",SHV,"Shreveport, LA",-3.0,-15.0,0.0,0.0,551.0,,,,,
2015,1,2015-01-28,EV,OAJ,"Jacksonville/Camp Lejeune, NC",ATL,"Atlanta, GA",-8.0,3.0,0.0,0.0,399.0,,,,,
2015,1,2015-01-19,DL,TUL,"Tulsa, OK",ATL,"Atlanta, GA",-5.0,-26.0,0.0,0.0,674.0,,,,,
2015,1,2015-01-30,EV,CSG,"Columbus, GA",ATL,"Atlanta, GA",-4.0,-9.0,0.0,0.0,83.0,,,,,
2015,1,2015-01-27,EV,ATL,"Atlanta, GA",GNV,"Gainesville, FL",-3.0,-17.0,0.0,0.0,300.0,,,,,
2015,1,2015-01-10,DL,DAL,"Dallas, TX",ATL,"Atlanta, GA",21.0,12.0,0.0,0.0,721.0,,,,,
2015,1,2015-01-18,WN,ATL,"Atlanta, GA",MCO,"Orlando, FL",-8.0,-15.0,0.0,0.0,404.0,,,,,
2015,1,2015-01-09,WN,FLL,"Fort Lauderdale, FL",ATL,"Atlanta, GA",-6.0,-19.0,0.0,0.0,581.0,,,,,
2015,1,2015-01-07,MQ,ATL,"Atlanta, GA",ORD,"Chicago, IL",206.0,233.0,0.0,0.0,606.0,0.0,0.0,30.0,0.0,203.0
2015,1,2015-01-11,WN,ATL,"Atlanta, GA",FLL,"Fort Lauderdale, FL",-2.0,-9.0,0.0,0.0,581.0,,,,,
2015,1,2015-01-29,EV,AGS,"Augusta, GA",ATL,"Atlanta, GA",-1.0,-14.0,0.0,0.0,143.0,,,,,
2015,1,2015-01-01,DL,ATL,"Atlanta, GA",LGA,"New York, NY",-1.0,8.0,0.0,0.0,762.0,,,,,
2015,1,2015-01-08,DL,CLT,"Charlotte, NC",ATL,"Atlanta, GA",-5.0,-23.0,0.0,0.0,226.0,,,,,
2015,1,2015-01-12,WN,ATL,"Atlanta, GA",MSP,"Minneapolis, MN",1.0,-15.0,0.0,0.0,907.0,,,,,
2015,1,2015-01-02,DL,CLE,"Cleveland, OH",ATL,"Atlanta, GA",-5.0,5.0,0.0,0.0,554.0,,,,,
2015,1,2015-01-15,EV,DHN,"Dothan, AL",ATL,"Atlanta, GA",-5.0,29.0,0.0,0.0,170.0,0.0,0.0,29.0,0.0,0.0
2015,1,2015-01-15,EV,FAY,"Fayetteville, NC",ATL,"Atlanta, GA",154.0,151.0,0.0,0.0,331.0,0.0,0.0,0.0,0.0,151.0
2015,1,2015-01-31,WN,ATL,"Atlanta, GA",SAT,"San Antonio, TX",-5.0,-21.0,0.0,0.0,874.0,,,,,
2015,1,2015-01-13,EV,ATL,"Atlanta, GA",GNV,"Gainesville, FL",-5.0,-5.0,0.0,0.0,300.0,,,,,
2015,1,2015-01-15,DL,ATL,"Atlanta, GA",MCO,"Orlando, FL",2.0,5.0,0.0,0.0,404.0,,,,,
2015,1,2015-01-10,DL,MSP,"Minneapolis, MN",ATL,"Atlanta, GA",96.0,92.0,0.0,0.0,907.0,92.0,0.0,0.0,0.0,0.0
2015,1,2015-01-11,DL,CVG,"Cincinnati, OH",ATL,"Atlanta, GA",-3.0,-32.0,0.0,0.0,373.0,,,,,
2015,1,2015-01-10,US,PHX,"Phoenix, AZ",ATL,"Atlanta, GA",-5.0,-4.0,0.0,0.0,1587.0,,,,,
2015,1,2015-01-28,DL,DAL,"Dallas, TX",ATL,"Atlanta, GA",1.0,-5.0,0.0,0.0,721.0,,,,,
2015,1,2015-01-05,DL,IND,"Indianapolis, IN",ATL,"Atlanta, GA",-2.0,-25.0,0.0,0.0,432.0,,,,,
2015,1,2015-01-16,DL,RSW,"Fort Myers, FL",ATL,"Atlanta, GA",-4.0,-10.0,0.0,0.0,515.0,,,,,
2015,1,2015-01-16,NK,ATL,"Atlanta, GA",FLL,"Fort Lauderdale, FL",-2.0,-4.0,0.0,0.0,581.0,,,,,
2015,1,2015-01-28,DL,MIA,"Miami, FL",ATL,"Atlanta, GA",-4.0,6.0,0.0,0.0,594.0,,,,,
2015,1,2015-01-06,DL,ATL,"Atlanta, GA",HOU,"Houston, TX",-1.0,-13.0,0.0,0.0,696.0,,,,,
2015,1,2015-01-30,WN,RIC,"Richmond, VA",ATL,"Atlanta, GA",-1.0,-11.0,0.0,0.0,481.0,,,,,
2015,1,2015-01-21,DL,RSW,"Fort Myers, FL",ATL,"Atlanta, GA",-7.0,-8.0,0.0,0.0,515.0,,,,,
2015,1,2015-01-09,DL,MCO,"Orlando, FL",ATL,"Atlanta, GA",-1.0,-7.0,0.0,0.0,404.0,,,,,
2015,1,2015-01-28,DL,TPA,"Tampa, FL",ATL,"Atlanta, GA",-1.0,-4.0,0.0,0.0,406.0,,,,,
2015,1,2015-01-17,DL,ATL,"Atlanta, GA",IND,"Indianapolis, IN",-2.0,-16.0,0.0,0.0,432.0,,,,,
2015,1,2015-01-29,DL,ATL,"Atlanta, GA",SEA,"Seattle, WA",0.0,1.0,0.0,0.0,2182.0,,,,,
2015,1,2015-01-21,DL,ATL,"Atlanta, GA",BOS,"Boston, MA",-2.0,-9.0,0.0,0.0,946.0,,,,,
2015,1,2015-01-09,DL,ATL,"Atlanta, GA",RIC,"Richmond, VA",1.0,-12.0,0.0,0.0,481.0,,,,,
2015,1,2015-01-31,DL,ROA,"Roanoke, VA",ATL,"Atlanta, GA",-1.0,-19.0,0.0,0.0,357.0,,,,,
2015,1,2015-01-06,DL,ATL,"Atlanta, GA",EGE,"Eagle, CO",1.0,-18.0,0.0,0.0,1312.0,,,,,
2015,1,2015-01-19,EV,ATL,"Atlanta, GA",MGM,"Montgomery, AL",-4.0,-6.0,0.0,0.0,147.0,,,,,
2015,1,2015-01-13,DL,ALB,"Albany, NY",ATL,"Atlanta, GA",-7.0,-12.0,0.0,0.0,853.0,,,,,
2015,1,2015-01-18,DL,SLC,"Salt Lake City, UT",ATL,"Atlanta, GA",21.0,11.0,0.0,0.0,1590.0,,,,,
2015,1,2015-01-18,EV,ATL,"Atlanta, GA",TRI,"Bristol/Johnson City/Kingsport, TN",-1.0,-7.0,0.0,0.0,227.0,,,,,
2015,1,2015-01-21,DL,ATL,"Atlanta, GA",DAL,"Dallas, TX",-3.0,-21.0,0.0,0.0,721.0,,,,,
2015,1,2015-01-25,DL,ATL,"Atlanta, GA",LIT,"Little Rock, AR",21.0,29.0,0.0,0.0,453.0,11.0,0.0,8.0,0.0,10.0
2015,1,2015-01-31,DL,ATL,"Atlanta, GA",MYR,"Myrtle Beach, SC",-2.0,-5.0,0.0,0.0,317.0,,,,,
2015,1,2015-01-25,EV,ATL,"Atlanta, GA",GNV,"Gainesville, FL",-6.0,6.0,0.0,0.0,300.0,,,,,
2015,1,2015-01-05,AA,ATL,"Atlanta, GA",DFW,"Dallas/Fort Worth, TX",-2.0,-14.0,0.0,0.0,731.0,,,,,
2015,1,2015-01-11,DL,RIC,"Richmond, VA",ATL,"Atlanta, GA",-1.0,-11.0,0.0,0.0,481.0,,,,,
2015,1,2015-01-03,DL,ATL,"Atlanta, GA",RDU,"Raleigh/Durham, NC",-1.0,-11.0,0.0,0.0,356.0,,,,,
2015,1,2015-01-27,DL,PIT,"Pittsburgh, PA",ATL,"Atlanta, GA",8.0,-7.0,0.0,0.0,526.0,,,,,
2015,1,2015-01-26,DL,PBI,"West Palm Beach/Palm Beach, FL",ATL,"Atlanta, GA",77.0,68.0,0.0,0.0,545.0,68.0,0.0,0.0,0.0,0.0
2015,1,2015-01-08,DL,PIT,"Pittsburgh, PA",ATL,"Atlanta, GA",4.0,-8.0,0.0,0.0,526.0,,,,,
2015,1,2015-01-27,DL,ATL,"Atlanta, GA",TPA,"Tampa, FL",-2.0,-18.0,0.0,0.0,406.0,,,,,
2015,1,2015-01-08,DL,PNS,"Pensacola, FL",ATL,"Atlanta, GA",-4.0,-13.0,0.0,0.0,271.0,,,,,
2015,1,2015-01-27,EV,VPS,"Valparaiso, FL",ATL,"Atlanta, GA",-6.0,-2.0,0.0,0.0,250.0,,,,,
2015,1,2015-01-25,DL,ATL,"Atlanta, GA",CVG,"Cincinnati, OH",-4.0,-11.0,0.0,0.0,373.0,,,,,
2015,1,2015-01-20,DL,ATL,"Atlanta, GA",BOS,"Boston, MA",-6.0,-18.0,0.0,0.0,946.0,,,,,
2015,1,2015-01-05,DL,LIT,"Little Rock, AR",ATL,"Atlanta, GA",-4.0,-19.0,0.0,0.0,453.0,,,,,
2015,1,2015-01-02,DL,ATL,"Atlanta, GA",BHM,"Birmingham, AL",9.0,13.0,0.0,0.0,134.0,,,,,
2015,1,2015-01-15,EV,MOB,"Mobile, AL",ATL,"Atlanta, GA",86.0,91.0,0.0,0.0,302.0,0.0,0.0,5.0,0.0,86.0
2015,1,2015-01-28,DL,ATL,"Atlanta, GA",TPA,"Tampa, FL",2.0,-12.0,0.0,0.0,406.0,,,,,
2015,1,2015-01-21,WN,BDL,"Hartford, CT",ATL,"Atlanta, GA",0.0,-17.0,0.0,0.0,859.0,,,,,
2015,1,2015-01-29,EV,ATL,"Atlanta, GA",HPN,"White Plains, NY",-4.0,-14.0,0.0,0.0,780.0,,,,,
2015,1,2015-01-07,DL,ATL,"Atlanta, GA",FLL,"Fort Lauderdale, FL",-1.0,-3.0,0.0,0.0,581.0,,,,,
2015,1,2015-01-13,WN,STL,"St. Louis, MO",ATL,"Atlanta, GA",-6.0,4.0,0.0,0.0,484.0,,,,,
2015,1,2015-01-25,DL,PIT,"Pittsburgh, PA",ATL,"Atlanta, GA",-2.0,-22.0,0.0,0.0,526.0,,,,,
2015,1,2015-01-21,DL,ATL,"Atlanta, GA",OKC,"Oklahoma City, OK",-2.0,-13.0,0.0,0.0,761.0,,,,,
2015,1,2015-01-07,EV,CAE,"Columbia, SC",ATL,"Atlanta, GA",96.0,100.0,0.0,0.0,192.0,0.0,0.0,4.0,0.0,96.0
2015,1,2015-01-22,DL,ATL,"Atlanta, GA",LFT,"Lafayette, LA",-2.0,1.0,0.0,0.0,503.0,,,,,
2015,1,2015-01-06,DL,HOU,"Houston, TX",ATL,"Atlanta, GA",-5.0,-17.0,0.0,0.0,696.0,,,,,
2015,1,2015-01-27,DL,ATL,"Atlanta, GA",MIA,"Miami, FL",-2.0,-19.0,0.0,0.0,594.0,,,,,
2015,1,2015-01-22,EV,ATL,"Atlanta, GA",CID,"Cedar Rapids/Iowa City, IA",-2.0,-4.0,0.0,0.0,694.0,,,,,
2015,1,2015-01-18,DL,ATL,"Atlanta, GA",ORD,"Chicago, IL",-5.0,-20.0,0.0,0.0,606.0,,,,,
2015,1,2015-01-01,DL,MEM,"Memphis, TN",ATL,"Atlanta, GA",-6.0,-28.0,0.0,0.0,332.0,,,,,
2015,1,2015-01-08,DL,ATL,"Atlanta, GA",CLE,"Cleveland, OH",0.0,-13.0,0.0,0.0,554.0,,,,,
2015,1,2015-01-06,DL,ATL,"Atlanta, GA",GSO,"Greensboro/High Point, NC",-2.0,-10.0,0.0,0.0,306.0,,,,,
2015,1,2015-01-25,DL,ATL,"Atlanta, GA",SLC,"Salt Lake City, UT",6.0,-19.0,0.0,0.0,1590.0,,,,,
2015,1,2015-01-09,DL,ATL,"Atlanta, GA",MCO,"Orlando, FL",-2.0,-10.0,0.0,0.0,404.0,,,,,
2015,1,2015-01-07,DL,XNA,"Fayetteville, AR",ATL,"Atlanta, GA",-4.0,-30.0,0.0,0.0,589.0,,,,,
2015,1,2015-01-12,DL,RSW,"Fort Myers, FL",ATL,"Atlanta, GA",13.0,19.0,0.0,0.0,515.0,0.0,0.0,6.0,0.0,13.0
2015,1,2015-01-05,EV,FAY,"Fayetteville, NC",ATL,"Atlanta, GA",-6.0,-14.0,0.0,0.0,331.0,,,,,
2015,1,2015-01-12,WN,ATL,"Atlanta, GA",BWI,"Baltimore, MD",-3.0,-2.0,0.0,0.0,577.0,,,,,
2015,1,2015-01-06,DL,IAD,"Washington, DC",ATL,"Atlanta, GA",17.0,25.0,0.0,0.0,534.0,4.0,3.0,8.0,0.0,10.0
2015,1,2015-01-22,WN,ATL,"Atlanta, GA",MDW,"Chicago, IL",-3.0,1.0,0.0,0.0,591.0,,,,,
2015,1,2015-01-03,WN,ATL,"Atlanta, GA",DCA,"Washington, DC",16.0,13.0,0.0,0.0,547.0,,,,,
2015,1,2015-01-19,DL,MIA,"Miami, FL",ATL,"Atlanta, GA",-7.0,-25.0,0.0,0.0,594.0,,,,,
2015,1,2015-01-15,DL,ATL,"Atlanta, GA",ORF,"Norfolk, VA",8.0,0.0,0.0,0.0,516.0,,,,,
2015,1,2015-01-08,DL,GSP,"Greer, SC",ATL,"Atlanta, GA",54.0,41.0,0.0,0.0,153.0,0.0,0.0,0.0,0.0,41.0
2015,1,2015-01-28,DL,LGA,"New York, NY",ATL,"Atlanta, GA",-6.0,-54.0,0.0,0.0,762.0,,,,,
2015,1,2015-01-18,WN,PIT,"Pittsburgh, PA",ATL,"Atlanta, GA",4.0,-21.0,0.0,0.0,526.0,,,,,
2015,1,2015-01-20,EV,GSO,"Greensboro/High Point, NC",ATL,"Atlanta, GA",-9.0,-2.0,0.0,0.0,306.0,,,,,
2015,1,2015-01-07,DL,ATL,"Atlanta, GA",MSP,"Minneapolis, MN",-3.0,11.0,0.0,0.0,907.0,,,,,
2015,1,2015-01-10,DL,MEM,"Memphis, TN",ATL,"Atlanta, GA",-5.0,-6.0,0.0,0.0,332.0,,,,,
2015,1,2015-01-06,WN,STL,"St. Louis, MO",ATL,"Atlanta, GA",21.0,9.0,0.0,0.0,484.0,,,,,
2015,1,2015-01-28,DL,DTW,"Detroit, MI",ATL,"Atlanta, GA",-2.0,-28.0,0.0,0.0,594.0,,,,,
2015,1,2015-01-05,DL,ATL,"Atlanta, GA",MSY,"New Orleans, LA",3.0,-6.0,0.0,0.0,425.0,,,,,
2015,1,2015-01-05,EV,AEX,"Alexandria, LA",ATL,"Atlanta, GA",19.0,10.0,0.0,0.0,500.0,,,,,
2015,1,2015-01-16,EV,ATL,"Atlanta, GA",CHO,"Charlottesville, VA",-3.0,1.0,0.0,0.0,457.0,,,,,
2015,1,2015-01-08,EV,MGM,"Montgomery, AL",ATL,"Atlanta, GA",-1.0,16.0,0.0,0.0,147.0,0.0,0.0,16.0,0.0,0.0
2015,1,2015-01-02,EV,ATL,"Atlanta, GA",BQK,"Brunswick, GA",-10.0,-1.0,0.0,0.0,238.0,,,,,
2015,1,2015-01-20,DL,DCA,"Washington, DC",ATL,"Atlanta, GA",-6.0,-16.0,0.0,0.0,547.0,,,,,
2015,1,2015-01-07,DL,ATL,"Atlanta, GA",IAH,"Houston, TX",-6.0,-21.0,0.0,0.0,689.0,,,,,
2015,1,2015-01-30,WN,HOU,"Houston, TX",ATL,"Atlanta, GA",2.0,-5.0,0.0,0.0,696.0,,,,,
2015,1,2015-01-23,DL,ATL,"Atlanta, GA",BHM,"Birmingham, AL",9.0,15.0,0.0,0.0,134.0,8.0,0.0,6.0,0.0,1.0
2015,1,2015-01-12,EV,TLH,"Tallahassee, FL",ATL,"Atlanta, GA",,,1.0,0.0,223.0,,,,,
2015,1,2015-01-15,NK,FLL,"Fort Lauderdale, FL",ATL,"Atlanta, GA",27.0,18.0,0.0,0.0,581.0,0.0,0.0,0.0,0.0,18.0
2015,1,2015-01-24,DL,CVG,"Cincinnati, OH",ATL,"Atlanta, GA",-2.0,-18.0,0.0,0.0,373.0,,,,,
2015,1,2015-01-08,DL,LIT,"Little Rock, AR",ATL,"Atlanta, GA",-2.0,-7.0,0.0,0.0,453.0,,,,,
2015,1,2015-01-13,WN,MCI,"Kansas City, MO",ATL,"Atlanta, GA",-5.0,7.0,0.0,0.0,692.0,,,,,
2015,1,2015-01-29,DL,ORD,"Chicago, IL",ATL,"Atlanta, GA",-1.0,-13.0,0.0,0.0,606.0,,,,,
2015,1,2015-01-21,DL,ATL,"Atlanta, GA",MLB,"Melbourne, FL",-3.0,-16.0,0.0,0.0,442.0,,,,,
2015,1,2015-01-10,DL,AUS,"Austin, TX",ATL,"Atlanta, GA",-3.0,-6.0,0.0,0.0,813.0,,,,,
2015,1,2015-01-06,EV,ATL,"Atlanta, GA",IAD,"Washington, DC",-3.0,6.0,0.0,0.0,534.0,,,,,
2015,1,2015-01-07,DL,CVG,"Cincinnati, OH",ATL,"Atlanta, GA",1.0,-14.0,0.0,0.0,373.0,,,,,
2015,1,2015-01-16,DL,ATL,"Atlanta, GA",MYR,"Myrtle Beach, SC",-3.0,-3.0,0.0,0.0,317.0,,,,,
2015,1,2015-01-29,DL,SLC,"Salt Lake City, UT",ATL,"Atlanta, GA",-2.0,-14.0,0.0,0.0,1590.0,,,,,
2015,1,2015-01-31,DL,MSY,"New Orleans, LA",ATL,"Atlanta, GA",5.0,-9.0,0.0,0.0,425.0,,,,,
2015,1,2015-01-21,DL,EWR,"Newark, NJ",ATL,"Atlanta, GA",-4.0,-24.0,0.0,0.0,746.0,,,,,
2015,1,2015-01-22,WN,PIT,"Pittsburgh, PA",ATL,"Atlanta, GA",-3.0,-11.0,0.0,0.0,526.0,,,,,
2015,1,2015-01-27,EV,IAH,"Houston, TX",ATL,"Atlanta, GA",-6.0,-21.0,0.0,0.0,689.0,,,,,
2015,1,2015-01-12,DL,MKE,"Milwaukee, WI",ATL,"Atlanta, GA",85.0,76.0,0.0,0.0,669.0,4.0,0.0,48.0,0.0,24.0
2015,1,2015-01-02,DL,GSP,"Greer, SC",ATL,"Atlanta, GA",-2.0,-3.0,0.0,0.0,153.0,,,,,
2015,1,2015-01-01,US,ATL,"Atlanta, GA",CLT,"Charlotte, NC",3.0,-1.0,0.0,0.0,226.0,,,,,
2015,1,2015-01-12,EV,ATL,"Atlanta, GA",MGM,"Montgomery, AL",-4.0,6.0,0.0,0.0,147.0,,,,,
2015,1,2015-01-02,DL,ORD,"Chicago, IL",ATL,"Atlanta, GA",-1.0,-12.0,0.0,0.0,606.0,,,,,
2015,1,2015-01-02,EV,ATL,"Atlanta, GA",FAY,"Fayetteville, NC",-1.0,-9.0,0.0,0.0,331.0,,,,,
2015,1,2015-01-04,DL,JAN,"Jackson/Vicksburg, MS",ATL,"Atlanta, GA",-7.0,-17.0,0.0,0.0,341.0,,,,,
2015,1,2015-01-27,OO,CID,"Cedar Rapids/Iowa City, IA",ATL,"Atlanta, GA",-11.0,-27.0,0.0,0.0,694.0,,,,,
2015,1,2015-01-30,EV,ATL,"Atlanta, GA",TUL,"Tulsa, OK",-10.0,-13.0,0.0,0.0,674.0,,,,,
2015,1,2015-01-21,DL,MIA,"Miami, FL",ATL,"Atlanta, GA",-1.0,-8.0,0.0,0.0,594.0,,,,,
2015,1,2015-01-29,DL,JFK,"New York, NY",ATL,"Atlanta, GA",7.0,-20.0,0.0,0.0,760.0,,,,,
2015,1,2015-01-19,DL,ATL,"Atlanta, GA",MDW,"Chicago, IL",0.0,0.0,0.0,0.0,591.0,,,,,
2015,1,2015-01-06,DL,FLL,"Fort Lauderdale, FL",ATL,"Atlanta, GA",10.0,-2.0,0.0,0.0,581.0,,,,,
2015,1,2015-01-27,DL,TUL,"Tulsa, OK",ATL,"Atlanta, GA",-8.0,-12.0,0.0,0.0,674.0,,,,,
2015,1,2015-01-31,WN,AUS,"Austin, TX",ATL,"Atlanta, GA",-1.0,-10.0,0.0,0.0,813.0,,,,,
2015,1,2015-01-08,WN,ATL,"Atlanta, GA",LGA,"New York, NY",-3.0,-11.0,0.0,0.0,762.0,,,,,
2015,1,2015-01-26,DL,DFW,"Dallas/Fort Worth, TX",ATL,"Atlanta, GA",2.0,15.0,0.0,0.0,731.0,0.0,0.0,15.0,0.0,0.0
2015,1,2015-01-29,DL,SFO,"San Francisco, CA",ATL,"Atlanta, GA",-1.0,-19.0,0.0,0.0,2139.0,,,,,
2015,1,2015-01-12,DL,ATL,"Atlanta, GA",BWI,"Baltimore, MD",-4.0,1.0,0.0,0.0,577.0,,,,,
2015,1,2015-01-31,DL,ATL,"Atlanta, GA",ABQ,"Albuquerque, NM",11.0,-19.0,0.0,0.0,1269.0,,,,,
2015,1,2015-01-07,DL,ATL,"Atlanta, GA",JAX,"Jacksonville, FL",-5.0,-12.0,0.0,0.0,270.0,,,,,
2015,1,2015-01-27,DL,LAX,"Los Angeles, CA",ATL,"Atlanta, GA",1.0,-6.0,0.0,0.0,1947.0,,,,,
2015,1,2015-01-28,DL,TPA,"Tampa, FL",ATL,"Atlanta, GA",-4.0,-10.0,0.0,0.0,406.0,,,,,
2015,1,2015-01-21,EV,MLI,"Moline, IL",ATL,"Atlanta, GA",-2.0,-5.0,0.0,0.0,633.0,,,,,
2015,1,2015-01-21,DL,ATL,"Atlanta, GA",CLT,"Charlotte, NC",-2.0,-13.0,0.0,0.0,226.0,,,,,
2015,1,2015-01-23,AA,ATL,"Atlanta, GA",DFW,"Dallas/Fort Worth, TX",16.0,7.0,0.0,0.0,731.0,,,,,
2015,1,2015-01-20,EV,ATL,"Atlanta, GA",HPN,"White Plains, NY",9.0,9.0,0.0,0.0,780.0,,,,,
2015,1,2015-01-05,DL,ATL,"Atlanta, GA",FLL,"Fort Lauderdale, FL",-2.0,-13.0,0.0,0.0,581.0,,,,,
2015,1,2015-01-06,DL,MIA,"Miami, FL",ATL,"Atlanta, GA",19.0,21.0,0.0,0.0,594.0,14.0,0.0,2.0,0.0,5.0
2015,1,2015-01-13,EV,GSO,"Greensboro/High Point, NC",ATL,"Atlanta, GA",48.0,39.0,0.0,0.0,306.0,0.0,0.0,0.0,0.0,39.0
2015,1,2015-01-25,DL,XNA,"Fayetteville, AR",ATL,"Atlanta, GA",-3.0,-19.0,0.0,0.0,589.0,,,,,
2015,1,2015-01-25,DL,ATL,"Atlanta, GA",EWR,"Newark, NJ",-5.0,-31.0,0.0,0.0,746.0,,,,,
2015,1,2015-01-16,DL,ATL,"Atlanta, GA",JAN,"Jackson/Vicksburg, MS",-2.0,-9.0,0.0,0.0,341.0,,,,,
2015,1,2015-01-11,DL,IND,"Indianapolis, IN",ATL,"Atlanta, GA",-1.0,-30.0,0.0,0.0,432.0,,,,,
2015,1,2015-01-04,DL,PHL,"Philadelphia, PA",ATL,"Atlanta, GA",57.0,45.0,0.0,0.0,666.0,2.0,0.0,0.0,0.0,43.0
2015,1,2015-01-10,DL,ATL,"Atlanta, GA",BUF,"Buffalo, NY",-1.0,2.0,0.0,0.0,712.0,,,,,
2015,1,2015-01-18,DL,ATL,"Atlanta, GA",BOS,"Boston, MA",0.0,4.0,0.0,0.0,946.0,,,,,
2015,1,2015-01-27,WN,DEN,"Denver, CO",ATL,"Atlanta, GA",-2.0,-22.0,0.0,0.0,1199.0,,,,,
2015,1,2015-01-30,DL,GSP,"Greer, SC",ATL,"Atlanta, GA",-2.0,-19.0,0.0,0.0,153.0,,,,,
2015,1,2015-01-08,DL,RSW,"Fort Myers, FL",ATL,"Atlanta, GA",-1.0,-21.0,0.0,0.0,515.0,,,,,
2015,1,2015-01-30,EV,ATL,"Atlanta, GA",MYR,"Myrtle Beach, SC",-1.0,4.0,0.0,0.0,317.0,,,,,
2015,1,2015-01-29,EV,ATL,"Atlanta, GA",MYR,"Myrtle Beach, SC",-4.0,-2.0,0.0,0.0,317.0,,,,,
2015,1,2015-01-09,DL,ORD,"Chicago, IL",ATL,"Atlanta, GA",118.0,99.0,0.0,0.0,606.0,0.0,0.0,0.0,0.0,99.0
2015,1,2015-01-07,DL,ATL,"Atlanta, GA",HOU,"Houston, TX",21.0,7.0,0.0,0.0,696.0,,,,,
2015,1,2015-01-09,DL,ATL,"Atlanta, GA",PHX,"Phoenix, AZ",32.0,-1.0,0.0,0.0,1587.0,,,,,
2015,1,2015-01-21,AA,DFW,"Dallas/Fort Worth, TX",ATL,"Atlanta, GA",69.0,55.0,0.0,0.0,731.0,55.0,0.0,0.0,0.0,0.0
2015,1,2015-01-12,DL,ATL,"Atlanta, GA",PIT,"Pittsburgh, PA",120.0,106.0,0.0,0.0,526.0,15.0,0.0,0.0,0.0,91.0
2015,1,2015-01-05,DL,SAT,"San Antonio, TX",ATL,"Atlanta, GA",0.0,-2.0,0.0,0.0,874.0,,,,,
2015,1,2015-01-24,DL,SAV,"Savannah, GA",ATL,"Atlanta, GA",1.0,-13.0,0.0,0.0,214.0,,,,,
2015,1,2015-01-20,DL,LIT,"Little Rock, AR",ATL,"Atlanta, GA",-4.0,-4.0,0.0,0.0,453.0,,,,,
2015,1,2015-01-30,DL,SNA,"Santa Ana, CA",ATL,"Atlanta, GA",4.0,-3.0,0.0,0.0,1919.0,,,,,
2015,1,2015-01-12,DL,CVG,"Cincinnati, OH",ATL,"Atlanta, GA",-2.0,-22.0,0.0,0.0,373.0,,,,,
2015,1,2015-01-13,WN,ATL,"Atlanta, GA",MCO,"Orlando, FL",-8.0,17.0,0.0,0.0,404.0,0.0,0.0,17.0,0.0,0.0
2015,1,2015-01-06,DL,LAX,"Los Angeles, CA",ATL,"Atlanta, GA",43.0,38.0,0.0,0.0,1947.0,11.0,0.0,27.0,0.0,0.0
2015,1,2015-01-15,DL,MDW,"Chicago, IL",ATL,"Atlanta, GA",-5.0,-22.0,0.0,0.0,591.0,,,,,
2015,1,2015-01-29,WN,ATL,"Atlanta, GA",BDL,"Hartford, CT",-1.0,3.0,0.0,0.0,859.0,,,,,
2015,1,2015-01-17,DL,ATL,"Atlanta, GA",RDU,"Raleigh/Durham, NC",-4.0,-21.0,0.0,0.0,356.0,,,,,
2015,1,2015-01-09,DL,BUF,"Buffalo, NY",ATL,"Atlanta, GA",-4.0,-20.0,0.0,0.0,712.0,,,,,
2015,1,2015-01-19,DL,ATL,"Atlanta, GA",CLE,"Cleveland, OH",-3.0,2.0,0.0,0.0,554.0,,,,,
2015,1,2015-01-21,NK,FLL,"Fort Lauderdale, FL",ATL,"Atlanta, GA",-2.0,-7.0,0.0,0.0,581.0,,,,,
2015,1,2015-01-01,DL,FLL,"Fort Lauderdale, FL",ATL,"Atlanta, GA",-2.0,-19.0,0.0,0.0,581.0,,,,,
2015,1,2015-01-05,EV,BQK,"Brunswick, GA",ATL,"Atlanta, GA",-3.0,-14.0,0.0,0.0,238.0,,,,,
2015,1,2015-01-02,EV,ATL,"Atlanta, GA",MOB,"Mobile, AL",-4.0,-3.0,0.0,0.0,302.0,,,,,
2015,1,2015-01-18,DL,RIC,"Richmond, VA",ATL,"Atlanta, GA",-6.0,-26.0,0.0,0.0,481.0,,,,,
2015,1,2015-01-25,DL,JAX,"Jacksonville, FL",ATL,"Atlanta, GA",0.0,-15.0,0.0,0.0,270.0,,,,,
2015,1,2015-01-23,DL,ATL,"Atlanta, GA",CLT,"Charlotte, NC",-1.0,10.0,0.0,0.0,226.0,,,,,
2015,1,2015-01-17,DL,CRW,"Charleston/Dunbar, WV",ATL,"Atlanta, GA",1.0,-14.0,0.0,0.0,363.0,,,,,
2015,1,2015-01-20,DL,ATL,"Atlanta, GA",MKE,"Milwaukee, WI",-2.0,-10.0,0.0,0.0,669.0,,,,,
2015,1,2015-01-28,DL,TLH,"Tallahassee, FL",ATL,"Atlanta, GA",157.0,183.0,0.0,0.0,223.0,157.0,0.0,26.0,0.0,0.0
2015,1,2015-01-27,DL,DFW,"Dallas/Fort Worth, TX",ATL,"Atlanta, GA",-3.0,-6.0,0.0,0.0,731.0,,,,,
2015,1,2015-01-04,EV,ATL,"Atlanta, GA",MSN,"Madison, WI",104.0,98.0,0.0,0.0,707.0,83.0,0.0,0.0,0.0,15.0
2015,1,2015-01-28,MQ,LGA,"New York, NY",ATL,"Atlanta, GA",,,1.0,0.0,762.0,,,,,
2015,1,2015-01-30,DL,LAX,"Los Angeles, CA",ATL,"Atlanta, GA",4.0,4.0,0.0,0.0,1947.0,,,,,
2015,1,2015-01-30,OO,CID,"Cedar Rapids/Iowa City, IA",ATL,"Atlanta, GA",-11.0,-21.0,0.0,0.0,694.0,,,,,
2015,1,2015-01-30,DL,ATL,"Atlanta, GA",DTW,"Detroit, MI",-4.0,-4.0,0.0,0.0,594.0,,,,,
2015,1,2015-01-31,WN,CMH,"Columbus, OH",ATL,"Atlanta, GA",16.0,9.0,0.0,0.0,447.0,,,,,
2015,1,2015-01-12,EV,LFT,"Lafayette, LA",ATL,"Atlanta, GA",62.0,88.0,0.0,0.0,503.0,14.0,0.0,26.0,0.0,48.0
2015,1,2015-01-27,WN,MCO,"Orlando, FL",ATL,"Atlanta, GA",-2.0,-9.0,0.0,0.0,404.0,,,,,
2015,1,2015-01-04,DL,ATL,"Atlanta, GA",ORD,"Chicago, IL",93.0,95.0,0.0,0.0,606.0,0.0,0.0,59.0,0.0,36.0
2015,1,2015-01-08,WN,DAL,"Dallas, TX",ATL,"Atlanta, GA",7.0,12.0,0.0,0.0,721.0,,,,,
2015,1,2015-01-02,EV,ATL,"Atlanta, GA",AEX,"Alexandria, LA",-4.0,-12.0,0.0,0.0,500.0,,,,,
2015,1,2015-01-28,WN,FLL,"Fort Lauderdale, FL",ATL,"Atlanta, GA",,,1.0,0.0,581.0,,,,,
2015,1,2015-01-16,DL,ATL,"Atlanta, GA",PNS,"Pensacola, FL",-3.0,-17.0,0.0,0.0,271.0,,,,,
2015,1,2015-01-26,DL,MCO,"Orlando, FL",ATL,"Atlanta, GA",-1.0,-3.0,0.0,0.0,404.0,,,,,
2015,1,2015-01-23,DL,ATL,"Atlanta, GA",MIA,"Miami, FL",7.0,15.0,0.0,0.0,594.0,7.0,0.0,8.0,0.0,0.0
2015,1,2015-01-06,DL,EGE,"Eagle, CO",ATL,"Atlanta, GA",9.0,-10.0,0.0,0.0,1312.0,,,,,
2015,1,2015-01-09,DL,ATL,"Atlanta, GA",RDU,"Raleigh/Durham, NC",2.0,-13.0,0.0,0.0,356.0,,,,,
2015,1,2015-01-10,DL,ORF,"Norfolk, VA",ATL,"Atlanta, GA",-6.0,-15.0,0.0,0.0,516.0,,,,,
2015,1,2015-01-09,DL,LAX,"Los Angeles, CA",ATL,"Atlanta, GA",4.0,11.0,0.0,0.0,1947.0,,,,,
2015,1,2015-01-20,DL,MDW,"Chicago, IL",ATL,"Atlanta, GA",-6.0,-25.0,0.0,0.0,591.0,,,,,
2015,1,2015-01-25,EV,ATL,"Atlanta, GA",MLI,"Moline, IL",19.0,11.0,0.0,0.0,633.0,,,,,
2015,1,2015-01-05,WN,PBI,"West Palm Beach/Palm Beach, FL",ATL,"Atlanta, GA",-2.0,-19.0,0.0,0.0,545.0,,,,,
2015,1,2015-01-31,DL,ATL,"Atlanta, GA",DAY,"Dayton, OH",-2.0,-17.0,0.0,0.0,432.0,,,,,
2015,1,2015-01-16,DL,ALB,"Albany, NY",ATL,"Atlanta, GA",-4.0,-50.0,0.0,0.0,853.0,,,,,
2015,1,2015-01-30,DL,CAE,"Columbia, SC",ATL,"Atlanta, GA",7.0,-12.0,0.0,0.0,192.0,,,,,
2015,1,2015-01-03,EV,ATL,"Atlanta, GA",OMA,"Omaha, NE",-7.0,-11.0,0.0,0.0,821.0,,,,,
2015,1,2015-01-30,DL,PIT,"Pittsburgh, PA",ATL,"Atlanta, GA",-1.0,-14.0,0.0,0.0,526.0,,,,,
2015,1,2015-01-22,DL,DAL,"Dallas, TX",ATL,"Atlanta, GA",1.0,-7.0,0.0,0.0,721.0,,,,,
2015,1,2015-01-26,WN,TPA,"Tampa, FL",ATL,"Atlanta, GA",-4.0,17.0,0.0,0.0,406.0,0.0,0.0,17.0,0.0,0.0
2015,1,2015-01-26,DL,ATL,"Atlanta, GA",TPA,"Tampa, FL",-2.0,-10.0,0.0,0.0,406.0,,,,,
2015,1,2015-01-31,DL,TPA,"Tampa, FL",ATL,"Atlanta, GA",-3.0,-9.0,0.0,0.0,406.0,,,,,
2015,1,2015-01-18,DL,ATL,"Atlanta, GA",BNA,"Nashville, TN",9.0,2.0,0.0,0.0,214.0,,,,,
2015,1,2015-01-03,DL,ATL,"Atlanta, GA",DTW,"Detroit, MI",5.0,-7.0,0.0,0.0,594.0,,,,,
2015,1,2015-01-04,WN,FLL,"Fort Lauderdale, FL",ATL,"Atlanta, GA",4.0,6.0,0.0,0.0,581.0,,,,,
2015,1,2015-01-02,DL,ATL,"Atlanta, GA",VPS,"Valparaiso, FL",2.0,1.0,0.0,0.0,250.0,,,,,
2015,1,2015-01-27,DL,CLT,"Charlotte, NC",ATL,"Atlanta, GA",-5.0,-24.0,0.0,0.0,226.0,,,,,
2015,1,2015-01-29,DL,ATL,"Atlanta, GA",GRR,"Grand Rapids, MI",6.0,-8.0,0.0,0.0,640.0,,,,,
2015,1,2015-01-22,DL,ORD,"Chicago, IL",ATL,"Atlanta, GA",3.0,-21.0,0.0,0.0,606.0,,,,,
2015,1,2015-01-13,DL,ATL,"Atlanta, GA",PHL,"Philadelphia, PA",1.0,-11.0,0.0,0.0,666.0,,,,,
2015,1,2015-01-06,DL,JAN,"Jackson/Vicksburg, MS",ATL,"Atlanta, GA",14.0,4.0,0.0,0.0,341.0,,,,,
2015,1,2015-01-23,DL,ATL,"Atlanta, GA",DSM,"Des Moines, IA",19.0,13.0,0.0,0.0,743.0,,,,,
2015,1,2015-01-06,F9,ORD,"Chicago, IL",ATL,"Atlanta, GA",62.0,85.0,0.0,0.0,606.0,42.0,20.0,23.0,0.0,0.0
2015,1,2015-01-16,F9,ORD,"Chicago, IL",ATL,"Atlanta, GA",-1.0,3.0,0.0,0.0,606.0,,,,,
2015,1,2015-01-03,DL,ATL,"Atlanta, GA",FLL,"Fort Lauderdale, FL",-4.0,-6.0,0.0,0.0,581.0,,,,,
2015,1,2015-01-23,DL,ATL,"Atlanta, GA",LGA,"New York, NY",2.0,-18.0,0.0,0.0,762.0,,,,,
2015,1,2015-01-21,DL,ATL,"Atlanta, GA",EWR,"Newark, NJ",2.0,-15.0,0.0,0.0,746.0,,,,,
2015,1,2015-01-07,DL,ATL,"Atlanta, GA",ELP,"El Paso, TX",0.0,-20.0,0.0,0.0,1282.0,,,,,
2015,1,2015-01-22,DL,ATL,"Atlanta, GA",SRQ,"Sarasota/Bradenton, FL",-4.0,-11.0,0.0,0.0,444.0,,,,,
2015,1,2015-01-29,WN,ATL,"Atlanta, GA",MDW,"Chicago, IL",-7.0,-22.0,0.0,0.0,591.0,,,,,
2015,1,2015-01-07,DL,FLL,"Fort Lauderdale, FL",ATL,"Atlanta, GA",-3.0,-15.0,0.0,0.0,581.0,,,,,
2015,1,2015-01-30,WN,ATL,"Atlanta, GA",AUS,"Austin, TX",16.0,5.0,0.0,0.0,813.0,,,,,
2015,1,2015-01-31,MQ,ATL,"Atlanta, GA",ORD,"Chicago, IL",62.0,58.0,0.0,0.0,606.0,0.0,0.0,0.0,0.0,58.0
2015,1,2015-01-05,DL,ATL,"Atlanta, GA",ORF,"Norfolk, VA",2.0,-15.0,0.0,0.0,516.0,,,,,
2015,1,2015-01-26,DL,LAX,"Los Angeles, CA",ATL,"Atlanta, GA",0.0,18.0,0.0,0.0,1947.0,0.0,0.0,18.0,0.0,0.0
2015,1,2015-01-25,DL,IND,"Indianapolis, IN",ATL,"Atlanta, GA",-7.0,-19.0,0.0,0.0,432.0,,,,,
2015,1,2015-01-28,DL,ATL,"Atlanta, GA",IND,"Indianapolis, IN",-3.0,-17.0,0.0,0.0,432.0,,,,,
2015,1,2015-01-05,DL,ATL,"Atlanta, GA",OMA,"Omaha, NE",-8.0,-2.0,0.0,0.0,821.0,,,,,
2015,1,2015-01-31,DL,ATL,"Atlanta, GA",BZN,"Bozeman, MT",-2.0,-33.0,0.0,0.0,1640.0,,,,,
2015,1,2015-01-06,EV,MGM,"Montgomery, AL",ATL,"Atlanta, GA",-8.0,-7.0,0.0,0.0,147.0,,,,,
2015,1,2015-01-27,EV,XNA,"Fayetteville, AR",ATL,"Atlanta, GA",-7.0,-17.0,0.0,0.0,589.0,,,,,
2015,1,2015-01-06,DL,BHM,"Birmingham, AL",ATL,"Atlanta, GA",-2.0,11.0,0.0,0.0,134.0,,,,,
2015,1,2015-01-27,DL,GNV,"Gainesville, FL",ATL,"Atlanta, GA",-12.0,-22.0,0.0,0.0,300.0,,,,,
2015,1,2015-01-12,DL,CVG,"Cincinnati, OH",ATL,"Atlanta, GA",56.0,45.0,0.0,0.0,373.0,0.0,0.0,39.0,0.0,6.0
2015,1,2015-01-12,DL,ICT,"Wichita, KS",ATL,"Atlanta, GA",91.0,76.0,0.0,0.0,782.0,0.0,76.0,0.0,0.0,0.0
2015,1,2015-01-16,DL,SAV,"Savannah, GA",ATL,"Atlanta, GA",0.0,-17.0,0.0,0.0,214.0,,,,,
2015,1,2015-01-19,DL,ATL,"Atlanta, GA",BNA,"Nashville, TN",4.0,10.0,0.0,0.0,214.0,,,,,
2015,1,2015-01-04,DL,SRQ,"Sarasota/Bradenton, FL",ATL,"Atlanta, GA",114.0,120.0,0.0,0.0,444.0,71.0,0.0,6.0,0.0,43.0
2015,1,2015-01-03,DL,ATL,"Atlanta, GA",TPA,"Tampa, FL",27.0,23.0,0.0,0.0,406.0,0.0,12.0,0.0,0.0,11.0
2015,1,2015-01-16,DL,ATL,"Atlanta, GA",AUS,"Austin, TX",-7.0,-25.0,0.0,0.0,813.0,,,,,
2015,1,2015-01-27,EV,XNA,"Fayetteville, AR",ATL,"Atlanta, GA",-1.0,4.0,0.0,0.0,589.0,,,,,
2015,1,2015-01-06,WN,ATL,"Atlanta, GA",LAX,"Los Angeles, CA",14.0,-28.0,0.0,0.0,1947.0,,,,,
2015,1,2015-01-31,DL,SYR,"Syracuse, NY",ATL,"Atlanta, GA",15.0,-8.0,0.0,0.0,794.0,,,,,
2015,1,2015-01-17,WN,ATL,"Atlanta, GA",BWI,"Baltimore, MD",-4.0,-12.0,0.0,0.0,577.0,,,,,
2015,1,2015-01-23,DL,ATL,"Atlanta, GA",JFK,"New York, NY",0.0,-10.0,0.0,0.0,760.0,,,,,
2015,1,2015-01-20,DL,SAN,"San Diego, CA",ATL,"Atlanta, GA",-6.0,-28.0,0.0,0.0,1892.0,,,,,
2015,1,2015-01-01,WN,DEN,"Denver, CO",ATL,"Atlanta, GA",2.0,-3.0,0.0,0.0,1199.0,,,,,
2015,1,2015-01-13,DL,ROA,"Roanoke, VA",ATL,"Atlanta, GA",-10.0,-17.0,0.0,0.0,357.0,,,,,
2015,1,2015-01-06,DL,ORF,"Norfolk, VA",ATL,"Atlanta, GA",-3.0,-21.0,0.0,0.0,516.0,,,,,
2015,1,2015-01-11,DL,ATL,"Atlanta, GA",RDU,"Raleigh/Durham, NC",2.0,-4.0,0.0,0.0,356.0,,,,,
2015,1,2015-01-22,DL,ATL,"Atlanta, GA",BDL,"Hartford, CT",-3.0,-18.0,0.0,0.0,859.0,,,,,
2015,1,2015-01-21,DL,ATL,"Atlanta, GA",PHL,"Philadelphia, PA",-1.0,2.0,0.0,0.0,666.0,,,,,
2015,1,2015-01-12,WN,ATL,"Atlanta, GA",TPA,"Tampa, FL",2.0,6.0,0.0,0.0,406.0,,,,,
2015,1,2015-01-27,DL,ORD,"Chicago, IL",ATL,"Atlanta, GA",-6.0,-12.0,0.0,0.0,606.0,,,,,
2015,1,2015-01-12,DL,ATL,"Atlanta, GA",JAX,"Jacksonville, FL",40.0,45.0,0.0,0.0,270.0,0.0,0.0,5.0,0.0,40.0
2015,1,2015-01-23,EV,MGM,"Montgomery, AL",ATL,"Atlanta, GA",5.0,13.0,0.0,0.0,147.0,,,,,
2015,1,2015-01-19,DL,ATL,"Atlanta, GA",BTR,"Baton Rouge, LA",-1.0,-16.0,0.0,0.0,448.0,,,,,
2015,1,2015-01-10,DL,ATL,"Atlanta, GA",ROC,"Rochester, NY",-3.0,-8.0,0.0,0.0,749.0,,,,,
2015,1,2015-01-11,DL,ATL,"Atlanta, GA",ORF,"Norfolk, VA",0.0,-13.0,0.0,0.0,516.0,,,,,
2015,1,2015-01-07,DL,ATL,"Atlanta, GA",MYR,"Myrtle Beach, SC",19.0,16.0,0.0,0.0,317.0,16.0,0.0,0.0,0.0,0.0
2015,1,2015-01-05,DL,ATL,"Atlanta, GA",MIA,"Miami, FL",-2.0,-9.0,0.0,0.0,594.0,,,,,
2015,1,2015-01-03,EV,ATL,"Atlanta, GA",ELM,"Elmira/Corning, NY",31.0,32.0,0.0,0.0,717.0,31.0,0.0,1.0,0.0,0.0
2015,1,2015-01-16,DL,SFO,"San Francisco, CA",ATL,"Atlanta, GA",1.0,-11.0,0.0,0.0,2139.0,,,,,
2015,1,2015-01-26,DL,IAH,"Houston, TX",ATL,"Atlanta, GA",-2.0,8.0,0.0,0.0,689.0,,,,,
2015,1,2015-01-15,DL,ATL,"Atlanta, GA",CHS,"Charleston, SC",-5.0,-8.0,0.0,0.0,259.0,,,,,
2015,1,2015-01-25,DL,ATL,"Atlanta, GA",ROC,"Rochester, NY",-2.0,-17.0,0.0,0.0,749.0,,,,,
2015,1,2015-01-29,DL,ATL,"Atlanta, GA",BNA,"Nashville, TN",-2.0,-6.0,0.0,0.0,214.0,,,,,
2015,1,2015-01-25,DL,ATL,"Atlanta, GA",BOS,"Boston, MA",30.0,12.0,0.0,0.0,946.0,,,,,
2015,1,2015-01-23,EV,ATL,"Atlanta, GA",MYR,"Myrtle Beach, SC",-5.0,3.0,0.0,0.0,317.0,,,,,
2015,1,2015-01-11,DL,PBI,"West Palm Beach/Palm Beach, FL",ATL,"Atlanta, GA",4.0,-3.0,0.0,0.0,545.0,,,,,
2015,1,2015-01-05,DL,ATL,"Atlanta, GA",DAY,"Dayton, OH",-4.0,-14.0,0.0,0.0,432.0,,,,,
2015,1,2015-01-04,DL,ATL,"Atlanta, GA",DAY,"Dayton, OH",156.0,142.0,0.0,0.0,432.0,15.0,2.0,0.0,0.0,125.0
2015,1,2015-01-14,DL,ATL,"Atlanta, GA",LAX,"Los Angeles, CA",-1.0,-8.0,0.0,0.0,1947.0,,,,,
2015,1,2015-01-23,WN,ATL,"Atlanta, GA",CAK,"Akron, OH",-2.0,-11.0,0.0,0.0,528.0,,,,,
2015,1,2015-01-02,DL,ATL,"Atlanta, GA",DCA,"Washington, DC",-2.0,-20.0,0.0,0.0,547.0,,,,,
2015,1,2015-01-04,EV,OAJ,"Jacksonville/Camp Lejeune, NC",ATL,"Atlanta, GA",-4.0,13.0,0.0,0.0,399.0,,,,,
2015,1,2015-01-06,DL,ATL,"Atlanta, GA",DFW,"Dallas/Fort Worth, TX",-2.0,-3.0,0.0,0.0,731.0,,,,,
2015,1,2015-01-01,DL,ATL,"Atlanta, GA",SLC,"Salt Lake City, UT",-1.0,-13.0,0.0,0.0,1590.0,,,,,
2015,1,2015-01-24,DL,LGA,"New York, NY",ATL,"Atlanta, GA",20.0,-2.0,0.0,0.0,762.0,,,,,
2015,1,2015-01-13,WN,MCI,"Kansas City, MO",ATL,"Atlanta, GA",-3.0,-3.0,0.0,0.0,692.0,,,,,
2015,1,2015-01-19,WN,ATL,"Atlanta, GA",LAX,"Los Angeles, CA",15.0,20.0,0.0,0.0,1947.0,15.0,0.0,5.0,0.0,0.0
2015,1,2015-01-10,DL,ATL,"Atlanta, GA",SDF,"Louisville, KY",-2.0,-1.0,0.0,0.0,321.0,,,,,
2015,1,2015-01-14,EV,ATL,"Atlanta, GA",TYS,"Knoxville, TN",-3.0,-2.0,0.0,0.0,152.0,,,,,
2015,1,2015-01-22,DL,BWI,"Baltimore, MD",ATL,"Atlanta, GA",-1.0,-11.0,0.0,0.0,577.0,,,,,
2015,1,2015-01-20,F9,TTN,"Trenton, NJ",ATL,"Atlanta, GA",-7.0,19.0,0.0,0.0,701.0,0.0,0.0,19.0,0.0,0.0
2015,1,2015-01-11,DL,BDL,"Hartford, CT",ATL,"Atlanta, GA",-1.0,-2.0,0.0,0.0,859.0,,,,,
2015,1,2015-01-22,WN,MCO,"Orlando, FL",ATL,"Atlanta, GA",-5.0,-14.0,0.0,0.0,404.0,,,,,
2015,1,2015-01-10,US,ATL,"Atlanta, GA",CLT,"Charlotte, NC",-3.0,-13.0,0.0,0.0,226.0,,,,,
2015,1,2015-01-11,AA,ATL,"Atlanta, GA",DFW,"Dallas/Fort Worth, TX",1.0,-1.0,0.0,0.0,731.0,,,,,
2015,1,2015-01-25,DL,ATL,"Atlanta, GA",HOU,"Houston, TX",-2.0,-8.0,0.0,0.0,696.0,,,,,
2015,1,2015-01-27,EV,ATL,"Atlanta, GA",MGM,"Montgomery, AL",-1.0,-5.0,0.0,0.0,147.0,,,,,
2015,1,2015-01-27,EV,TLH,"Tallahassee, FL",ATL,"Atlanta, GA",-4.0,-2.0,0.0,0.0,223.0,,,,,
2015,1,2015-01-10,DL,PNS,"Pensacola, FL",ATL,"Atlanta, GA",-6.0,-22.0,0.0,0.0,271.0,,,,,
2015,1,2015-01-14,EV,ATL,"Atlanta, GA",TRI,"Bristol/Johnson City/Kingsport, TN",0.0,-5.0,0.0,0.0,227.0,,,,,
2015,1,2015-01-21,DL,TUS,"Tucson, AZ",ATL,"Atlanta, GA",-4.0,-26.0,0.0,0.0,1541.0,,,,,
2015,1,2015-01-27,DL,ATL,"Atlanta, GA",MSY,"New Orleans, LA",-1.0,-11.0,0.0,0.0,425.0,,,,,
2015,1,2015-01-23,DL,JAX,"Jacksonville, FL",ATL,"Atlanta, GA",57.0,51.0,0.0,0.0,270.0,51.0,0.0,0.0,0.0,0.0
2015,1,2015-01-17,DL,GSP,"Greer, SC",ATL,"Atlanta, GA",-2.0,4.0,0.0,0.0,153.0,,,,,
2015,1,2015-01-31,DL,ATL,"Atlanta, GA",MEM,"Memphis, TN",0.0,-9.0,0.0,0.0,332.0,,,,,
2015,1,2015-01-01,DL,ATL,"Atlanta, GA",IAH,"Houston, TX",24.0,25.0,0.0,0.0,689.0,24.0,0.0,1.0,0.0,0.0
2015,1,2015-01-10,DL,MKE,"Milwaukee, WI",ATL,"Atlanta, GA",-4.0,-21.0,0.0,0.0,669.0,,,,,
2015,1,2015-01-18,DL,SEA,"Seattle, WA",ATL,"Atlanta, GA",0.0,-22.0,0.0,0.0,2182.0,,,,,
2015,1,2015-01-18,DL,ATL,"Atlanta, GA",CAE,"Columbia, SC",-1.0,-3.0,0.0,0.0,192.0,,,,,
2015,1,2015-01-09,WN,ATL,"Atlanta, GA",PHX,"Phoenix, AZ",12.0,-16.0,0.0,0.0,1587.0,,,,,
2015,1,2015-01-11,DL,BDL,"Hartford, CT",ATL,"Atlanta, GA",12.0,8.0,0.0,0.0,859.0,,,,,
2015,1,2015-01-12,EV,RST,"Rochester, MN",ATL,"Atlanta, GA",50.0,49.0,0.0,0.0,831.0,0.0,0.0,0.0,0.0,49.0
2015,1,2015-01-09,DL,ATL,"Atlanta, GA",BWI,"Baltimore, MD",-3.0,2.0,0.0,0.0,577.0,,,,,
2015,1,2015-01-29,DL,SLC,"Salt Lake City, UT",ATL,"Atlanta, GA",0.0,-24.0,0.0,0.0,1590.0,,,,,
2015,1,2015-01-09,OO,SBN,"South Bend, IN",ATL,"Atlanta, GA",135.0,164.0,0.0,0.0,566.0,135.0,0.0,29.0,0.0,0.0
2015,1,2015-01-20,DL,ATL,"Atlanta, GA",MEM,"Memphis, TN",-3.0,-16.0,0.0,0.0,332.0,,,,,
2015,1,2015-01-20,EV,MGM,"Montgomery, AL",ATL,"Atlanta, GA",0.0,-5.0,0.0,0.0,147.0,,,,,
2015,1,2015-01-18,WN,IND,"Indianapolis, IN",ATL,"Atlanta, GA",-5.0,-16.0,0.0,0.0,432.0,,,,,
2015,1,2015-01-25,WN,ATL,"Atlanta, GA",PHX,"Phoenix, AZ",29.0,3.0,0.0,0.0,1587.0,,,,,
2015,1,2015-01-23,DL,ATL,"Atlanta, GA",LAX,"Los Angeles, CA",18.0,-9.0,0.0,0.0,1947.0,,,,,
2015,1,2015-01-28,AA,DFW,"Dallas/Fort Worth, TX",ATL,"Atlanta, GA",-5.0,-6.0,0.0,0.0,731.0,,,,,
2015,1,2015-01-31,DL,ATL,"Atlanta, GA",SAN,"San Diego, CA",-2.0,-18.0,0.0,0.0,1892.0,,,,,
2015,1,2015-01-05,DL,VPS,"Valparaiso, FL",ATL,"Atlanta, GA",-2.0,-8.0,0.0,0.0,250.0,,,,,
2015,1,2015-01-12,WN,ATL,"Atlanta, GA",DAL,"Dallas, TX",116.0,108.0,0.0,0.0,721.0,107.0,0.0,0.0,0.0,1.0
2015,1,2015-01-21,DL,ATL,"Atlanta, GA",OMA,"Omaha, NE",-3.0,9.0,0.0,0.0,821.0,,,,,
2015,1,2015-01-25,DL,MIA,"Miami, FL",ATL,"Atlanta, GA",-4.0,-24.0,0.0,0.0,594.0,,,,,
2015,1,2015-01-09,DL,IAD,"Washington, DC",ATL,"Atlanta, GA",-2.0,7.0,0.0,0.0,534.0,,,,,
2015,1,2015-01-21,DL,ATL,"Atlanta, GA",LAX,"Los Angeles, CA",33.0,12.0,0.0,0.0,1947.0,,,,,
2015,1,2015-01-02,EV,GSP,"Greer, SC",ATL,"Atlanta, GA",-5.0,10.0,0.0,0.0,153.0,,,,,
2015,1,2015-01-03,WN,ATL,"Atlanta, GA",DEN,"Denver, CO",-6.0,-17.0,0.0,0.0,1199.0,,,,,
2015,1,2015-01-22,DL,ATL,"Atlanta, GA",CHO,"Charlottesville, VA",-5.0,-17.0,0.0,0.0,457.0,,,,,
2015,1,2015-01-22,WN,ATL,"Atlanta, GA",LGA,"New York, NY",23.0,28.0,0.0,0.0,762.0,23.0,0.0,5.0,0.0,0.0
2015,1,2015-01-25,DL,ATL,"Atlanta, GA",CLT,"Charlotte, NC",-7.0,-4.0,0.0,0.0,226.0,,,,,
2015,1,2015-01-06,DL,IND,"Indianapolis, IN",ATL,"Atlanta, GA",-3.0,-20.0,0.0,0.0,432.0,,,,,
2015,1,2015-01-04,WN,MDW,"Chicago, IL",ATL,"Atlanta, GA",0.0,50.0,0.0,0.0,591.0,0.0,0.0,50.0,0.0,0.0
2015,1,2015-01-30,DL,SMF,"Sacramento, CA",ATL,"Atlanta, GA",-8.0,-13.0,0.0,0.0,2092.0,,,,,
2015,1,2015-01-24,DL,BUF,"Buffalo, NY",ATL,"Atlanta, GA",-3.0,-21.0,0.0,0.0,712.0,,,,,
2015,1,2015-01-17,DL,DFW,"Dallas/Fort Worth, TX",ATL,"Atlanta, GA",-5.0,-15.0,0.0,0.0,731.0,,,,,
2015,1,2015-01-04,EV,MSN,"Madison, WI",ATL,"Atlanta, GA",2.0,26.0,0.0,0.0,707.0,2.0,0.0,24.0,0.0,0.0
2015,1,2015-01-09,DL,LAX,"Los Angeles, CA",ATL,"Atlanta, GA",-2.0,-10.0,0.0,0.0,1947.0,,,,,
2015,1,2015-01-28,WN,RIC,"Richmond, VA",ATL,"Atlanta, GA",-4.0,-19.0,0.0,0.0,481.0,,,,,
2015,1,2015-01-16,DL,LAX,"Los Angeles, CA",ATL,"Atlanta, GA",5.0,-12.0,0.0,0.0,1947.0,,,,,
2015,1,2015-01-08,DL,DAY,"Dayton, OH",ATL,"Atlanta, GA",-3.0,-21.0,0.0,0.0,432.0,,,,,
2015,1,2015-01-08,EV,MGM,"Montgomery, AL",ATL,"Atlanta, GA",-2.0,16.0,0.0,0.0,147.0,0.0,0.0,16.0,0.0,0.0
2015,1,2015-01-02,DL,MDW,"Chicago, IL",ATL,"Atlanta, GA",-3.0,-16.0,0.0,0.0,591.0,,,,,
2015,1,2015-01-02,DL,TPA,"Tampa, FL",ATL,"Atlanta, GA",17.0,7.0,0.0,0.0,406.0,,,,,
2015,1,2015-01-05,DL,PHL,"Philadelphia, PA",ATL,"Atlanta, GA",2.0,0.0,0.0,0.0,666.0,,,,,
2015,1,2015-01-23,DL,AUS,"Austin, TX",ATL,"Atlanta, GA",4.0,25.0,0.0,0.0,813.0,0.0,0.0,25.0,0.0,0.0
2015,1,2015-01-12,DL,IAD,"Washington, DC",ATL,"Atlanta, GA",24.0,43.0,0.0,0.0,534.0,19.0,0.0,19.0,0.0,5.0
2015,1,2015-01-19,EV,ATL,"Atlanta, GA",MGM,"Montgomery, AL",-5.0,-6.0,0.0,0.0,147.0,,,,,
2015,1,2015-01-21,EV,ATL,"Atlanta, GA",BQK,"Brunswick, GA",-1.0,1.0,0.0,0.0,238.0,,,,,
2015,1,2015-01-22,EV,GNV,"Gainesville, FL",ATL,"Atlanta, GA",-8.0,2.0,0.0,0.0,300.0,,,,,
2015,1,2015-01-13,WN,BDL,"Hartford, CT",ATL,"Atlanta, GA",-4.0,0.0,0.0,0.0,859.0,,,,,
2015,1,2015-01-05,DL,ATL,"Atlanta, GA",SAV,"Savannah, GA",2.0,-7.0,0.0,0.0,214.0,,,,,
2015,1,2015-01-04,WN,ATL,"Atlanta, GA",SAT,"San Antonio, TX",15.0,41.0,0.0,0.0,874.0,8.0,0.0,26.0,0.0,7.0
2015,1,2015-01-27,WN,MCO,"Orlando, FL",ATL,"Atlanta, GA",-8.0,-22.0,0.0,0.0,404.0,,,,,
2015,1,2015-01-24,DL,ATL,"Atlanta, GA",FAY,"Fayetteville, NC",-6.0,-12.0,0.0,0.0,331.0,,,,,
2015,1,2015-01-13,EV,ATL,"Atlanta, GA",ABY,"Albany, GA",-10.0,-13.0,0.0,0.0,145.0,,,,,
2015,1,2015-01-03,EV,XNA,"Fayetteville, AR",ATL,"Atlanta, GA",-5.0,0.0,0.0,0.0,589.0,,,,,
2015,1,2015-01-20,DL,ATL,"Atlanta, GA",DCA,"Washington, DC",-1.0,-14.0,0.0,0.0,547.0,,,,,
2015,1,2015-01-21,EV,TRI,"Bristol/Johnson City/Kingsport, TN",ATL,"Atlanta, GA",299.0,279.0,0.0,0.0,227.0,279.0,0.0,0.0,0.0,0.0
2015,1,2015-01-23,DL,ATL,"Atlanta, GA",JAX,"Jacksonville, FL",8.0,1.0,0.0,0.0,270.0,,,,,
2015,1,2015-01-04,EV,ATL,"Atlanta, GA",AEX,"Alexandria, LA",23.0,25.0,0.0,0.0,500.0,10.0,0.0,2.0,0.0,13.0
2015,1,2015-01-02,EV,ATL,"Atlanta, GA",TRI,"Bristol/Johnson City/Kingsport, TN",-5.0,-6.0,0.0,0.0,227.0,,,,,
2015,1,2015-01-10,DL,FLL,"Fort Lauderdale, FL",ATL,"Atlanta, GA",-3.0,-14.0,0.0,0.0,581.0,,,,,
2015,1,2015-01-10,DL,EWR,"Newark, NJ",ATL,"Atlanta, GA",-3.0,-21.0,0.0,0.0,746.0,,,,,
2015,1,2015-01-15,DL,ATL,"Atlanta, GA",HDN,"Hayden, CO",-2.0,-28.0,0.0,0.0,1340.0,,,,,
2015,1,2015-01-15,EV,ATL,"Atlanta, GA",GSP,"Greer, SC",7.0,4.0,0.0,0.0,153.0,,,,,
2015,1,2015-01-05,DL,EWR,"Newark, NJ",ATL,"Atlanta, GA",2.0,-14.0,0.0,0.0,746.0,,,,,
2015,1,2015-01-22,UA,ATL,"Atlanta, GA",EWR,"Newark, NJ",5.0,-17.0,0.0,0.0,746.0,,,,,
2015,1,2015-01-12,WN,RDU,"Raleigh/Durham, NC",ATL,"Atlanta, GA",110.0,111.0,0.0,0.0,356.0,0.0,73.0,1.0,0.0,37.0
2015,1,2015-01-23,DL,ATL,"Atlanta, GA",RSW,"Fort Myers, FL",-1.0,-2.0,0.0,0.0,515.0,,,,,
2015,1,2015-01-14,EV,MLU,"Monroe, LA",ATL,"Atlanta, GA",-6.0,-5.0,0.0,0.0,448.0,,,,,
2015,1,2015-01-27,DL,BHM,"Birmingham, AL",ATL,"Atlanta, GA",-2.0,-16.0,0.0,0.0,134.0,,,,,
2015,1,2015-01-10,US,ATL,"Atlanta, GA",CLT,"Charlotte, NC",2.0,-19.0,0.0,0.0,226.0,,,,,
2015,1,2015-01-14,EV,ATL,"Atlanta, GA",BTR,"Baton Rouge, LA",5.0,-2.0,0.0,0.0,448.0,,,,,
2015,1,2015-01-19,DL,ATL,"Atlanta, GA",SJC,"San Jose, CA",-2.0,-13.0,0.0,0.0,2116.0,,,,,
2015,1,2015-01-15,DL,ATL,"Atlanta, GA",LGA,"New York, NY",30.0,15.0,0.0,0.0,762.0,15.0,0.0,0.0,0.0,0.0
2015,1,2015-01-29,DL,ATL,"Atlanta, GA",FLL,"Fort Lauderdale, FL",-2.0,-3.0,0.0,0.0,581.0,,,,,
2015,1,2015-01-05,EV,MOB,"Mobile, AL",ATL,"Atlanta, GA",-2.0,-3.0,0.0,0.0,302.0,,,,,
2015,1,2015-01-24,EV,ATL,"Atlanta, GA",PHF,"Newport News/Williamsburg, VA",-5.0,19.0,0.0,0.0,508.0,0.0,0.0,19.0,0.0,0.0
2015,1,2015-01-14,DL,ATL,"Atlanta, GA",BNA,"Nashville, TN",3.0,11.0,0.0,0.0,214.0,,,,,
2015,1,2015-01-14,EV,ATL,"Atlanta, GA",ABY,"Albany, GA",-4.0,-6.0,0.0,0.0,145.0,,,,,
2015,1,2015-01-29,DL,ATL,"Atlanta, GA",IAD,"Washington, DC",2.0,-6.0,0.0,0.0,534.0,,,,,
2015,1,2015-01-10,DL,AUS,"Austin, TX",ATL,"Atlanta, GA",-1.0,-10.0,0.0,0.0,813.0,,,,,
2015,1,2015-01-12,DL,ATL,"Atlanta, GA",BHM,"Birmingham, AL",0.0,6.0,0.0,0.0,134.0,,,,,
2015,1,2015-01-15,DL,OMA,"Omaha, NE",ATL,"Atlanta, GA",0.0,-1.0,0.0,0.0,821.0,,,,,
2015,1,2015-01-20,DL,TLH,"Tallahassee, FL",ATL,"Atlanta, GA",-3.0,-7.0,0.0,0.0,223.0,,,,,
2015,1,2015-01-15,DL,BWI,"Baltimore, MD",ATL,"Atlanta, GA",10.0,-7.0,0.0,0.0,577.0,,,,,
2015,1,2015-01-01,EV,TLH,"Tallahassee, FL",ATL,"Atlanta, GA",-6.0,-8.0,0.0,0.0,223.0,,,,,
2015,1,2015-01-09,EV,ATL,"Atlanta, GA",SGF,"Springfield, MO",-5.0,0.0,0.0,0.0,563.0,,,,,
2015,1,2015-01-03,DL,LGA,"New York, NY",ATL,"Atlanta, GA",22.0,13.0,0.0,0.0,762.0,,,,,
2015,1,2015-01-05,WN,MDW,"Chicago, IL",ATL,"Atlanta, GA",13.0,71.0,0.0,0.0,591.0,13.0,0.0,58.0,0.0,0.0
2015,1,2015-01-30,WN,ATL,"Atlanta, GA",TPA,"Tampa, FL",0.0,-12.0,0.0,0.0,406.0,,,,,
2015,1,2015-01-04,DL,BHM,"Birmingham, AL",ATL,"Atlanta, GA",-2.0,7.0,0.0,0.0,134.0,,,,,
2015,1,2015-01-07,WN,ATL,"Atlanta, GA",MDW,"Chicago, IL",,,1.0,0.0,591.0,,,,,
2015,1,2015-01-27,DL,MSY,"New Orleans, LA",ATL,"Atlanta, GA",-5.0,6.0,0.0,0.0,425.0,,,,,
2015,1,2015-01-05,EV,PHF,"Newport News/Williamsburg, VA",ATL,"Atlanta, GA",-1.0,1.0,0.0,0.0,508.0,,,,,
2015,1,2015-01-17,DL,BZN,"Bozeman, MT",ATL,"Atlanta, GA",-7.0,-38.0,0.0,0.0,1640.0,,,,,
2015,1,2015-01-06,EV,CAE,"Columbia, SC",ATL,"Atlanta, GA",-1.0,-12.0,0.0,0.0,192.0,,,,,
2015,1,2015-01-14,EV,ATL,"Atlanta, GA",FSM,"Fort Smith, AR",8.0,4.0,0.0,0.0,579.0,,,,,
2015,1,2015-01-22,DL,HOU,"Houston, TX",ATL,"Atlanta, GA",-8.0,-20.0,0.0,0.0,696.0,,,,,
2015,1,2015-01-07,DL,ORD,"Chicago, IL",ATL,"Atlanta, GA",-3.0,-20.0,0.0,0.0,606.0,,,,,
2015,1,2015-01-02,EV,VLD,"Valdosta, GA",ATL,"Atlanta, GA",30.0,24.0,0.0,0.0,208.0,0.0,0.0,0.0,0.0,24.0
2015,1,2015-01-05,EV,ATL,"Atlanta, GA",SHV,"Shreveport, LA",-7.0,-9.0,0.0,0.0,551.0,,,,,
2015,1,2015-01-22,DL,PHL,"Philadelphia, PA",ATL,"Atlanta, GA",-10.0,-21.0,0.0,0.0,666.0,,,,,
2015,1,2015-01-28,DL,ATL,"Atlanta, GA",LAS,"Las Vegas, NV",-2.0,-10.0,0.0,0.0,1747.0,,,,,
2015,1,2015-01-23,WN,PHL,"Philadelphia, PA",ATL,"Atlanta, GA",-7.0,18.0,0.0,0.0,666.0,0.0,0.0,18.0,0.0,0.0
2015,1,2015-01-11,DL,MYR,"Myrtle Beach, SC",ATL,"Atlanta, GA",-4.0,-13.0,0.0,0.0,317.0,,,,,
2015,1,2015-01-04,DL,ATL,"Atlanta, GA",JAX,"Jacksonville, FL",1.0,-1.0,0.0,0.0,270.0,,,,,
2015,1,2015-01-11,DL,XNA,"Fayetteville, AR",ATL,"Atlanta, GA",0.0,-14.0,0.0,0.0,589.0,,,,,
2015,1,2015-01-12,EV,PHF,"Newport News/Williamsburg, VA",ATL,"Atlanta, GA",53.0,58.0,0.0,0.0,508.0,53.0,0.0,5.0,0.0,0.0
2015,1,2015-01-20,EV,GSP,"Greer, SC",ATL,"Atlanta, GA",-4.0,-6.0,0.0,0.0,153.0,,,,,
2015,1,2015-01-09,DL,SAT,"San Antonio, TX",ATL,"Atlanta, GA",-5.0,-11.0,0.0,0.0,874.0,,,,,
2015,1,2015-01-14,DL,ATL,"Atlanta, GA",CVG,"Cincinnati, OH",-2.0,-4.0,0.0,0.0,373.0,,,,,
2015,1,2015-01-21,EV,ATL,"Atlanta, GA",SHV,"Shreveport, LA",-4.0,-4.0,0.0,0.0,551.0,,,,,
2015,1,2015-01-28,EV,ATL,"Atlanta, GA",HPN,"White Plains, NY",-3.0,12.0,0.0,0.0,780.0,,,,,
2015,1,2015-01-12,DL,ATL,"Atlanta, GA",LGA,"New York, NY",0.0,-3.0,0.0,0.0,762.0,,,,,
2015,1,2015-01-29,DL,ATL,"Atlanta, GA",CHA,"Chattanooga, TN",-1.0,-9.0,0.0,0.0,106.0,,,,,
2015,1,2015-01-13,DL,MDW,"Chicago, IL",ATL,"Atlanta, GA",8.0,-1.0,0.0,0.0,591.0,,,,,
2015,1,2015-01-12,DL,PHX,"Phoenix, AZ",ATL,"Atlanta, GA",-9.0,-3.0,0.0,0.0,1587.0,,,,,
2015,1,2015-01-11,DL,LAX,"Los Angeles, CA",ATL,"Atlanta, GA",-3.0,-8.0,0.0,0.0,1947.0,,,,,
2015,1,2015-01-29,DL,ATL,"Atlanta, GA",DAL,"Dallas, TX",-2.0,-15.0,0.0,0.0,721.0,,,,,
2015,1,2015-01-26,DL,ATL,"Atlanta, GA",OMA,"Omaha, NE",-5.0,8.0,0.0,0.0,821.0,,,,,
2015,1,2015-01-07,DL,JAX,"Jacksonville, FL",ATL,"Atlanta, GA",-10.0,-14.0,0.0,0.0,270.0,,,,,
2015,1,2015-01-16,EV,ATL,"Atlanta, GA",ROA,"Roanoke, VA",10.0,10.0,0.0,0.0,357.0,,,,,
2015,1,2015-01-21,DL,ATL,"Atlanta, GA",ORD,"Chicago, IL",-7.0,0.0,0.0,0.0,606.0,,,,,
2015,1,2015-01-21,DL,ATL,"Atlanta, GA",DTW,"Detroit, MI",-2.0,-10.0,0.0,0.0,594.0,,,,,
2015,1,2015-01-29,DL,GSO,"Greensboro/High Point, NC",ATL,"Atlanta, GA",-3.0,-20.0,0.0,0.0,306.0,,,,,
2015,1,2015-01-03,DL,ATL,"Atlanta, GA",DTW,"Detroit, MI",20.0,-1.0,0.0,0.0,594.0,,,,,
2015,1,2015-01-11,EV,ATL,"Atlanta, GA",GTR,"Columbus, MS",18.0,15.0,0.0,0.0,241.0,0.0,0.0,0.0,0.0,15.0
2015,1,2015-01-09,DL,MCI,"Kansas City, MO",ATL,"Atlanta, GA",-8.0,-30.0,0.0,0.0,692.0,,,,,
2015,1,2015-01-21,DL,ATL,"Atlanta, GA",RSW,"Fort Myers, FL",-2.0,-9.0,0.0,0.0,515.0,,,,,
2015,1,2015-01-19,DL,ATL,"Atlanta, GA",CAK,"Akron, OH",63.0,73.0,0.0,0.0,528.0,29.0,0.0,10.0,0.0,34.0
2015,1,2015-01-08,DL,ATL,"Atlanta, GA",SAV,"Savannah, GA",8.0,-2.0,0.0,0.0,214.0,,,,,
2015,1,2015-01-08,DL,DEN,"Denver, CO",ATL,"Atlanta, GA",-2.0,-18.0,0.0,0.0,1199.0,,,,,
2015,1,2015-01-17,DL,MIA,"Miami, FL",ATL,"Atlanta, GA",-1.0,-7.0,0.0,0.0,594.0,,,,,
2015,1,2015-01-28,EV,MLU,"Monroe, LA",ATL,"Atlanta, GA",-8.0,-8.0,0.0,0.0,448.0,,,,,
2015,1,2015-01-11,EV,LEX,"Lexington, KY",ATL,"Atlanta, GA",-8.0,2.0,0.0,0.0,304.0,,,,,
2015,1,2015-01-16,DL,SFO,"San Francisco, CA",ATL,"Atlanta, GA",2.0,-8.0,0.0,0.0,2139.0,,,,,
2015,1,2015-01-21,WN,MSP,"Minneapolis, MN",ATL,"Atlanta, GA",-6.0,0.0,0.0,0.0,907.0,,,,,
2015,1,2015-01-30,DL,CMH,"Columbus, OH",ATL,"Atlanta, GA",15.0,26.0,0.0,0.0,447.0,0.0,0.0,11.0,0.0,15.0
2015,1,2015-01-05,DL,MSP,"Minneapolis, MN",ATL,"Atlanta, GA",-1.0,0.0,0.0,0.0,907.0,,,,,
2015,1,2015-01-13,WN,ATL,"Atlanta, GA",FLL,"Fort Lauderdale, FL",17.0,4.0,0.0,0.0,581.0,,,,,
2015,1,2015-01-16,WN,ATL,"Atlanta, GA",SFO,"San Francisco, CA",9.0,-4.0,0.0,0.0,2139.0,,,,,
2015,1,2015-01-17,DL,ATL,"Atlanta, GA",AUS,"Austin, TX",1.0,-10.0,0.0,0.0,813.0,,,,,
2015,1,2015-01-30,WN,MCO,"Orlando, FL",ATL,"Atlanta, GA",-8.0,-12.0,0.0,0.0,404.0,,,,,
2015,1,2015-01-05,WN,MSY,"New Orleans, LA",ATL,"Atlanta, GA",3.0,-8.0,0.0,0.0,425.0,,,,,
2015,1,2015-01-14,DL,ATL,"Atlanta, GA",RIC,"Richmond, VA",-2.0,17.0,0.0,0.0,481.0,0.0,0.0,17.0,0.0,0.0
2015,1,2015-01-26,DL,SDF,"Louisville, KY",ATL,"Atlanta, GA",0.0,-10.0,0.0,0.0,321.0,,,,,
2015,1,2015-01-31,DL,ATL,"Atlanta, GA",DTW,"Detroit, MI",-6.0,5.0,0.0,0.0,594.0,,,,,
2015,1,2015-01-16,EV,ATL,"Atlanta, GA",DHN,"Dothan, AL",-8.0,-18.0,0.0,0.0,170.0,,,,,
2015,1,2015-01-02,DL,SAV,"Savannah, GA",ATL,"Atlanta, GA",-4.0,-5.0,0.0,0.0,214.0,,,,,
2015,1,2015-01-15,DL,CMH,"Columbus, OH",ATL,"Atlanta, GA",-4.0,-17.0,0.0,0.0,447.0,,,,,
2015,1,2015-01-02,DL,ATL,"Atlanta, GA",MSP,"Minneapolis, MN",12.0,10.0,0.0,0.0,907.0,,,,,
2015,1,2015-01-02,DL,ATL,"Atlanta, GA",DTW,"Detroit, MI",0.0,-14.0,0.0,0.0,594.0,,,,,
2015,1,2015-01-16,DL,ATL,"Atlanta, GA",DEN,"Denver, CO",0.0,-15.0,0.0,0.0,1199.0,,,,,
2015,1,2015-01-07,EV,AGS,"Augusta, GA",ATL,"Atlanta, GA",-8.0,5.0,0.0,0.0,143.0,,,,,
2015,1,2015-01-19,DL,GRR,"Grand Rapids, MI",ATL,"Atlanta, GA",-5.0,-24.0,0.0,0.0,640.0,,,,,
2015,1,2015-01-29,DL,ATL,"Atlanta, GA",PIT,"Pittsburgh, PA",-3.0,-20.0,0.0,0.0,526.0,,,,,
2015,1,2015-01-28,EV,ATL,"Atlanta, GA",VLD,"Valdosta, GA",-4.0,-4.0,0.0,0.0,208.0,,,,,
2015,1,2015-01-03,EV,ATL,"Atlanta, GA",TLH,"Tallahassee, FL",-4.0,3.0,0.0,0.0,223.0,,,,,
2015,1,2015-01-15,OO,ORD,"Chicago, IL",ATL,"Atlanta, GA",28.0,27.0,0.0,0.0,606.0,0.0,0.0,0.0,0.0,27.0
2015,1,2015-01-23,DL,BUF,"Buffalo, NY",ATL,"Atlanta, GA",-1.0,4.0,0.0,0.0,712.0,,,,,
2015,1,2015-01-04,EV,BMI,"Bloomington/Normal, IL",ATL,"Atlanta, GA",104.0,105.0,0.0,0.0,533.0,0.0,0.0,1.0,0.0,104.0
2015,1,2015-01-05,EV,MLI,"Moline, IL",ATL,"Atlanta, GA",-1.0,20.0,0.0,0.0,633.0,0.0,0.0,20.0,0.0,0.0
2015,1,2015-01-17,WN,DCA,"Washington, DC",ATL,"Atlanta, GA",-7.0,-25.0,0.0,0.0,547.0,,,,,
2015,1,2015-01-28,DL,MSY,"New Orleans, LA",ATL,"Atlanta, GA",-1.0,-6.0,0.0,0.0,425.0,,,,,
2015,1,2015-01-01,DL,ATL,"Atlanta, GA",HDN,"Hayden, CO",-2.0,-11.0,0.0,0.0,1340.0,,,,,
2015,1,2015-01-27,EV,SHV,"Shreveport, LA",ATL,"Atlanta, GA",-5.0,-4.0,0.0,0.0,551.0,,,,,
2015,1,2015-01-12,DL,CMH,"Columbus, OH",ATL,"Atlanta, GA",75.0,110.0,0.0,0.0,447.0,5.0,0.0,87.0,0.0,18.0
2015,1,2015-01-03,WN,STL,"St. Louis, MO",ATL,"Atlanta, GA",-6.0,-19.0,0.0,0.0,484.0,,,,,
2015,1,2015-01-01,DL,ATL,"Atlanta, GA",SLC,"Salt Lake City, UT",-1.0,-18.0,0.0,0.0,1590.0,,,,,
2015,1,2015-01-04,DL,BZN,"Bozeman, MT",ATL,"Atlanta, GA",25.0,13.0,0.0,0.0,1640.0,,,,,
2015,1,2015-01-29,DL,ATL,"Atlanta, GA",RDU,"Raleigh/Durham, NC",-3.0,-12.0,0.0,0.0,356.0,,,,,
2015,1,2015-01-04,DL,LGA,"New York, NY",ATL,"Atlanta, GA",0.0,-22.0,0.0,0.0,762.0,,,,,
2015,1,2015-01-28,DL,IAH,"Houston, TX",ATL,"Atlanta, GA",-12.0,-26.0,0.0,0.0,689.0,,,,,
2015,1,2015-01-11,EV,ROA,"Roanoke, VA",ATL,"Atlanta, GA",0.0,-1.0,0.0,0.0,357.0,,,,,
2015,1,2015-01-19,EV,ATL,"Atlanta, GA",AVP,"Scranton/Wilkes-Barre, PA",-3.0,-6.0,0.0,0.0,714.0,,,,,
2015,1,2015-01-17,EV,ATL,"Atlanta, GA",CAE,"Columbia, SC",2.0,1.0,0.0,0.0,192.0,,,,,
2015,1,2015-01-16,AA,DFW,"Dallas/Fort Worth, TX",ATL,"Atlanta, GA",-6.0,-3.0,0.0,0.0,731.0,,,,,
2015,1,2015-01-22,WN,ATL,"Atlanta, GA",BOS,"Boston, MA",-2.0,-19.0,0.0,0.0,946.0,,,,,
2015,1,2015-01-01,DL,ATL,"Atlanta, GA",ORD,"Chicago, IL",15.0,10.0,0.0,0.0,606.0,,,,,
2015,1,2015-01-05,DL,ATL,"Atlanta, GA",LAS,"Las Vegas, NV",-4.0,-9.0,0.0,0.0,1747.0,,,,,
2015,1,2015-01-16,DL,ATL,"Atlanta, GA",ORF,"Norfolk, VA",0.0,-4.0,0.0,0.0,516.0,,,,,
2015,1,2015-01-02,DL,FLL,"Fort Lauderdale, FL",ATL,"Atlanta, GA",-2.0,3.0,0.0,0.0,581.0,,,,,
2015,1,2015-01-13,F9,DEN,"Denver, CO",ATL,"Atlanta, GA",-10.0,-13.0,0.0,0.0,1199.0,,,,,
2015,1,2015-01-10,EV,ATL,"Atlanta, GA",ABY,"Albany, GA",-4.0,-12.0,0.0,0.0,145.0,,,,,
2015,1,2015-01-22,DL,MSP,"Minneapolis, MN",ATL,"Atlanta, GA",1.0,5.0,0.0,0.0,907.0,,,,,
2015,1,2015-01-23,DL,ATL,"Atlanta, GA",CLT,"Charlotte, NC",-3.0,-10.0,0.0,0.0,226.0,,,,,
2015,1,2015-01-31,DL,ATL,"Atlanta, GA",FLL,"Fort Lauderdale, FL",7.0,1.0,0.0,0.0,581.0,,,,,
2015,1,2015-01-06,EV,ATL,"Atlanta, GA",ROA,"Roanoke, VA",-3.0,-12.0,0.0,0.0,357.0,,,,,
2015,1,2015-01-07,US,PHX,"Phoenix, AZ",ATL,"Atlanta, GA",-2.0,-9.0,0.0,0.0,1587.0,,,,,
2015,1,2015-01-13,EV,DHN,"Dothan, AL",ATL,"Atlanta, GA",53.0,48.0,0.0,0.0,170.0,0.0,0.0,0.0,0.0,48.0
2015,1,2015-01-21,DL,ATL,"Atlanta, GA",SJU,"San Juan, PR",-1.0,-16.0,0.0,0.0,1547.0,,,,,
2015,1,2015-01-06,EV,ATL,"Atlanta, GA",CSG,"Columbus, GA",79.0,84.0,0.0,0.0,83.0,76.0,0.0,5.0,0.0,3.0
2015,1,2015-01-16,WN,ATL,"Atlanta, GA",PIT,"Pittsburgh, PA",-2.0,-2.0,0.0,0.0,526.0,,,,,
2015,1,2015-01-06,EV,CHO,"Charlottesville, VA",ATL,"Atlanta, GA",0.0,-3.0,0.0,0.0,457.0,,,,,
2015,1,2015-01-09,DL,MSY,"New Orleans, LA",ATL,"Atlanta, GA",-2.0,3.0,0.0,0.0,425.0,,,,,
2015,1,2015-01-09,OO,CID,"Cedar Rapids/Iowa City, IA",ATL,"Atlanta, GA",102.0,88.0,0.0,0.0,694.0,0.0,0.0,0.0,0.0,88.0
2015,1,2015-01-18,DL,ATL,"Atlanta, GA",HOU,"Houston, TX",-1.0,-16.0,0.0,0.0,696.0,,,,,
2015,1,2015-01-04,EV,BQK,"Brunswick, GA",ATL,"Atlanta, GA",,,1.0,0.0,238.0,,,,,
2015,1,2015-01-06,EV,ATL,"Atlanta, GA",CAE,"Columbia, SC",-1.0,-4.0,0.0,0.0,192.0,,,,,
2015,1,2015-01-31,DL,IND,"Indianapolis, IN",ATL,"Atlanta, GA",7.0,-7.0,0.0,0.0,432.0,,,,,
2015,1,2015-01-01,DL,FNT,"Flint, MI",ATL,"Atlanta, GA",-7.0,-14.0,0.0,0.0,645.0,,,,,
2015,1,2015-01-19,DL,ATL,"Atlanta, GA",LGA,"New York, NY",0.0,-10.0,0.0,0.0,762.0,,,,,
2015,1,2015-01-11,DL,BHM,"Birmingham, AL",ATL,"Atlanta, GA",-2.0,-21.0,0.0,0.0,134.0,,,,,
2015,1,2015-01-17,DL,ATL,"Atlanta, GA",RDU,"Raleigh/Durham, NC",-5.0,-14.0,0.0,0.0,356.0,,,,,
2015,1,2015-01-30,DL,ORD,"Chicago, IL",ATL,"Atlanta, GA",-7.0,-24.0,0.0,0.0,606.0,,,,,
2015,1,2015-01-01,EV,ORF,"Norfolk, VA",ATL,"Atlanta, GA",-3.0,-5.0,0.0,0.0,516.0,,,,,
2015,1,2015-01-12,WN,LAX,"Los Angeles, CA",ATL,"Atlanta, GA",-5.0,5.0,0.0,0.0,1947.0,,,,,
2015,1,2015-01-23,WN,ATL,"Atlanta, GA",MKE,"Milwaukee, WI",28.0,24.0,0.0,0.0,669.0,0.0,0.0,0.0,0.0,24.0
2015,1,2015-01-07,DL,HSV,"Huntsville, AL",ATL,"Atlanta, GA",57.0,49.0,0.0,0.0,151.0,3.0,0.0,0.0,0.0,46.0
2015,1,2015-01-17,DL,ATL,"Atlanta, GA",MKE,"Milwaukee, WI",-6.0,-17.0,0.0,0.0,669.0,,,,,
2015,1,2015-01-22,DL,MIA,"Miami, FL",ATL,"Atlanta, GA",-1.0,-16.0,0.0,0.0,594.0,,,,,
2015,1,2015-01-21,DL,PHL,"Philadelphia, PA",ATL,"Atlanta, GA",-11.0,-19.0,0.0,0.0,666.0,,,,,
2015,1,2015-01-21,DL,ATL,"Atlanta, GA",BWI,"Baltimore, MD",0.0,1.0,0.0,0.0,577.0,,,,,
2015,1,2015-01-19,EV,DHN,"Dothan, AL",ATL,"Atlanta, GA",-5.0,-8.0,0.0,0.0,170.0,,,,,
2015,1,2015-01-28,DL,ATL,"Atlanta, GA",TPA,"Tampa, FL",-5.0,-14.0,0.0,0.0,406.0,,,,,
2015,1,2015-01-02,EV,ATL,"Atlanta, GA",LFT,"Lafayette, LA",33.0,28.0,0.0,0.0,503.0,0.0,0.0,0.0,0.0,28.0
2015,1,2015-01-15,DL,ATL,"Atlanta, GA",DFW,"Dallas/Fort Worth, TX",21.0,15.0,0.0,0.0,731.0,15.0,0.0,0.0,0.0,0.0
2015,1,2015-01-13,EV,ATL,"Atlanta, GA",BTR,"Baton Rouge, LA",-4.0,-8.0,0.0,0.0,448.0,,,,,
2015,1,2015-01-23,DL,ATL,"Atlanta, GA",MSP,"Minneapolis, MN",25.0,12.0,0.0,0.0,907.0,,,,,
2015,1,2015-01-07,DL,LGA,"New York, NY",ATL,"Atlanta, GA",0.0,-20.0,0.0,0.0,762.0,,,,,
2015,1,2015-01-06,DL,ATL,"Atlanta, GA",MLB,"Melbourne, FL",-4.0,-10.0,0.0,0.0,442.0,,,,,
2015,1,2015-01-06,DL,ATL,"Atlanta, GA",DCA,"Washington, DC",3.0,103.0,0.0,0.0,547.0,0.0,0.0,103.0,0.0,0.0
2015,1,2015-01-07,EV,MOB,"Mobile, AL",ATL,"Atlanta, GA",-3.0,-9.0,0.0,0.0,302.0,,,,,
2015,1,2015-01-06,WN,ATL,"Atlanta, GA",JAX,"Jacksonville, FL",46.0,30.0,0.0,0.0,270.0,25.0,0.0,0.0,0.0,5.0
2015,1,2015-01-01,DL,ATL,"Atlanta, GA",SMF,"Sacramento, CA",-4.0,-10.0,0.0,0.0,2092.0,,,,,
2015,1,2015-01-03,EV,ATL,"Atlanta, GA",TYS,"Knoxville, TN",-3.0,-5.0,0.0,0.0,152.0,,,,,
2015,1,2015-01-11,EV,ATL,"Atlanta, GA",RST,"Rochester, MN",-11.0,-22.0,0.0,0.0,831.0,,,,,
2015,1,2015-01-19,DL,ATL,"Atlanta, GA",RDU,"Raleigh/Durham, NC",-4.0,-10.0,0.0,0.0,356.0,,,,,
2015,1,2015-01-10,DL,SLC,"Salt Lake City, UT",ATL,"Atlanta, GA",-1.0,-1.0,0.0,0.0,1590.0,,,,,
2015,1,2015-01-26,OO,SBN,"South Bend, IN",ATL,"Atlanta, GA",0.0,-14.0,0.0,0.0,566.0,,,,,
2015,1,2015-01-26,EV,DFW,"Dallas/Fort Worth, TX",ATL,"Atlanta, GA",-2.0,9.0,0.0,0.0,731.0,,,,,
2015,1,2015-01-28,DL,MCO,"Orlando, FL",ATL,"Atlanta, GA",0.0,-5.0,0.0,0.0,404.0,,,,,
2015,1,2015-01-12,DL,TPA,"Tampa, FL",ATL,"Atlanta, GA",70.0,78.0,0.0,0.0,406.0,0.0,0.0,71.0,0.0,7.0
2015,1,2015-01-01,DL,ATL,"Atlanta, GA",CVG,"Cincinnati, OH",-2.0,2.0,0.0,0.0,373.0,,,,,
2015,1,2015-01-10,EV,XNA,"Fayetteville, AR",ATL,"Atlanta, GA",-6.0,-11.0,0.0,0.0,589.0,,,,,
2015,1,2015-01-28,DL,TLH,"Tallahassee, FL",ATL,"Atlanta, GA",-5.0,-7.0,0.0,0.0,223.0,,,,,
2015,1,2015-01-03,EV,ATL,"Atlanta, GA",AGS,"Augusta, GA",-4.0,-9.0,0.0,0.0,143.0,,,,,
2015,1,2015-01-29,US,PHL,"Philadelphia, PA",ATL,"Atlanta, GA",-9.0,6.0,0.0,0.0,666.0,,,,,
2015,1,2015-01-29,WN,MKE,"Milwaukee, WI",ATL,"Atlanta, GA",-9.0,-22.0,0.0,0.0,669.0,,,,,
2015,1,2015-01-11,WN,ATL,"Atlanta, GA",PIT,"Pittsburgh, PA",-10.0,-27.0,0.0,0.0,526.0,,,,,
2015,1,2015-01-24,DL,JAX,"Jacksonville, FL",ATL,"Atlanta, GA",-2.0,-10.0,0.0,0.0,270.0,,,,,
2015,1,2015-01-31,DL,ATL,"Atlanta, GA",BOS,"Boston, MA",-1.0,-3.0,0.0,0.0,946.0,,,,,
2015,1,2015-01-16,DL,HOU,"Houston, TX",ATL,"Atlanta, GA",-4.0,-5.0,0.0,0.0,696.0,,,,,
2015,1,2015-01-12,DL,ATL,"Atlanta, GA",EWR,"Newark, NJ",-2.0,-11.0,0.0,0.0,746.0,,,,,
2015,1,2015-01-17,DL,ATL,"Atlanta, GA",FLL,"Fort Lauderdale, FL",-2.0,-24.0,0.0,0.0,581.0,,,,,
2015,1,2015-01-10,DL,MSP,"Minneapolis, MN",ATL,"Atlanta, GA",9.0,-16.0,0.0,0.0,907.0,,,,,
2015,1,2015-01-11,DL,ATL,"Atlanta, GA",SDF,"Louisville, KY",4.0,-8.0,0.0,0.0,321.0,,,,,
2015,1,2015-01-21,DL,ATL,"Atlanta, GA",BUF,"Buffalo, NY",10.0,-10.0,0.0,0.0,712.0,,,,,
2015,1,2015-01-15,EV,ATL,"Atlanta, GA",FAY,"Fayetteville, NC",102.0,105.0,0.0,0.0,331.0,62.0,0.0,3.0,0.0,40.0
2015,1,2015-01-21,DL,ATL,"Atlanta, GA",MEM,"Memphis, TN",1.0,-9.0,0.0,0.0,332.0,,,,,
2015,1,2015-01-27,EV,TRI,"Bristol/Johnson City/Kingsport, TN",ATL,"Atlanta, GA",,,1.0,0.0,227.0,,,,,
2015,1,2015-01-29,EV,ATL,"Atlanta, GA",FAY,"Fayetteville, NC",-6.0,-7.0,0.0,0.0,331.0,,,,,
2015,1,2015-01-21,US,CLT,"Charlotte, NC",ATL,"Atlanta, GA",-4.0,-14.0,0.0,0.0,226.0,,,,,
2015,1,2015-01-23,DL,ATL,"Atlanta, GA",BOS,"Boston, MA",1.0,-13.0,0.0,0.0,946.0,,,,,
2015,1,2015-01-06,DL,ATL,"Atlanta, GA",DCA,"Washington, DC",-2.0,-8.0,0.0,0.0,547.0,,,,,
2015,1,2015-01-19,WN,ATL,"Atlanta, GA",RSW,"Fort Myers, FL",-6.0,-21.0,0.0,0.0,515.0,,,,,
2015,1,2015-01-14,DL,RDU,"Raleigh/Durham, NC",ATL,"Atlanta, GA",56.0,39.0,0.0,0.0,356.0,0.0,0.0,13.0,0.0,26.0
2015,1,2015-01-08,WN,LAX,"Los Angeles, CA",ATL,"Atlanta, GA",4.0,14.0,0.0,0.0,1947.0,,,,,
2015,1,2015-01-03,DL,ATL,"Atlanta, GA",BHM,"Birmingham, AL",8.0,14.0,0.0,0.0,134.0,,,,,
2015,1,2015-01-15,WN,ATL,"Atlanta, GA",MCI,"Kansas City, MO",21.0,12.0,0.0,0.0,692.0,,,,,
2015,1,2015-01-04,DL,EWR,"Newark, NJ",ATL,"Atlanta, GA",55.0,55.0,0.0,0.0,746.0,0.0,0.0,0.0,0.0,55.0
2015,1,2015-01-11,EV,ATL,"Atlanta, GA",HPN,"White Plains, NY",30.0,18.0,0.0,0.0,780.0,0.0,0.0,0.0,0.0,18.0
2015,1,2015-01-22,WN,ATL,"Atlanta, GA",FLL,"Fort Lauderdale, FL",-3.0,-18.0,0.0,0.0,581.0,,,,,
2015,1,2015-01-22,WN,DEN,"Denver, CO",ATL,"Atlanta, GA",3.0,2.0,0.0,0.0,1199.0,,,,,
2015,1,2015-01-26,DL,ATL,"Atlanta, GA",CLT,"Charlotte, NC",-2.0,-9.0,0.0,0.0,226.0,,,,,
2015,1,2015-01-06,WN,ATL,"Atlanta, GA",PHL,"Philadelphia, PA",7.0,-10.0,0.0,0.0,666.0,,,,,
2015,1,2015-01-21,EV,MOB,"Mobile, AL",ATL,"Atlanta, GA",-5.0,-9.0,0.0,0.0,302.0,,,,,
2015,1,2015-01-03,DL,IAH,"Houston, TX",ATL,"Atlanta, GA",-1.0,23.0,0.0,0.0,689.0,0.0,0.0,23.0,0.0,0.0
2015,1,2015-01-25,WN,ATL,"Atlanta, GA",HOU,"Houston, TX",37.0,24.0,0.0,0.0,696.0,6.0,0.0,0.0,0.0,18.0
2015,1,2015-01-13,EV,ATL,"Atlanta, GA",VLD,"Valdosta, GA",14.0,17.0,0.0,0.0,208.0,10.0,0.0,3.0,0.0,4.0
2015,1,2015-01-25,DL,ATL,"Atlanta, GA",MCO,"Orlando, FL",-5.0,-7.0,0.0,0.0,404.0,,,,,
2015,1,2015-01-01,DL,MDW,"Chicago, IL",ATL,"Atlanta, GA",8.0,-5.0,0.0,0.0,591.0,,,,,
2015,1,2015-01-14,DL,DFW,"Dallas/Fort Worth, TX",ATL,"Atlanta, GA",-7.0,-17.0,0.0,0.0,731.0,,,,,
2015,1,2015-01-03,WN,ATL,"Atlanta, GA",RDU,"Raleigh/Durham, NC",192.0,193.0,0.0,0.0,356.0,11.0,0.0,1.0,0.0,181.0
2015,1,2015-01-05,DL,TUS,"Tucson, AZ",ATL,"Atlanta, GA",-5.0,-12.0,0.0,0.0,1541.0,,,,,
2015,1,2015-01-24,DL,DFW,"Dallas/Fort Worth, TX",ATL,"Atlanta, GA",-5.0,-11.0,0.0,0.0,731.0,,,,,
2015,1,2015-01-12,DL,ATL,"Atlanta, GA",CAK,"Akron, OH",-4.0,15.0,0.0,0.0,528.0,0.0,0.0,15.0,0.0,0.0
2015,1,2015-01-10,DL,MSP,"Minneapolis, MN",ATL,"Atlanta, GA",-1.0,-22.0,0.0,0.0,907.0,,,,,
2015,1,2015-01-28,DL,ATL,"Atlanta, GA",PHX,"Phoenix, AZ",-4.0,-23.0,0.0,0.0,1587.0,,,,,
2015,1,2015-01-24,EV,ABE,"Allentown/Bethlehem/Easton, PA",ATL,"Atlanta, GA",0.0,-11.0,0.0,0.0,692.0,,,,,
2015,1,2015-01-30,DL,ATL,"Atlanta, GA",RDU,"Raleigh/Durham, NC",43.0,38.0,0.0,0.0,356.0,0.0,0.0,0.0,0.0,38.0
2015,1,2015-01-26,DL,ATL,"Atlanta, GA",CRW,"Charleston/Dunbar, WV",-3.0,13.0,0.0,0.0,363.0,,,,,
2015,1,2015-01-24,WN,ATL,"Atlanta, GA",LAS,"Las Vegas, NV",-3.0,-28.0,0.0,0.0,1747.0,,,,,
2015,1,2015-01-03,DL,RSW,"Fort Myers, FL",ATL,"Atlanta, GA",-2.0,-15.0,0.0,0.0,515.0,,,,,
2015,1,2015-01-30,DL,ATL,"Atlanta, GA",MKE,"Milwaukee, WI",-2.0,2.0,0.0,0.0,669.0,,,,,
2015,1,2015-01-16,DL,MDW,"Chicago, IL",ATL,"Atlanta, GA",83.0,62.0,0.0,0.0,591.0,2.0,0.0,0.0,0.0,60.0
2015,1,2015-01-30,DL,ATL,"Atlanta, GA",MCO,"Orlando, FL",5.0,-6.0,0.0,0.0,404.0,,,,,
2015,1,2015-01-01,EV,ATL,"Atlanta, GA",PIA,"Peoria, IL",-5.0,-9.0,0.0,0.0,565.0,,,,,
2015,1,2015-01-21,DL,ATL,"Atlanta, GA",JAX,"Jacksonville, FL",-5.0,-2.0,0.0,0.0,270.0,,,,,
2015,1,2015-01-02,DL,CMH,"Columbus, OH",ATL,"Atlanta, GA",-3.0,-1.0,0.0,0.0,447.0,,,,,
2015,1,2015-01-22,WN,SAN,"San Diego, CA",ATL,"Atlanta, GA",-5.0,-11.0,0.0,0.0,1892.0,,,,,
2015,1,2015-01-27,AA,ATL,"Atlanta, GA",DFW,"Dallas/Fort Worth, TX",4.0,0.0,0.0,0.0,731.0,,,,,
2015,1,2015-01-24,EV,ATL,"Atlanta, GA",LFT,"Lafayette, LA",3.0,-8.0,0.0,0.0,503.0,,,,,
2015,1,2015-01-22,DL,ATL,"Atlanta, GA",CHA,"Chattanooga, TN",-1.0,-9.0,0.0,0.0,106.0,,,,,
2015,1,2015-01-02,DL,BDL,"Hartford, CT",ATL,"Atlanta, GA",0.0,-7.0,0.0,0.0,859.0,,,,,
2015,1,2015-01-22,DL,ATL,"Atlanta, GA",PDX,"Portland, OR",-1.0,-23.0,0.0,0.0,2172.0,,,,,
2015,1,2015-01-09,US,ATL,"Atlanta, GA",PHL,"Philadelphia, PA",-6.0,-16.0,0.0,0.0,666.0,,,,,
2015,1,2015-01-07,DL,ATL,"Atlanta, GA",GPT,"Gulfport/Biloxi, MS",-5.0,-15.0,0.0,0.0,352.0,,,,,
2015,1,2015-01-17,DL,BWI,"Baltimore, MD",ATL,"Atlanta, GA",-5.0,-17.0,0.0,0.0,577.0,,,,,
2015,1,2015-01-09,DL,MCI,"Kansas City, MO",ATL,"Atlanta, GA",1.0,-8.0,0.0,0.0,692.0,,,,,
2015,1,2015-01-30,DL,LGA,"New York, NY",ATL,"Atlanta, GA",14.0,-15.0,0.0,0.0,762.0,,,,,
2015,1,2015-01-20,EV,ATL,"Atlanta, GA",VLD,"Valdosta, GA",-5.0,-16.0,0.0,0.0,208.0,,,,,
2015,1,2015-01-26,EV,XNA,"Fayetteville, AR",ATL,"Atlanta, GA",-6.0,-8.0,0.0,0.0,589.0,,,,,
2015,1,2015-01-26,DL,MCO,"Orlando, FL",ATL,"Atlanta, GA",-4.0,-6.0,0.0,0.0,404.0,,,,,
2015,1,2015-01-16,DL,ATL,"Atlanta, GA",SJU,"San Juan, PR",35.0,7.0,0.0,0.0,1547.0,,,,,
2015,1,2015-01-09,DL,DAB,"Daytona Beach, FL",ATL,"Atlanta, GA",-4.0,-19.0,0.0,0.0,366.0,,,,,
2015,1,2015-01-12,DL,ATL,"Atlanta, GA",TPA,"Tampa, FL",46.0,50.0,0.0,0.0,406.0,0.0,8.0,4.0,0.0,38.0
2015,1,2015-01-10,DL,SEA,"Seattle, WA",ATL,"Atlanta, GA",0.0,-5.0,0.0,0.0,2182.0,,,,,
2015,1,2015-01-16,DL,MLB,"Melbourne, FL",ATL,"Atlanta, GA",1.0,-6.0,0.0,0.0,442.0,,,,,
2015,1,2015-01-09,DL,ELP,"El Paso, TX",ATL,"Atlanta, GA",-3.0,-9.0,0.0,0.0,1282.0,,,,,
2015,1,2015-01-29,DL,ATL,"Atlanta, GA",RDU,"Raleigh/Durham, NC",-4.0,1.0,0.0,0.0,356.0,,,,,
2015,1,2015-01-03,DL,ECP,"Panama City, FL",ATL,"Atlanta, GA",19.0,19.0,0.0,0.0,240.0,0.0,0.0,0.0,0.0,19.0
2015,1,2015-01-12,DL,ATL,"Atlanta, GA",DFW,"Dallas/Fort Worth, TX",28.0,22.0,0.0,0.0,731.0,21.0,0.0,0.0,0.0,1.0
2015,1,2015-01-09,DL,ATL,"Atlanta, GA",DCA,"Washington, DC",-3.0,-18.0,0.0,0.0,547.0,,,,,
2015,1,2015-01-12,EV,CRW,"Charleston/Dunbar, WV",ATL,"Atlanta, GA",71.0,71.0,0.0,0.0,363.0,10.0,0.0,0.0,0.0,61.0
2015,1,2015-01-26,WN,MKE,"Milwaukee, WI",ATL,"Atlanta, GA",-8.0,-22.0,0.0,0.0,669.0,,,,,
2015,1,2015-01-13,EV,ATL,"Atlanta, GA",GSO,"Greensboro/High Point, NC",60.0,66.0,0.0,0.0,306.0,60.0,0.0,6.0,0.0,0.0
2015,1,2015-01-10,EV,DHN,"Dothan, AL",ATL,"Atlanta, GA",-6.0,-9.0,0.0,0.0,170.0,,,,,
2015,1,2015-01-14,DL,ELP,"El Paso, TX",ATL,"Atlanta, GA",-1.0,-17.0,0.0,0.0,1282.0,,,,,
2015,1,2015-01-31,DL,IND,"Indianapolis, IN",ATL,"Atlanta, GA",-2.0,-21.0,0.0,0.0,432.0,,,,,
2015,1,2015-01-17,MQ,ATL,"Atlanta, GA",LGA,"New York, NY",-6.0,-22.0,0.0,0.0,762.0,,,,,
2015,1,2015-01-08,DL,ATL,"Atlanta, GA",MCI,"Kansas City, MO",-2.0,-9.0,0.0,0.0,692.0,,,,,
2015,1,2015-01-02,DL,ROC,"Rochester, NY",ATL,"Atlanta, GA",-5.0,-13.0,0.0,0.0,749.0,,,,,
2015,1,2015-01-06,DL,LAX,"Los Angeles, CA",ATL,"Atlanta, GA",17.0,15.0,0.0,0.0,1947.0,13.0,0.0,2.0,0.0,0.0
2015,1,2015-01-02,DL,ATL,"Atlanta, GA",RDU,"Raleigh/Durham, NC",2.0,-10.0,0.0,0.0,356.0,,,,,
2015,1,2015-01-05,DL,ATL,"Atlanta, GA",PHX,"Phoenix, AZ",4.0,-5.0,0.0,0.0,1587.0,,,,,
2015,1,2015-01-19,DL,CAK,"Akron, OH",ATL,"Atlanta, GA",-1.0,-16.0,0.0,0.0,528.0,,,,,
2015,1,2015-01-15,DL,LAS,"Las Vegas, NV",ATL,"Atlanta, GA",-3.0,-2.0,0.0,0.0,1747.0,,,,,
2015,1,2015-01-07,DL,ATL,"Atlanta, GA",CHS,"Charleston, SC",-1.0,3.0,0.0,0.0,259.0,,,,,
2015,1,2015-01-06,EV,ATL,"Atlanta, GA",MLU,"Monroe, LA",-3.0,5.0,0.0,0.0,448.0,,,,,
2015,1,2015-01-03,EV,EVV,"Evansville, IN",ATL,"Atlanta, GA",-5.0,-9.0,0.0,0.0,350.0,,,,,
2015,1,2015-01-10,DL,ATL,"Atlanta, GA",MDT,"Harrisburg, PA",-2.0,-7.0,0.0,0.0,620.0,,,,,
2015,1,2015-01-11,EV,GNV,"Gainesville, FL",ATL,"Atlanta, GA",-4.0,-10.0,0.0,0.0,300.0,,,,,
2015,1,2015-01-19,OO,ATL,"Atlanta, GA",DEN,"Denver, CO",76.0,73.0,0.0,0.0,1199.0,0.0,0.0,0.0,0.0,73.0
2015,1,2015-01-09,EV,SGF,"Springfield, MO",ATL,"Atlanta, GA",-5.0,-24.0,0.0,0.0,563.0,,,,,
2015,1,2015-01-08,DL,GSO,"Greensboro/High Point, NC",ATL,"Atlanta, GA",-6.0,-7.0,0.0,0.0,306.0,,,,,
2015,1,2015-01-06,DL,ATL,"Atlanta, GA",MCO,"Orlando, FL",5.0,-3.0,0.0,0.0,404.0,,,,,
2015,1,2015-01-03,DL,ATL,"Atlanta, GA",SFO,"San Francisco, CA",-1.0,-24.0,0.0,0.0,2139.0,,,,,
2015,1,2015-01-03,WN,ATL,"Atlanta, GA",FLL,"Fort Lauderdale, FL",99.0,101.0,0.0,0.0,581.0,60.0,0.0,2.0,0.0,39.0
2015,1,2015-01-04,DL,ATL,"Atlanta, GA",TPA,"Tampa, FL",0.0,3.0,0.0,0.0,406.0,,,,,
2015,1,2015-01-30,WN,MKE,"Milwaukee, WI",ATL,"Atlanta, GA",-3.0,-21.0,0.0,0.0,669.0,,,,,
2015,1,2015-01-28,AA,DFW,"Dallas/Fort Worth, TX",ATL,"Atlanta, GA",-4.0,-15.0,0.0,0.0,731.0,,,,,
2015,1,2015-01-28,DL,JAN,"Jackson/Vicksburg, MS",ATL,"Atlanta, GA",-3.0,-19.0,0.0,0.0,341.0,,,,,
2015,1,2015-01-11,DL,FNT,"Flint, MI",ATL,"Atlanta, GA",166.0,206.0,0.0,0.0,645.0,0.0,0.0,40.0,0.0,166.0
2015,1,2015-01-16,EV,ATL,"Atlanta, GA",CAE,"Columbia, SC",-3.0,-1.0,0.0,0.0,192.0,,,,,
2015,1,2015-01-30,WN,ATL,"Atlanta, GA",MCO,"Orlando, FL",5.0,-8.0,0.0,0.0,404.0,,,,,
2015,1,2015-01-30,AA,DFW,"Dallas/Fort Worth, TX",ATL,"Atlanta, GA",-4.0,-6.0,0.0,0.0,731.0,,,,,
2015,1,2015-01-02,DL,DAY,"Dayton, OH",ATL,"Atlanta, GA",15.0,3.0,0.0,0.0,432.0,,,,,
2015,1,2015-01-26,WN,MDW,"Chicago, IL",ATL,"Atlanta, GA",10.0,0.0,0.0,0.0,591.0,,,,,
2015,1,2015-01-31,DL,ATL,"Atlanta, GA",FNT,"Flint, MI",-2.0,-2.0,0.0,0.0,645.0,,,,,
2015,1,2015-01-27,DL,PNS,"Pensacola, FL",ATL,"Atlanta, GA",-5.0,-3.0,0.0,0.0,271.0,,,,,
2015,1,2015-01-03,DL,TPA,"Tampa, FL",ATL,"Atlanta, GA",-4.0,-2.0,0.0,0.0,406.0,,,,,
2015,1,2015-01-01,DL,ATL,"Atlanta, GA",SLC,"Salt Lake City, UT",-1.0,-6.0,0.0,0.0,1590.0,,,,,
2015,1,2015-01-06,DL,ATL,"Atlanta, GA",DTW,"Detroit, MI",-1.0,4.0,0.0,0.0,594.0,,,,,
2015,1,2015-01-16,DL,MDW,"Chicago, IL",ATL,"Atlanta, GA",7.0,-15.0,0.0,0.0,591.0,,,,,
2015,1,2015-01-17,US,PHL,"Philadelphia, PA",ATL,"Atlanta, GA",-8.0,-30.0,0.0,0.0,666.0,,,,,
2015,1,2015-01-10,DL,ATL,"Atlanta, GA",MSY,"New Orleans, LA",-3.0,-6.0,0.0,0.0,425.0,,,,,
2015,1,2015-01-27,DL,ATL,"Atlanta, GA",STL,"St. Louis, MO",-7.0,-4.0,0.0,0.0,484.0,,,,,
2015,1,2015-01-07,DL,ATL,"Atlanta, GA",MEM,"Memphis, TN",-2.0,-15.0,0.0,0.0,332.0,,,,,
2015,1,2015-01-09,DL,ATL,"Atlanta, GA",MSP,"Minneapolis, MN",0.0,-4.0,0.0,0.0,907.0,,,,,
2015,1,2015-01-27,EV,ATL,"Atlanta, GA",BQK,"Brunswick, GA",-5.0,-17.0,0.0,0.0,238.0,,,,,
2015,1,2015-01-27,DL,IAD,"Washington, DC",ATL,"Atlanta, GA",-4.0,-37.0,0.0,0.0,534.0,,,,,
2015,1,2015-01-25,F9,ATL,"Atlanta, GA",MCO,"Orlando, FL",1.0,-2.0,0.0,0.0,404.0,,,,,
2015,1,2015-01-26,DL,ATL,"Atlanta, GA",MCO,"Orlando, FL",0.0,-17.0,0.0,0.0,404.0,,,,,
2015,1,2015-01-22,EV,GPT,"Gulfport/Biloxi, MS",ATL,"Atlanta, GA",-5.0,-8.0,0.0,0.0,352.0,,,,,
2015,1,2015-01-19,DL,HSV,"Huntsville, AL",ATL,"Atlanta, GA",0.0,-21.0,0.0,0.0,151.0,,,,,
2015,1,2015-01-28,DL,LGA,"New York, NY",ATL,"Atlanta, GA",-4.0,-26.0,0.0,0.0,762.0,,,,,
2015,1,2015-01-24,DL,PIT,"Pittsburgh, PA",ATL,"Atlanta, GA",-2.0,7.0,0.0,0.0,526.0,,,,,
2015,1,2015-01-08,DL,ATL,"Atlanta, GA",VPS,"Valparaiso, FL",-1.0,-7.0,0.0,0.0,250.0,,,,,
2015,1,2015-01-31,WN,ATL,"Atlanta, GA",MCI,"Kansas City, MO",-2.0,-14.0,0.0,0.0,692.0,,,,,
2015,1,2015-01-30,WN,MDW,"Chicago, IL",ATL,"Atlanta, GA",-1.0,-13.0,0.0,0.0,591.0,,,,,
2015,1,2015-01-01,DL,ATL,"Atlanta, GA",BWI,"Baltimore, MD",0.0,-15.0,0.0,0.0,577.0,,,,,
2015,1,2015-01-05,DL,LAS,"Las Vegas, NV",ATL,"Atlanta, GA",11.0,5.0,0.0,0.0,1747.0,,,,,
2015,1,2015-01-16,DL,PHL,"Philadelphia, PA",ATL,"Atlanta, GA",14.0,-22.0,0.0,0.0,666.0,,,,,
2015,1,2015-01-08,DL,ATL,"Atlanta, GA",DTW,"Detroit, MI",-1.0,-8.0,0.0,0.0,594.0,,,,,
2015,1,2015-01-13,US,CLT,"Charlotte, NC",ATL,"Atlanta, GA",-1.0,20.0,0.0,0.0,226.0,0.0,0.0,20.0,0.0,0.0
2015,1,2015-01-23,UA,EWR,"Newark, NJ",ATL,"Atlanta, GA",-6.0,-5.0,0.0,0.0,746.0,,,,,
2015,1,2015-01-11,DL,FLL,"Fort Lauderdale, FL",ATL,"Atlanta, GA",-4.0,-5.0,0.0,0.0,581.0,,,,,
2015,1,2015-01-22,DL,ATL,"Atlanta, GA",SDF,"Louisville, KY",-2.0,-10.0,0.0,0.0,321.0,,,,,
2015,1,2015-01-23,OO,DEN,"Denver, CO",ATL,"Atlanta, GA",-5.0,6.0,0.0,0.0,1199.0,,,,,
2015,1,2015-01-01,DL,SNA,"Santa Ana, CA",ATL,"Atlanta, GA",-4.0,-21.0,0.0,0.0,1919.0,,,,,
2015,1,2015-01-11,DL,JAN,"Jackson/Vicksburg, MS",ATL,"Atlanta, GA",-3.0,-9.0,0.0,0.0,341.0,,,,,
2015,1,2015-01-16,DL,ATL,"Atlanta, GA",JAN,"Jackson/Vicksburg, MS",-3.0,-15.0,0.0,0.0,341.0,,,,,
2015,1,2015-01-16,US,ATL,"Atlanta, GA",CLT,"Charlotte, NC",-8.0,-15.0,0.0,0.0,226.0,,,,,
2015,1,2015-01-29,DL,ATL,"Atlanta, GA",ICT,"Wichita, KS",-1.0,4.0,0.0,0.0,782.0,,,,,
2015,1,2015-01-20,WN,IND,"Indianapolis, IN",ATL,"Atlanta, GA",-4.0,-25.0,0.0,0.0,432.0,,,,,
2015,1,2015-01-03,OO,ATL,"Atlanta, GA",IAH,"Houston, TX",10.0,,1.0,0.0,689.0,,,,,
2015,1,2015-01-06,WN,ATL,"Atlanta, GA",RSW,"Fort Myers, FL",3.0,-12.0,0.0,0.0,515.0,,,,,
2015,1,2015-01-29,DL,ATL,"Atlanta, GA",OKC,"Oklahoma City, OK",-6.0,-10.0,0.0,0.0,761.0,,,,,
2015,1,2015-01-20,EV,VLD,"Valdosta, GA",ATL,"Atlanta, GA",-1.0,0.0,0.0,0.0,208.0,,,,,
2015,1,2015-01-07,EV,ATL,"Atlanta, GA",OAJ,"Jacksonville/Camp Lejeune, NC",-3.0,-8.0,0.0,0.0,399.0,,,,,
2015,1,2015-01-21,DL,MSN,"Madison, WI",ATL,"Atlanta, GA",-7.0,-22.0,0.0,0.0,707.0,,,,,
2015,1,2015-01-11,DL,PHL,"Philadelphia, PA",ATL,"Atlanta, GA",-3.0,6.0,0.0,0.0,666.0,,,,,
2015,1,2015-01-01,WN,ATL,"Atlanta, GA",RIC,"Richmond, VA",38.0,31.0,0.0,0.0,481.0,18.0,0.0,0.0,0.0,13.0
2015,1,2015-01-15,DL,ATL,"Atlanta, GA",PBI,"West Palm Beach/Palm Beach, FL",30.0,20.0,0.0,0.0,545.0,10.0,0.0,0.0,0.0,10.0
2015,1,2015-01-16,NK,DFW,"Dallas/Fort Worth, TX",ATL,"Atlanta, GA",2.0,20.0,0.0,0.0,731.0,0.0,2.0,18.0,0.0,0.0
2015,1,2015-01-02,WN,PBI,"West Palm Beach/Palm Beach, FL",ATL,"Atlanta, GA",27.0,24.0,0.0,0.0,545.0,11.0,0.0,0.0,0.0,13.0
2015,1,2015-01-03,AA,ATL,"Atlanta, GA",DFW,"Dallas/Fort Worth, TX",2.0,3.0,0.0,0.0,731.0,,,,,
2015,1,2015-01-22,EV,ATL,"Atlanta, GA",GNV,"Gainesville, FL",-1.0,2.0,0.0,0.0,300.0,,,,,
2015,1,2015-01-02,EV,JAN,"Jackson/Vicksburg, MS",ATL,"Atlanta, GA",4.0,30.0,0.0,0.0,341.0,4.0,0.0,26.0,0.0,0.0
2015,1,2015-01-16,DL,RSW,"Fort Myers, FL",ATL,"Atlanta, GA",-9.0,-8.0,0.0,0.0,515.0,,,,,
2015,1,2015-01-23,DL,ATL,"Atlanta, GA",BWI,"Baltimore, MD",-2.0,-15.0,0.0,0.0,577.0,,,,,
2015,1,2015-01-18,DL,BOS,"Boston, MA",ATL,"Atlanta, GA",191.0,169.0,0.0,0.0,946.0,169.0,0.0,0.0,0.0,0.0
2015,1,2015-01-29,DL,MCI,"Kansas City, MO",ATL,"Atlanta, GA",-5.0,-27.0,0.0,0.0,692.0,,,,,
2015,1,2015-01-26,DL,ATL,"Atlanta, GA",BDL,"Hartford, CT",,,1.0,0.0,859.0,,,,,
2015,1,2015-01-22,DL,ATL,"Atlanta, GA",PHL,"Philadelphia, PA",10.0,-9.0,0.0,0.0,666.0,,,,,
2015,1,2015-01-20,WN,FLL,"Fort Lauderdale, FL",ATL,"Atlanta, GA",-5.0,-20.0,0.0,0.0,581.0,,,,,
2015,1,2015-01-19,DL,LAS,"Las Vegas, NV",ATL,"Atlanta, GA",-7.0,-18.0,0.0,0.0,1747.0,,,,,
2015,1,2015-01-28,DL,RDU,"Raleigh/Durham, NC",ATL,"Atlanta, GA",-5.0,-26.0,0.0,0.0,356.0,,,,,
2015,1,2015-01-03,DL,ATL,"Atlanta, GA",BDL,"Hartford, CT",31.0,21.0,0.0,0.0,859.0,21.0,0.0,0.0,0.0,0.0
2015,1,2015-01-19,DL,CHS,"Charleston, SC",ATL,"Atlanta, GA",-2.0,-3.0,0.0,0.0,259.0,,,,,
2015,1,2015-01-03,DL,MKE,"Milwaukee, WI",ATL,"Atlanta, GA",4.0,22.0,0.0,0.0,669.0,0.0,0.0,22.0,0.0,0.0
2015,1,2015-01-14,WN,FLL,"Fort Lauderdale, FL",ATL,"Atlanta, GA",-2.0,7.0,0.0,0.0,581.0,,,,,
2015,1,2015-01-07,DL,ATL,"Atlanta, GA",MHT,"Manchester, NH",-3.0,-24.0,0.0,0.0,952.0,,,,,
2015,1,2015-01-06,MQ,ATL,"Atlanta, GA",LGA,"New York, NY",124.0,130.0,0.0,0.0,762.0,0.0,0.0,83.0,0.0,47.0
2015,1,2015-01-27,WN,ATL,"Atlanta, GA",RDU,"Raleigh/Durham, NC",-4.0,-27.0,0.0,0.0,356.0,,,,,
2015,1,2015-01-01,DL,SFO,"San Francisco, CA",ATL,"Atlanta, GA",-8.0,4.0,0.0,0.0,2139.0,,,,,
2015,1,2015-01-28,DL,RDU,"Raleigh/Durham, NC",ATL,"Atlanta, GA",-4.0,-26.0,0.0,0.0,356.0,,,,,
2015,1,2015-01-27,DL,ATL,"Atlanta, GA",MCO,"Orlando, FL",-6.0,-19.0,0.0,0.0,404.0,,,,,
2015,1,2015-01-02,EV,CHA,"Chattanooga, TN",ATL,"Atlanta, GA",-1.0,-14.0,0.0,0.0,106.0,,,,,
2015,1,2015-01-23,DL,BOS,"Boston, MA",ATL,"Atlanta, GA",17.0,31.0,0.0,0.0,946.0,4.0,0.0,14.0,0.0,13.0
2015,1,2015-01-07,DL,ATL,"Atlanta, GA",ECP,"Panama City, FL",23.0,7.0,0.0,0.0,240.0,,,,,
2015,1,2015-01-21,DL,FLL,"Fort Lauderdale, FL",ATL,"Atlanta, GA",-3.0,-20.0,0.0,0.0,581.0,,,,,
2015,1,2015-01-23,DL,ATL,"Atlanta, GA",JAX,"Jacksonville, FL",5.0,17.0,0.0,0.0,270.0,0.0,0.0,17.0,0.0,0.0
2015,1,2015-01-18,EV,HPN,"White Plains, NY",ATL,"Atlanta, GA",121.0,148.0,0.0,0.0,780.0,121.0,0.0,27.0,0.0,0.0
2015,1,2015-01-28,DL,ATL,"Atlanta, GA",SAN,"San Diego, CA",-2.0,-22.0,0.0,0.0,1892.0,,,,,
2015,1,2015-01-12,DL,ATL,"Atlanta, GA",BOS,"Boston, MA",26.0,-1.0,0.0,0.0,946.0,,,,,
2015,1,2015-01-07,DL,BDL,"Hartford, CT",ATL,"Atlanta, GA",-4.0,-2.0,0.0,0.0,859.0,,,,,
2015,1,2015-01-05,DL,ATL,"Atlanta, GA",CLT,"Charlotte, NC",4.0,-9.0,0.0,0.0,226.0,,,,,
2015,1,2015-01-15,DL,MEM,"Memphis, TN",ATL,"Atlanta, GA",-5.0,4.0,0.0,0.0,332.0,,,,,
2015,1,2015-01-19,DL,ATL,"Atlanta, GA",CHS,"Charleston, SC",-3.0,-10.0,0.0,0.0,259.0,,,,,
2015,1,2015-01-07,EV,ATL,"Atlanta, GA",FSM,"Fort Smith, AR",-11.0,-11.0,0.0,0.0,579.0,,,,,
2015,1,2015-01-05,DL,SNA,"Santa Ana, CA",ATL,"Atlanta, GA",20.0,22.0,0.0,0.0,1919.0,20.0,0.0,2.0,0.0,0.0
2015,1,2015-01-20,DL,PBI,"West Palm Beach/Palm Beach, FL",ATL,"Atlanta, GA",-6.0,-19.0,0.0,0.0,545.0,,,,,
2015,1,2015-01-02,DL,BDL,"Hartford, CT",ATL,"Atlanta, GA",-6.0,-6.0,0.0,0.0,859.0,,,,,
2015,1,2015-01-20,DL,ATL,"Atlanta, GA",FLL,"Fort Lauderdale, FL",-4.0,-7.0,0.0,0.0,581.0,,,,,
2015,1,2015-01-03,DL,LGA,"New York, NY",ATL,"Atlanta, GA",-6.0,-14.0,0.0,0.0,762.0,,,,,
2015,1,2015-01-20,WN,MSP,"Minneapolis, MN",ATL,"Atlanta, GA",-3.0,-11.0,0.0,0.0,907.0,,,,,
2015,1,2015-01-31,WN,TPA,"Tampa, FL",ATL,"Atlanta, GA",-3.0,-16.0,0.0,0.0,406.0,,,,,
2015,1,2015-01-15,DL,LAX,"Los Angeles, CA",ATL,"Atlanta, GA",-1.0,1.0,0.0,0.0,1947.0,,,,,
2015,1,2015-01-31,DL,MCO,"Orlando, FL",ATL,"Atlanta, GA",-5.0,-22.0,0.0,0.0,404.0,,,,,
2015,1,2015-01-04,DL,EGE,"Eagle, CO",ATL,"Atlanta, GA",-7.0,-6.0,0.0,0.0,1312.0,,,,,
2015,1,2015-01-12,EV,ATL,"Atlanta, GA",CAE,"Columbia, SC",0.0,5.0,0.0,0.0,192.0,,,,,
2015,1,2015-01-25,EV,TYS,"Knoxville, TN",ATL,"Atlanta, GA",20.0,13.0,0.0,0.0,152.0,,,,,
2015,1,2015-01-02,DL,ATL,"Atlanta, GA",PHL,"Philadelphia, PA",40.0,20.0,0.0,0.0,666.0,0.0,3.0,0.0,0.0,17.0
2015,1,2015-01-11,DL,ATL,"Atlanta, GA",CMH,"Columbus, OH",15.0,-3.0,0.0,0.0,447.0,,,,,
2015,1,2015-01-04,EV,MGM,"Montgomery, AL",ATL,"Atlanta, GA",2.0,-5.0,0.0,0.0,147.0,,,,,
2015,1,2015-01-02,OO,ASE,"Aspen, CO",ATL,"Atlanta, GA",60.0,41.0,0.0,0.0,1304.0,0.0,0.0,0.0,0.0,41.0
2015,1,2015-01-29,DL,ATL,"Atlanta, GA",PNS,"Pensacola, FL",-2.0,-16.0,0.0,0.0,271.0,,,,,
2015,1,2015-01-15,EV,CAE,"Columbia, SC",ATL,"Atlanta, GA",-4.0,-2.0,0.0,0.0,192.0,,,,,
2015,1,2015-01-02,EV,ATL,"Atlanta, GA",VPS,"Valparaiso, FL",0.0,-12.0,0.0,0.0,250.0,,,,,
2015,1,2015-01-26,DL,ATL,"Atlanta, GA",BWI,"Baltimore, MD",-4.0,-6.0,0.0,0.0,577.0,,,,,
2015,1,2015-01-27,DL,DCA,"Washington, DC",ATL,"Atlanta, GA",-9.0,-37.0,0.0,0.0,547.0,,,,,
2015,1,2015-01-17,DL,ATL,"Atlanta, GA",EYW,"Key West, FL",-1.0,-11.0,0.0,0.0,646.0,,,,,
2015,1,2015-01-01,DL,ATL,"Atlanta, GA",LGA,"New York, NY",-5.0,-11.0,0.0,0.0,762.0,,,,,
2015,1,2015-01-28,DL,HSV,"Huntsville, AL",ATL,"Atlanta, GA",-5.0,-15.0,0.0,0.0,151.0,,,,,
2015,1,2015-01-18,DL,MKE,"Milwaukee, WI",ATL,"Atlanta, GA",-1.0,-27.0,0.0,0.0,669.0,,,,,
2015,1,2015-01-04,EV,BTR,"Baton Rouge, LA",ATL,"Atlanta, GA",104.0,92.0,0.0,0.0,448.0,0.0,0.0,0.0,0.0,92.0
2015,1,2015-01-30,DL,ATL,"Atlanta, GA",BOS,"Boston, MA",-1.0,-4.0,0.0,0.0,946.0,,,,,
2015,1,2015-01-03,EV,TYS,"Knoxville, TN",ATL,"Atlanta, GA",79.0,93.0,0.0,0.0,152.0,33.0,0.0,14.0,0.0,46.0
2015,1,2015-01-14,DL,HOU,"Houston, TX",ATL,"Atlanta, GA",-4.0,-9.0,0.0,0.0,696.0,,,,,
2015,1,2015-01-02,DL,ATL,"Atlanta, GA",BOS,"Boston, MA",8.0,-5.0,0.0,0.0,946.0,,,,,
2015,1,2015-01-10,EV,ATL,"Atlanta, GA",CAE,"Columbia, SC",76.0,68.0,0.0,0.0,192.0,66.0,0.0,0.0,0.0,2.0
2015,1,2015-01-08,EV,AGS,"Augusta, GA",ATL,"Atlanta, GA",-3.0,-8.0,0.0,0.0,143.0,,,,,
2015,1,2015-01-26,DL,ATL,"Atlanta, GA",DSM,"Des Moines, IA",1.0,1.0,0.0,0.0,743.0,,,,,
2015,1,2015-01-15,DL,EWR,"Newark, NJ",ATL,"Atlanta, GA",11.0,-12.0,0.0,0.0,746.0,,,,,
2015,1,2015-01-26,DL,ATL,"Atlanta, GA",MCO,"Orlando, FL",-1.0,-7.0,0.0,0.0,404.0,,,,,
2015,1,2015-01-11,DL,ATL,"Atlanta, GA",MDW,"Chicago, IL",159.0,186.0,0.0,0.0,591.0,159.0,0.0,27.0,0.0,0.0
2015,1,2015-01-31,AA,MIA,"Miami, FL",ATL,"Atlanta, GA",-10.0,-27.0,0.0,0.0,594.0,,,,,
2015,1,2015-01-24,DL,ATL,"Atlanta, GA",MCI,"Kansas City, MO",-3.0,-21.0,0.0,0.0,692.0,,,,,
2015,1,2015-01-19,DL,ATL,"Atlanta, GA",JAX,"Jacksonville, FL",-3.0,-14.0,0.0,0.0,270.0,,,,,
2015,1,2015-01-27,EV,ATL,"Atlanta, GA",BTR,"Baton Rouge, LA",-9.0,-25.0,0.0,0.0,448.0,,,,,
2015,1,2015-01-16,WN,ATL,"Atlanta, GA",BWI,"Baltimore, MD",0.0,-2.0,0.0,0.0,577.0,,,,,
2015,1,2015-01-27,DL,BNA,"Nashville, TN",ATL,"Atlanta, GA",-5.0,-16.0,0.0,0.0,214.0,,,,,
2015,1,2015-01-28,WN,MSY,"New Orleans, LA",ATL,"Atlanta, GA",-6.0,-9.0,0.0,0.0,425.0,,,,,
2015,1,2015-01-09,DL,MCO,"Orlando, FL",ATL,"Atlanta, GA",1.0,-12.0,0.0,0.0,404.0,,,,,
2015,1,2015-01-07,DL,HSV,"Huntsville, AL",ATL,"Atlanta, GA",52.0,34.0,0.0,0.0,151.0,0.0,0.0,0.0,0.0,34.0
2015,1,2015-01-20,DL,ATL,"Atlanta, GA",EWR,"Newark, NJ",-6.0,-9.0,0.0,0.0,746.0,,,,,
2015,1,2015-01-16,DL,CHO,"Charlottesville, VA",ATL,"Atlanta, GA",0.0,-9.0,0.0,0.0,457.0,,,,,
2015,1,2015-01-06,DL,GRR,"Grand Rapids, MI",ATL,"Atlanta, GA",5.0,-1.0,0.0,0.0,640.0,,,,,
2015,1,2015-01-26,DL,ATL,"Atlanta, GA",TYS,"Knoxville, TN",-4.0,-7.0,0.0,0.0,152.0,,,,,
2015,1,2015-01-25,DL,ATL,"Atlanta, GA",DTW,"Detroit, MI",-1.0,-25.0,0.0,0.0,594.0,,,,,
2015,1,2015-01-03,DL,BOS,"Boston, MA",ATL,"Atlanta, GA",-4.0,-8.0,0.0,0.0,946.0,,,,,
2015,1,2015-01-01,WN,TPA,"Tampa, FL",ATL,"Atlanta, GA",5.0,-2.0,0.0,0.0,406.0,,,,,
2015,1,2015-01-03,DL,ATL,"Atlanta, GA",EWR,"Newark, NJ",59.0,83.0,0.0,0.0,746.0,59.0,0.0,24.0,0.0,0.0
2015,1,2015-01-06,DL,ATL,"Atlanta, GA",BNA,"Nashville, TN",-5.0,-12.0,0.0,0.0,214.0,,,,,
2015,1,2015-01-22,DL,RDU,"Raleigh/Durham, NC",ATL,"Atlanta, GA",-5.0,10.0,0.0,0.0,356.0,,,,,
2015,1,2015-01-29,DL,ATL,"Atlanta, GA",JAX,"Jacksonville, FL",-6.0,-13.0,0.0,0.0,270.0,,,,,
2015,1,2015-01-05,EV,SGF,"Springfield, MO",ATL,"Atlanta, GA",-5.0,-5.0,0.0,0.0,563.0,,,,,
2015,1,2015-01-24,DL,ATL,"Atlanta, GA",IAD,"Washington, DC",-1.0,-6.0,0.0,0.0,534.0,,,,,
2015,1,2015-01-13,EV,ATL,"Atlanta, GA",GSP,"Greer, SC",14.0,4.0,0.0,0.0,153.0,,,,,
2015,1,2015-01-28,DL,CHS,"Charleston, SC",ATL,"Atlanta, GA",-3.0,-13.0,0.0,0.0,259.0,,,,,
2015,1,2015-01-17,DL,TRI,"Bristol/Johnson City/Kingsport, TN",ATL,"Atlanta, GA",-1.0,14.0,0.0,0.0,227.0,,,,,
2015,1,2015-01-05,DL,ATL,"Atlanta, GA",MKE,"Milwaukee, WI",17.0,12.0,0.0,0.0,669.0,,,,,
2015,1,2015-01-21,DL,IAD,"Washington, DC",ATL,"Atlanta, GA",-2.0,-9.0,0.0,0.0,534.0,,,,,
2015,1,2015-01-03,WN,RIC,"Richmond, VA",ATL,"Atlanta, GA",-2.0,4.0,0.0,0.0,481.0,,,,,
2015,1,2015-01-21,OO,ATL,"Atlanta, GA",ASE,"Aspen, CO",-3.0,2.0,0.0,0.0,1304.0,,,,,
2015,1,2015-01-18,DL,ATL,"Atlanta, GA",BHM,"Birmingham, AL",-4.0,-16.0,0.0,0.0,134.0,,,,,
2015,1,2015-01-19,EV,SHV,"Shreveport, LA",ATL,"Atlanta, GA",-2.0,-4.0,0.0,0.0,551.0,,,,,
2015,1,2015-01-14,US,CLT,"Charlotte, NC",ATL,"Atlanta, GA",2.0,-3.0,0.0,0.0,226.0,,,,,
2015,1,2015-01-13,EV,ATL,"Atlanta, GA",MOB,"Mobile, AL",-3.0,8.0,0.0,0.0,302.0,,,,,
2015,1,2015-01-07,DL,ATL,"Atlanta, GA",OKC,"Oklahoma City, OK",-1.0,-9.0,0.0,0.0,761.0,,,,,
2015,1,2015-01-25,DL,PHL,"Philadelphia, PA",ATL,"Atlanta, GA",-3.0,-19.0,0.0,0.0,666.0,,,,,
2015,1,2015-01-03,DL,ATL,"Atlanta, GA",ONT,"Ontario, CA",1.0,-9.0,0.0,0.0,1900.0,,,,,
2015,1,2015-01-31,DL,ATL,"Atlanta, GA",FLL,"Fort Lauderdale, FL",-2.0,-12.0,0.0,0.0,581.0,,,,,
2015,1,2015-01-19,DL,ATL,"Atlanta, GA",MDW,"Chicago, IL",-1.0,-15.0,0.0,0.0,591.0,,,,,
2015,1,2015-01-29,DL,ATL,"Atlanta, GA",MSY,"New Orleans, LA",-2.0,-13.0,0.0,0.0,425.0,,,,,
2015,1,2015-01-21,DL,ATL,"Atlanta, GA",MDT,"Harrisburg, PA",-2.0,-11.0,0.0,0.0,620.0,,,,,
2015,1,2015-01-02,DL,DEN,"Denver, CO",ATL,"Atlanta, GA",-3.0,10.0,0.0,0.0,1199.0,,,,,
2015,1,2015-01-12,DL,SRQ,"Sarasota/Bradenton, FL",ATL,"Atlanta, GA",102.0,89.0,0.0,0.0,444.0,3.0,0.0,33.0,0.0,53.0
2015,1,2015-01-06,WN,DTW,"Detroit, MI",ATL,"Atlanta, GA",-3.0,41.0,0.0,0.0,594.0,0.0,0.0,41.0,0.0,0.0
2015,1,2015-01-30,WN,ATL,"Atlanta, GA",DTW,"Detroit, MI",8.0,-8.0,0.0,0.0,594.0,,,,,
2015,1,2015-01-24,DL,ATL,"Atlanta, GA",HOU,"Houston, TX",2.0,-11.0,0.0,0.0,696.0,,,,,
2015,1,2015-01-11,DL,ATL,"Atlanta, GA",SJU,"San Juan, PR",8.0,-3.0,0.0,0.0,1547.0,,,,,
2015,1,2015-01-18,DL,ATL,"Atlanta, GA",DCA,"Washington, DC",6.0,5.0,0.0,0.0,547.0,,,,,
2015,1,2015-01-28,DL,ATL,"Atlanta, GA",EWR,"Newark, NJ",0.0,-4.0,0.0,0.0,746.0,,,,,
2015,1,2015-01-21,WN,SAT,"San Antonio, TX",ATL,"Atlanta, GA",-7.0,-17.0,0.0,0.0,874.0,,,,,
2015,1,2015-01-08,EV,MLI,"Moline, IL",ATL,"Atlanta, GA",1.0,14.0,0.0,0.0,633.0,,,,,
2015,1,2015-01-10,DL,MLB,"Melbourne, FL",ATL,"Atlanta, GA",-2.0,-9.0,0.0,0.0,442.0,,,,,
2015,1,2015-01-02,DL,PIT,"Pittsburgh, PA",ATL,"Atlanta, GA",-3.0,-12.0,0.0,0.0,526.0,,,,,
2015,1,2015-01-15,EV,XNA,"Fayetteville, AR",ATL,"Atlanta, GA",10.0,5.0,0.0,0.0,589.0,,,,,
2015,1,2015-01-01,DL,DAB,"Daytona Beach, FL",ATL,"Atlanta, GA",-2.0,-14.0,0.0,0.0,366.0,,,,,
2015,1,2015-01-04,DL,CMH,"Columbus, OH",ATL,"Atlanta, GA",-1.0,-4.0,0.0,0.0,447.0,,,,,
2015,1,2015-01-25,DL,ORF,"Norfolk, VA",ATL,"Atlanta, GA",-5.0,-12.0,0.0,0.0,516.0,,,,,
2015,1,2015-01-26,DL,ATL,"Atlanta, GA",DFW,"Dallas/Fort Worth, TX",-3.0,-21.0,0.0,0.0,731.0,,,,,
2015,1,2015-01-03,DL,ATL,"Atlanta, GA",AGS,"Augusta, GA",36.0,27.0,0.0,0.0,143.0,27.0,0.0,0.0,0.0,0.0
2015,1,2015-01-04,DL,ATL,"Atlanta, GA",SEA,"Seattle, WA",-2.0,18.0,0.0,0.0,2182.0,0.0,0.0,18.0,0.0,0.0
2015,1,2015-01-08,WN,FLL,"Fort Lauderdale, FL",ATL,"Atlanta, GA",-3.0,-3.0,0.0,0.0,581.0,,,,,
2015,1,2015-01-22,EV,ATL,"Atlanta, GA",PHF,"Newport News/Williamsburg, VA",78.0,70.0,0.0,0.0,508.0,70.0,0.0,0.0,0.0,0.0
2015,1,2015-01-02,DL,ATL,"Atlanta, GA",COS,"Colorado Springs, CO",18.0,9.0,0.0,0.0,1184.0,,,,,
2015,1,2015-01-14,DL,ATL,"Atlanta, GA",JAN,"Jackson/Vicksburg, MS",-2.0,-18.0,0.0,0.0,341.0,,,,,
2015,1,2015-01-30,DL,ATL,"Atlanta, GA",IND,"Indianapolis, IN",-1.0,-4.0,0.0,0.0,432.0,,,,,
2015,1,2015-01-22,DL,RDU,"Raleigh/Durham, NC",ATL,"Atlanta, GA",-5.0,-16.0,0.0,0.0,356.0,,,,,
2015,1,2015-01-31,DL,VPS,"Valparaiso, FL",ATL,"Atlanta, GA",-1.0,-5.0,0.0,0.0,250.0,,,,,
2015,1,2015-01-06,DL,SAN,"San Diego, CA",ATL,"Atlanta, GA",-1.0,5.0,0.0,0.0,1892.0,,,,,
2015,1,2015-01-10,US,PHL,"Philadelphia, PA",ATL,"Atlanta, GA",2.0,-7.0,0.0,0.0,666.0,,,,,
2015,1,2015-01-23,DL,ATL,"Atlanta, GA",MIA,"Miami, FL",24.0,10.0,0.0,0.0,594.0,,,,,
2015,1,2015-01-13,DL,PHX,"Phoenix, AZ",ATL,"Atlanta, GA",-6.0,-10.0,0.0,0.0,1587.0,,,,,
2015,1,2015-01-15,EV,ATL,"Atlanta, GA",AEX,"Alexandria, LA",-5.0,1.0,0.0,0.0,500.0,,,,,
2015,1,2015-01-05,DL,ATL,"Atlanta, GA",IAD,"Washington, DC",5.0,-14.0,0.0,0.0,534.0,,,,,
2015,1,2015-01-05,DL,LFT,"Lafayette, LA",ATL,"Atlanta, GA",-3.0,-12.0,0.0,0.0,503.0,,,,,
2015,1,2015-01-26,WN,ATL,"Atlanta, GA",BWI,"Baltimore, MD",,,1.0,0.0,577.0,,,,,
2015,1,2015-01-09,EV,ATL,"Atlanta, GA",CRW,"Charleston/Dunbar, WV",-4.0,-17.0,0.0,0.0,363.0,,,,,
2015,1,2015-01-30,DL,ATL,"Atlanta, GA",LIT,"Little Rock, AR",-1.0,-16.0,0.0,0.0,453.0,,,,,
2015,1,2015-01-08,DL,ATL,"Atlanta, GA",MSY,"New Orleans, LA",55.0,52.0,0.0,0.0,425.0,52.0,0.0,0.0,0.0,0.0
2015,1,2015-01-08,DL,LAX,"Los Angeles, CA",ATL,"Atlanta, GA",-1.0,-14.0,0.0,0.0,1947.0,,,,,
2015,1,2015-01-10,US,PHX,"Phoenix, AZ",ATL,"Atlanta, GA",-4.0,0.0,0.0,0.0,1587.0,,,,,
2015,1,2015-01-29,DL,BOS,"Boston, MA",ATL,"Atlanta, GA",1.0,-25.0,0.0,0.0,946.0,,,,,
2015,1,2015-01-05,EV,GSP,"Greer, SC",ATL,"Atlanta, GA",30.0,18.0,0.0,0.0,153.0,0.0,0.0,0.0,0.0,18.0
2015,1,2015-01-17,WN,ATL,"Atlanta, GA",CAK,"Akron, OH",-7.0,-29.0,0.0,0.0,528.0,,,,,
2015,1,2015-01-16,WN,ATL,"Atlanta, GA",BDL,"Hartford, CT",-7.0,-18.0,0.0,0.0,859.0,,,,,
2015,1,2015-01-13,DL,TYS,"Knoxville, TN",ATL,"Atlanta, GA",20.0,3.0,0.0,0.0,152.0,,,,,
2015,1,2015-01-17,DL,ATL,"Atlanta, GA",JFK,"New York, NY",0.0,12.0,0.0,0.0,760.0,,,,,
2015,1,2015-01-23,DL,ATL,"Atlanta, GA",AUS,"Austin, TX",0.0,8.0,0.0,0.0,813.0,,,,,
2015,1,2015-01-20,WN,JAX,"Jacksonville, FL",ATL,"Atlanta, GA",-3.0,6.0,0.0,0.0,270.0,,,,,
2015,1,2015-01-30,DL,ATL,"Atlanta, GA",FLL,"Fort Lauderdale, FL",-4.0,-7.0,0.0,0.0,581.0,,,,,
2015,1,2015-01-18,DL,ATL,"Atlanta, GA",BDL,"Hartford, CT",1.0,-3.0,0.0,0.0,859.0,,,,,
2015,1,2015-01-23,EV,FAY,"Fayetteville, NC",ATL,"Atlanta, GA",,,1.0,0.0,331.0,,,,,
2015,1,2015-01-13,DL,ECP,"Panama City, FL",ATL,"Atlanta, GA",41.0,31.0,0.0,0.0,240.0,10.0,0.0,0.0,0.0,21.0
2015,1,2015-01-27,DL,ATL,"Atlanta, GA",IND,"Indianapolis, IN",-5.0,-2.0,0.0,0.0,432.0,,,,,
2015,1,2015-01-04,EV,RST,"Rochester, MN",ATL,"Atlanta, GA",,,1.0,0.0,831.0,,,,,
2015,1,2015-01-02,DL,SDF,"Louisville, KY",ATL,"Atlanta, GA",1.0,-10.0,0.0,0.0,321.0,,,,,
2015,1,2015-01-12,WN,ATL,"Atlanta, GA",BWI,"Baltimore, MD",-4.0,-11.0,0.0,0.0,577.0,,,,,
2015,1,2015-01-12,DL,SLC,"Salt Lake City, UT",ATL,"Atlanta, GA",5.0,-7.0,0.0,0.0,1590.0,,,,,
2015,1,2015-01-17,EV,ATL,"Atlanta, GA",TRI,"Bristol/Johnson City/Kingsport, TN",-8.0,-6.0,0.0,0.0,227.0,,,,,
2015,1,2015-01-05,EV,ATL,"Atlanta, GA",BTR,"Baton Rouge, LA",20.0,17.0,0.0,0.0,448.0,0.0,0.0,0.0,0.0,17.0
2015,1,2015-01-11,DL,ATL,"Atlanta, GA",LIT,"Little Rock, AR",-5.0,-3.0,0.0,0.0,453.0,,,,,
2015,1,2015-01-28,DL,RDU,"Raleigh/Durham, NC",ATL,"Atlanta, GA",-2.0,-16.0,0.0,0.0,356.0,,,,,
2015,1,2015-01-26,DL,IAH,"Houston, TX",ATL,"Atlanta, GA",-5.0,-3.0,0.0,0.0,689.0,,,,,
2015,1,2015-01-22,EV,EYW,"Key West, FL",ATL,"Atlanta, GA",-4.0,-11.0,0.0,0.0,646.0,,,,,
2015,1,2015-01-24,WN,HOU,"Houston, TX",ATL,"Atlanta, GA",1.0,-2.0,0.0,0.0,696.0,,,,,
2015,1,2015-01-03,EV,CHO,"Charlottesville, VA",ATL,"Atlanta, GA",-5.0,12.0,0.0,0.0,457.0,,,,,
2015,1,2015-01-02,DL,ATL,"Atlanta, GA",HOU,"Houston, TX",34.0,28.0,0.0,0.0,696.0,0.0,25.0,0.0,0.0,3.0
2015,1,2015-01-09,DL,DSM,"Des Moines, IA",ATL,"Atlanta, GA",-2.0,-6.0,0.0,0.0,743.0,,,,,
2015,1,2015-01-27,WN,ATL,"Atlanta, GA",RIC,"Richmond, VA",-4.0,-11.0,0.0,0.0,481.0,,,,,
2015,1,2015-01-05,EV,LEX,"Lexington, KY",ATL,"Atlanta, GA",109.0,96.0,0.0,0.0,304.0,0.0,0.0,0.0,0.0,96.0
2015,1,2015-01-13,DL,ATL,"Atlanta, GA",PNS,"Pensacola, FL",-2.0,20.0,0.0,0.0,271.0,0.0,0.0,20.0,0.0,0.0
2015,1,2015-01-23,DL,OMA,"Omaha, NE",ATL,"Atlanta, GA",-3.0,7.0,0.0,0.0,821.0,,,,,
2015,1,2015-01-16,EV,ABY,"Albany, GA",ATL,"Atlanta, GA",0.0,-3.0,0.0,0.0,145.0,,,,,
2015,1,2015-01-12,DL,ATL,"Atlanta, GA",SAT,"San Antonio, TX",47.0,52.0,0.0,0.0,874.0,9.0,0.0,5.0,0.0,38.0
2015,1,2015-01-15,US,ATL,"Atlanta, GA",PHL,"Philadelphia, PA",-7.0,-6.0,0.0,0.0,666.0,,,,,
2015,1,2015-01-25,DL,ATL,"Atlanta, GA",LAS,"Las Vegas, NV",-2.0,-27.0,0.0,0.0,1747.0,,,,,
2015,1,2015-01-23,WN,ATL,"Atlanta, GA",DCA,"Washington, DC",12.0,7.0,0.0,0.0,547.0,,,,,
2015,1,2015-01-08,DL,ATL,"Atlanta, GA",PDX,"Portland, OR",50.0,35.0,0.0,0.0,2172.0,35.0,0.0,0.0,0.0,0.0
2015,1,2015-01-19,DL,BWI,"Baltimore, MD",ATL,"Atlanta, GA",-4.0,-35.0,0.0,0.0,577.0,,,,,
2015,1,2015-01-19,EV,ATL,"Atlanta, GA",FSD,"Sioux Falls, SD",93.0,87.0,0.0,0.0,954.0,84.0,0.0,0.0,0.0,3.0
2015,1,2015-01-31,DL,ATL,"Atlanta, GA",MSP,"Minneapolis, MN",-2.0,-24.0,0.0,0.0,907.0,,,,,
2015,1,2015-01-02,DL,LAX,"Los Angeles, CA",ATL,"Atlanta, GA",23.0,14.0,0.0,0.0,1947.0,,,,,
2015,1,2015-01-27,WN,ATL,"Atlanta, GA",HOU,"Houston, TX",-4.0,-18.0,0.0,0.0,696.0,,,,,
2015,1,2015-01-30,DL,SAT,"San Antonio, TX",ATL,"Atlanta, GA",-5.0,-11.0,0.0,0.0,874.0,,,,,
2015,1,2015-01-06,DL,ATL,"Atlanta, GA",CLE,"Cleveland, OH",11.0,13.0,0.0,0.0,554.0,,,,,
2015,1,2015-01-27,DL,RDU,"Raleigh/Durham, NC",ATL,"Atlanta, GA",-1.0,-24.0,0.0,0.0,356.0,,,,,
2015,1,2015-01-21,DL,ORD,"Chicago, IL",ATL,"Atlanta, GA",-6.0,5.0,0.0,0.0,606.0,,,,,
2015,1,2015-01-08,DL,HOU,"Houston, TX",ATL,"Atlanta, GA",-3.0,-14.0,0.0,0.0,696.0,,,,,
2015,1,2015-01-08,DL,ATL,"Atlanta, GA",MCO,"Orlando, FL",-1.0,-10.0,0.0,0.0,404.0,,,,,
2015,1,2015-01-31,EV,ATL,"Atlanta, GA",OAJ,"Jacksonville/Camp Lejeune, NC",-6.0,-5.0,0.0,0.0,399.0,,,,,
2015,1,2015-01-03,DL,ATL,"Atlanta, GA",MEM,"Memphis, TN",8.0,3.0,0.0,0.0,332.0,,,,,
2015,1,2015-01-17,DL,ATL,"Atlanta, GA",TPA,"Tampa, FL",0.0,-8.0,0.0,0.0,406.0,,,,,
2015,1,2015-01-15,WN,BDL,"Hartford, CT",ATL,"Atlanta, GA",-2.0,-31.0,0.0,0.0,859.0,,,,,
2015,1,2015-01-10,DL,ATL,"Atlanta, GA",CAE,"Columbia, SC",-2.0,-10.0,0.0,0.0,192.0,,,,,
2015,1,2015-01-22,DL,DAB,"Daytona Beach, FL",ATL,"Atlanta, GA",-7.0,-6.0,0.0,0.0,366.0,,,,,
2015,1,2015-01-27,WN,ATL,"Atlanta, GA",PHX,"Phoenix, AZ",-1.0,-19.0,0.0,0.0,1587.0,,,,,
2015,1,2015-01-23,WN,PIT,"Pittsburgh, PA",ATL,"Atlanta, GA",-7.0,-22.0,0.0,0.0,526.0,,,,,
2015,1,2015-01-27,WN,MKE,"Milwaukee, WI",ATL,"Atlanta, GA",-7.0,-10.0,0.0,0.0,669.0,,,,,
2015,1,2015-01-20,DL,DSM,"Des Moines, IA",ATL,"Atlanta, GA",-4.0,-19.0,0.0,0.0,743.0,,,,,
2015,1,2015-01-07,AA,ATL,"Atlanta, GA",DFW,"Dallas/Fort Worth, TX",-6.0,-8.0,0.0,0.0,731.0,,,,,
2015,1,2015-01-08,DL,GNV,"Gainesville, FL",ATL,"Atlanta, GA",-3.0,-11.0,0.0,0.0,300.0,,,,,
2015,1,2015-01-09,US,ATL,"Atlanta, GA",CLT,"Charlotte, NC",18.0,22.0,0.0,0.0,226.0,18.0,0.0,4.0,0.0,0.0
2015,1,2015-01-04,EV,SHV,"Shreveport, LA",ATL,"Atlanta, GA",31.0,30.0,0.0,0.0,551.0,0.0,0.0,0.0,0.0,30.0
2015,1,2015-01-25,WN,ATL,"Atlanta, GA",SAN,"San Diego, CA",0.0,-50.0,0.0,0.0,1892.0,,,,,
2015,1,2015-01-23,EV,ATL,"Atlanta, GA",EVV,"Evansville, IN",36.0,38.0,0.0,0.0,350.0,33.0,0.0,2.0,0.0,3.0
2015,1,2015-01-02,DL,ATL,"Atlanta, GA",STL,"St. Louis, MO",26.0,12.0,0.0,0.0,484.0,,,,,
2015,1,2015-01-01,EV,ATL,"Atlanta, GA",GTR,"Columbus, MS",1.0,-11.0,0.0,0.0,241.0,,,,,
2015,1,2015-01-22,DL,ATL,"Atlanta, GA",DCA,"Washington, DC",-5.0,20.0,0.0,0.0,547.0,0.0,0.0,20.0,0.0,0.0
2015,1,2015-01-07,WN,ATL,"Atlanta, GA",DCA,"Washington, DC",2.0,0.0,0.0,0.0,547.0,,,,,
2015,1,2015-01-18,DL,ATL,"Atlanta, GA",FLL,"Fort Lauderdale, FL",-1.0,-7.0,0.0,0.0,581.0,,,,,
2015,1,2015-01-08,DL,ATL,"Atlanta, GA",LEX,"Lexington, KY",-2.0,-10.0,0.0,0.0,304.0,,,,,
2015,1,2015-01-15,DL,ATL,"Atlanta, GA",SFO,"San Francisco, CA",14.0,-11.0,0.0,0.0,2139.0,,,,,
2015,1,2015-01-22,WN,ATL,"Atlanta, GA",CMH,"Columbus, OH",128.0,108.0,0.0,0.0,447.0,59.0,0.0,0.0,0.0,49.0
2015,1,2015-01-10,WN,DCA,"Washington, DC",ATL,"Atlanta, GA",-9.0,-24.0,0.0,0.0,547.0,,,,,
2015,1,2015-01-14,DL,TRI,"Bristol/Johnson City/Kingsport, TN",ATL,"Atlanta, GA",-4.0,14.0,0.0,0.0,227.0,,,,,
2015,1,2015-01-09,DL,IAD,"Washington, DC",ATL,"Atlanta, GA",3.0,-11.0,0.0,0.0,534.0,,,,,
2015,1,2015-01-26,DL,TPA,"Tampa, FL",ATL,"Atlanta, GA",-2.0,8.0,0.0,0.0,406.0,,,,,
2015,1,2015-01-29,DL,ORD,"Chicago, IL",ATL,"Atlanta, GA",2.0,-18.0,0.0,0.0,606.0,,,,,
2015,1,2015-01-09,DL,ATL,"Atlanta, GA",TPA,"Tampa, FL",-1.0,-12.0,0.0,0.0,406.0,,,,,
2015,1,2015-01-06,DL,LGA,"New York, NY",ATL,"Atlanta, GA",32.0,20.0,0.0,0.0,762.0,0.0,0.0,0.0,0.0,20.0
2015,1,2015-01-17,DL,TLH,"Tallahassee, FL",ATL,"Atlanta, GA",-3.0,-6.0,0.0,0.0,223.0,,,,,
2015,1,2015-01-30,WN,TPA,"Tampa, FL",ATL,"Atlanta, GA",-6.0,-7.0,0.0,0.0,406.0,,,,,
2015,1,2015-01-14,DL,ATL,"Atlanta, GA",MCI,"Kansas City, MO",-5.0,-14.0,0.0,0.0,692.0,,,,,
2015,1,2015-01-25,DL,ATL,"Atlanta, GA",BUF,"Buffalo, NY",-2.0,-13.0,0.0,0.0,712.0,,,,,
2015,1,2015-01-26,DL,DAY,"Dayton, OH",ATL,"Atlanta, GA",7.0,38.0,0.0,0.0,432.0,0.0,7.0,31.0,0.0,0.0
2015,1,2015-01-24,AA,DFW,"Dallas/Fort Worth, TX",ATL,"Atlanta, GA",53.0,39.0,0.0,0.0,731.0,12.0,0.0,0.0,0.0,27.0
2015,1,2015-01-19,DL,SDF,"Louisville, KY",ATL,"Atlanta, GA",-7.0,-18.0,0.0,0.0,321.0,,,,,
2015,1,2015-01-22,DL,SRQ,"Sarasota/Bradenton, FL",ATL,"Atlanta, GA",-2.0,-16.0,0.0,0.0,444.0,,,,,
2015,1,2015-01-31,NK,DTW,"Detroit, MI",ATL,"Atlanta, GA",-1.0,-21.0,0.0,0.0,594.0,,,,,
2015,1,2015-01-02,DL,ATL,"Atlanta, GA",LAX,"Los Angeles, CA",13.0,27.0,0.0,0.0,1947.0,13.0,0.0,14.0,0.0,0.0
2015,1,2015-01-02,DL,ATL,"Atlanta, GA",JAX,"Jacksonville, FL",-2.0,3.0,0.0,0.0,270.0,,,,,
2015,1,2015-01-18,DL,PIT,"Pittsburgh, PA",ATL,"Atlanta, GA",-6.0,-33.0,0.0,0.0,526.0,,,,,
2015,1,2015-01-03,DL,ATL,"Atlanta, GA",RDU,"Raleigh/Durham, NC",1.0,-5.0,0.0,0.0,356.0,,,,,
2015,1,2015-01-25,DL,ELP,"El Paso, TX",ATL,"Atlanta, GA",9.0,16.0,0.0,0.0,1282.0,9.0,0.0,7.0,0.0,0.0
2015,1,2015-01-23,DL,ATL,"Atlanta, GA",MDW,"Chicago, IL",-1.0,-14.0,0.0,0.0,591.0,,,,,
2015,1,2015-01-05,NK,FLL,"Fort Lauderdale, FL",ATL,"Atlanta, GA",23.0,19.0,0.0,0.0,581.0,4.0,0.0,15.0,0.0,0.0
2015,1,2015-01-19,DL,LAX,"Los Angeles, CA",ATL,"Atlanta, GA",-3.0,-20.0,0.0,0.0,1947.0,,,,,
2015,1,2015-01-28,DL,HOU,"Houston, TX",ATL,"Atlanta, GA",-5.0,-11.0,0.0,0.0,696.0,,,,,
2015,1,2015-01-31,DL,GSO,"Greensboro/High Point, NC",ATL,"Atlanta, GA",-2.0,-24.0,0.0,0.0,306.0,,,,,
2015,1,2015-01-13,WN,ATL,"Atlanta, GA",LAX,"Los Angeles, CA",14.0,-8.0,0.0,0.0,1947.0,,,,,
2015,1,2015-01-18,DL,HOU,"Houston, TX",ATL,"Atlanta, GA",-5.0,-12.0,0.0,0.0,696.0,,,,,
2015,1,2015-01-30,DL,PBI,"West Palm Beach/Palm Beach, FL",ATL,"Atlanta, GA",-1.0,-6.0,0.0,0.0,545.0,,,,,
2015,1,2015-01-18,WN,FLL,"Fort Lauderdale, FL",ATL,"Atlanta, GA",-2.0,-13.0,0.0,0.0,581.0,,,,,
2015,1,2015-01-19,WN,PHX,"Phoenix, AZ",ATL,"Atlanta, GA",0.0,2.0,0.0,0.0,1587.0,,,,,
2015,1,2015-01-27,DL,ATL,"Atlanta, GA",MSN,"Madison, WI",-3.0,14.0,0.0,0.0,707.0,,,,,
2015,1,2015-01-28,WN,ATL,"Atlanta, GA",HOU,"Houston, TX",-5.0,-28.0,0.0,0.0,696.0,,,,,
2015,1,2015-01-02,AA,MIA,"Miami, FL",ATL,"Atlanta, GA",27.0,14.0,0.0,0.0,594.0,,,,,
2015,1,2015-01-28,DL,HOU,"Houston, TX",ATL,"Atlanta, GA",12.0,5.0,0.0,0.0,696.0,,,,,
2015,1,2015-01-15,DL,ATL,"Atlanta, GA",HOU,"Houston, TX",-2.0,-12.0,0.0,0.0,696.0,,,,,
2015,1,2015-01-23,DL,TPA,"Tampa, FL",ATL,"Atlanta, GA",-3.0,15.0,0.0,0.0,406.0,0.0,0.0,15.0,0.0,0.0
2015,1,2015-01-22,DL,ATL,"Atlanta, GA",IAH,"Houston, TX",-4.0,-15.0,0.0,0.0,689.0,,,,,
2015,1,2015-01-26,DL,BUF,"Buffalo, NY",ATL,"Atlanta, GA",-2.0,-8.0,0.0,0.0,712.0,,,,,
2015,1,2015-01-26,DL,ATL,"Atlanta, GA",IAH,"Houston, TX",-2.0,-26.0,0.0,0.0,689.0,,,,,
2015,1,2015-01-21,AA,DFW,"Dallas/Fort Worth, TX",ATL,"Atlanta, GA",1.0,-9.0,0.0,0.0,731.0,,,,,
2015,1,2015-01-06,EV,VPS,"Valparaiso, FL",ATL,"Atlanta, GA",-5.0,7.0,0.0,0.0,250.0,,,,,
2015,1,2015-01-09,DL,ATL,"Atlanta, GA",JAX,"Jacksonville, FL",0.0,-11.0,0.0,0.0,270.0,,,,,
2015,1,2015-01-18,EV,CHA,"Chattanooga, TN",ATL,"Atlanta, GA",-7.0,-7.0,0.0,0.0,106.0,,,,,
2015,1,2015-01-07,EV,ATL,"Atlanta, GA",TLH,"Tallahassee, FL",-5.0,-6.0,0.0,0.0,223.0,,,,,
2015,1,2015-01-20,WN,LAS,"Las Vegas, NV",ATL,"Atlanta, GA",-6.0,-22.0,0.0,0.0,1747.0,,,,,
2015,1,2015-01-23,DL,ATL,"Atlanta, GA",IAH,"Houston, TX",1.0,2.0,0.0,0.0,689.0,,,,,
2015,1,2015-01-28,DL,EWR,"Newark, NJ",ATL,"Atlanta, GA",-4.0,-45.0,0.0,0.0,746.0,,,,,
2015,1,2015-01-24,DL,MCI,"Kansas City, MO",ATL,"Atlanta, GA",-2.0,-15.0,0.0,0.0,692.0,,,,,
2015,1,2015-01-31,DL,RIC,"Richmond, VA",ATL,"Atlanta, GA",-5.0,-27.0,0.0,0.0,481.0,,,,,
2015,1,2015-01-30,DL,ATL,"Atlanta, GA",ICT,"Wichita, KS",-3.0,-3.0,0.0,0.0,782.0,,,,,
2015,1,2015-01-10,DL,MEM,"Memphis, TN",ATL,"Atlanta, GA",-6.0,-24.0,0.0,0.0,332.0,,,,,
2015,1,2015-01-18,DL,STL,"St. Louis, MO",ATL,"Atlanta, GA",-7.0,-29.0,0.0,0.0,484.0,,,,,
2015,1,2015-01-28,DL,TUL,"Tulsa, OK",ATL,"Atlanta, GA",-7.0,-13.0,0.0,0.0,674.0,,,,,
2015,1,2015-01-22,DL,ATL,"Atlanta, GA",JAX,"Jacksonville, FL",-3.0,-10.0,0.0,0.0,270.0,,,,,
2015,1,2015-01-13,DL,SJU,"San Juan, PR",ATL,"Atlanta, GA",-3.0,-19.0,0.0,0.0,1547.0,,,,,
2015,1,2015-01-09,DL,ATL,"Atlanta, GA",FLL,"Fort Lauderdale, FL",8.0,4.0,0.0,0.0,581.0,,,,,
2015,1,2015-01-06,DL,EWR,"Newark, NJ",ATL,"Atlanta, GA",84.0,78.0,0.0,0.0,746.0,13.0,0.0,0.0,0.0,65.0
2015,1,2015-01-23,DL,ATL,"Atlanta, GA",BOS,"Boston, MA",-3.0,-11.0,0.0,0.0,946.0,,,,,
2015,1,2015-01-16,DL,ATL,"Atlanta, GA",CLT,"Charlotte, NC",0.0,19.0,0.0,0.0,226.0,0.0,0.0,19.0,0.0,0.0
2015,1,2015-01-26,DL,PHX,"Phoenix, AZ",ATL,"Atlanta, GA",-6.0,7.0,0.0,0.0,1587.0,,,,,
2015,1,2015-01-25,DL,ATL,"Atlanta, GA",AVL,"Asheville, NC",-3.0,10.0,0.0,0.0,164.0,,,,,
2015,1,2015-01-10,EV,VLD,"Valdosta, GA",ATL,"Atlanta, GA",-4.0,-3.0,0.0,0.0,208.0,,,,,
2015,1,2015-01-10,EV,BHM,"Birmingham, AL",ATL,"Atlanta, GA",-9.0,-28.0,0.0,0.0,134.0,,,,,
2015,1,2015-01-09,DL,ATL,"Atlanta, GA",MIA,"Miami, FL",-2.0,-19.0,0.0,0.0,594.0,,,,,
2015,1,2015-01-31,DL,ATL,"Atlanta, GA",GNV,"Gainesville, FL",-2.0,-6.0,0.0,0.0,300.0,,,,,
2015,1,2015-01-10,WN,ATL,"Atlanta, GA",MSP,"Minneapolis, MN",-2.0,-5.0,0.0,0.0,907.0,,,,,
2015,1,2015-01-28,DL,MSP,"Minneapolis, MN",ATL,"Atlanta, GA",-2.0,-16.0,0.0,0.0,907.0,,,,,
2015,1,2015-01-13,EV,VLD,"Valdosta, GA",ATL,"Atlanta, GA",-4.0,3.0,0.0,0.0,208.0,,,,,
2015,1,2015-01-30,DL,CHS,"Charleston, SC",ATL,"Atlanta, GA",-7.0,-3.0,0.0,0.0,259.0,,,,,
2015,1,2015-01-03,DL,ATL,"Atlanta, GA",IAD,"Washington, DC",1.0,3.0,0.0,0.0,534.0,,,,,
2015,1,2015-01-14,DL,TPA,"Tampa, FL",ATL,"Atlanta, GA",-3.0,-8.0,0.0,0.0,406.0,,,,,
2015,1,2015-01-03,DL,MSY,"New Orleans, LA",ATL,"Atlanta, GA",-3.0,-7.0,0.0,0.0,425.0,,,,,
2015,1,2015-01-05,DL,ATL,"Atlanta, GA",ATW,"Appleton, WI",-1.0,-5.0,0.0,0.0,765.0,,,,,
2015,1,2015-01-26,DL,ECP,"Panama City, FL",ATL,"Atlanta, GA",-2.0,-2.0,0.0,0.0,240.0,,,,,
2015,1,2015-01-29,DL,MIA,"Miami, FL",ATL,"Atlanta, GA",6.0,5.0,0.0,0.0,594.0,,,,,
2015,1,2015-01-28,DL,ATL,"Atlanta, GA",EYW,"Key West, FL",-2.0,-18.0,0.0,0.0,646.0,,,,,
2015,1,2015-01-02,DL,EWR,"Newark, NJ",ATL,"Atlanta, GA",-5.0,-12.0,0.0,0.0,746.0,,,,,
2015,1,2015-01-07,DL,ATL,"Atlanta, GA",DCA,"Washington, DC",-3.0,-14.0,0.0,0.0,547.0,,,,,
2015,1,2015-01-26,DL,ATL,"Atlanta, GA",OKC,"Oklahoma City, OK",-1.0,-3.0,0.0,0.0,761.0,,,,,
2015,1,2015-01-14,US,PHL,"Philadelphia, PA",ATL,"Atlanta, GA",-6.0,-13.0,0.0,0.0,666.0,,,,,
2015,1,2015-01-22,DL,ATL,"Atlanta, GA",MIA,"Miami, FL",-2.0,-18.0,0.0,0.0,594.0,,,,,
2015,1,2015-01-09,WN,HOU,"Houston, TX",ATL,"Atlanta, GA",55.0,46.0,0.0,0.0,696.0,44.0,0.0,0.0,0.0,2.0
2015,1,2015-01-06,DL,STL,"St. Louis, MO",ATL,"Atlanta, GA",1.0,-11.0,0.0,0.0,484.0,,,,,
2015,1,2015-01-22,DL,ATL,"Atlanta, GA",MEM,"Memphis, TN",1.0,-11.0,0.0,0.0,332.0,,,,,
2015,1,2015-01-10,DL,TPA,"Tampa, FL",ATL,"Atlanta, GA",-5.0,-21.0,0.0,0.0,406.0,,,,,
2015,1,2015-01-28,EV,ATL,"Atlanta, GA",BMI,"Bloomington/Normal, IL",-7.0,-10.0,0.0,0.0,533.0,,,,,
2015,1,2015-01-23,DL,CLT,"Charlotte, NC",ATL,"Atlanta, GA",11.0,44.0,0.0,0.0,226.0,11.0,0.0,33.0,0.0,0.0
2015,1,2015-01-29,DL,MSP,"Minneapolis, MN",ATL,"Atlanta, GA",26.0,1.0,0.0,0.0,907.0,,,,,
2015,1,2015-01-16,WN,ATL,"Atlanta, GA",AUS,"Austin, TX",-3.0,-3.0,0.0,0.0,813.0,,,,,
2015,1,2015-01-12,EV,MLU,"Monroe, LA",ATL,"Atlanta, GA",34.0,56.0,0.0,0.0,448.0,14.0,0.0,22.0,0.0,20.0
2015,1,2015-01-26,DL,MEM,"Memphis, TN",ATL,"Atlanta, GA",-6.0,-5.0,0.0,0.0,332.0,,,,,
2015,1,2015-01-31,EV,VLD,"Valdosta, GA",ATL,"Atlanta, GA",-5.0,-2.0,0.0,0.0,208.0,,,,,
2015,1,2015-01-21,DL,GRR,"Grand Rapids, MI",ATL,"Atlanta, GA",-2.0,-10.0,0.0,0.0,640.0,,,,,
2015,1,2015-01-15,DL,ATL,"Atlanta, GA",EWR,"Newark, NJ",13.0,4.0,0.0,0.0,746.0,,,,,
2015,1,2015-01-19,DL,ECP,"Panama City, FL",ATL,"Atlanta, GA",0.0,-14.0,0.0,0.0,240.0,,,,,
2015,1,2015-01-04,DL,ATL,"Atlanta, GA",ROC,"Rochester, NY",-2.0,-20.0,0.0,0.0,749.0,,,,,
2015,1,2015-01-19,DL,BWI,"Baltimore, MD",ATL,"Atlanta, GA",-3.0,-18.0,0.0,0.0,577.0,,,,,
2015,1,2015-01-17,DL,FLL,"Fort Lauderdale, FL",ATL,"Atlanta, GA",-6.0,-13.0,0.0,0.0,581.0,,,,,
2015,1,2015-01-17,DL,TPA,"Tampa, FL",ATL,"Atlanta, GA",-5.0,-16.0,0.0,0.0,406.0,,,,,
2015,1,2015-01-24,EV,TRI,"Bristol/Johnson City/Kingsport, TN",ATL,"Atlanta, GA",-8.0,-30.0,0.0,0.0,227.0,,,,,
2015,1,2015-01-15,DL,BNA,"Nashville, TN",ATL,"Atlanta, GA",1.0,14.0,0.0,0.0,214.0,,,,,
2015,1,2015-01-18,DL,ATL,"Atlanta, GA",SFO,"San Francisco, CA",51.0,46.0,0.0,0.0,2139.0,0.0,0.0,46.0,0.0,0.0
2015,1,2015-01-22,US,PHX,"Phoenix, AZ",ATL,"Atlanta, GA",-3.0,-12.0,0.0,0.0,1587.0,,,,,
2015,1,2015-01-12,EV,AEX,"Alexandria, LA",ATL,"Atlanta, GA",152.0,149.0,0.0,0.0,500.0,0.0,0.0,0.0,0.0,149.0
2015,1,2015-01-03,DL,ATL,"Atlanta, GA",MSP,"Minneapolis, MN",18.0,-12.0,0.0,0.0,907.0,,,,,
2015,1,2015-01-23,WN,CAK,"Akron, OH",ATL,"Atlanta, GA",-9.0,-25.0,0.0,0.0,528.0,,,,,
2015,1,2015-01-23,WN,PIT,"Pittsburgh, PA",ATL,"Atlanta, GA",9.0,22.0,0.0,0.0,526.0,5.0,0.0,13.0,0.0,4.0
2015,1,2015-01-27,EV,AVP,"Scranton/Wilkes-Barre, PA",ATL,"Atlanta, GA",1.0,-7.0,0.0,0.0,714.0,,,,,
2015,1,2015-01-19,WN,BWI,"Baltimore, MD",ATL,"Atlanta, GA",0.0,-24.0,0.0,0.0,577.0,,,,,
2015,1,2015-01-10,DL,ATL,"Atlanta, GA",SAT,"San Antonio, TX",-2.0,-10.0,0.0,0.0,874.0,,,,,
2015,1,2015-01-19,DL,ATL,"Atlanta, GA",CLE,"Cleveland, OH",0.0,-4.0,0.0,0.0,554.0,,,,,
2015,1,2015-01-11,WN,ATL,"Atlanta, GA",MKE,"Milwaukee, WI",-2.0,-23.0,0.0,0.0,669.0,,,,,
2015,1,2015-01-06,EV,ATL,"Atlanta, GA",MOB,"Mobile, AL",59.0,49.0,0.0,0.0,302.0,0.0,0.0,0.0,0.0,49.0
2015,1,2015-01-20,DL,BOS,"Boston, MA",ATL,"Atlanta, GA",3.0,-33.0,0.0,0.0,946.0,,,,,
2015,1,2015-01-20,DL,RIC,"Richmond, VA",ATL,"Atlanta, GA",2.0,-14.0,0.0,0.0,481.0,,,,,
2015,1,2015-01-19,EV,ATL,"Atlanta, GA",ILM,"Wilmington, NC",20.0,11.0,0.0,0.0,377.0,,,,,
2015,1,2015-01-05,DL,ATL,"Atlanta, GA",CLT,"Charlotte, NC",-3.0,-12.0,0.0,0.0,226.0,,,,,
2015,1,2015-01-27,EV,ATL,"Atlanta, GA",FAY,"Fayetteville, NC",-5.0,-6.0,0.0,0.0,331.0,,,,,
2015,1,2015-01-16,DL,ATL,"Atlanta, GA",TPA,"Tampa, FL",24.0,28.0,0.0,0.0,406.0,6.0,0.0,22.0,0.0,0.0
2015,1,2015-01-01,WN,ATL,"Atlanta, GA",DCA,"Washington, DC",-3.0,-5.0,0.0,0.0,547.0,,,,,
2015,1,2015-01-23,AA,DFW,"Dallas/Fort Worth, TX",ATL,"Atlanta, GA",12.0,20.0,0.0,0.0,731.0,1.0,0.0,8.0,0.0,11.0
2015,1,2015-01-22,DL,ATL,"Atlanta, GA",BUF,"Buffalo, NY",0.0,-11.0,0.0,0.0,712.0,,,,,
2015,1,2015-01-12,DL,SAV,"Savannah, GA",ATL,"Atlanta, GA",0.0,9.0,0.0,0.0,214.0,,,,,
2015,1,2015-01-02,DL,ATL,"Atlanta, GA",TPA,"Tampa, FL",-2.0,-5.0,0.0,0.0,406.0,,,,,
2015,1,2015-01-23,DL,ATL,"Atlanta, GA",PVD,"Providence, RI",-4.0,-15.0,0.0,0.0,903.0,,,,,
2015,1,2015-01-31,DL,JAN,"Jackson/Vicksburg, MS",ATL,"Atlanta, GA",-1.0,-12.0,0.0,0.0,341.0,,,,,
2015,1,2015-01-01,DL,ATL,"Atlanta, GA",RSW,"Fort Myers, FL",-1.0,-14.0,0.0,0.0,515.0,,,,,
2015,1,2015-01-26,DL,SNA,"Santa Ana, CA",ATL,"Atlanta, GA",-6.0,5.0,0.0,0.0,1919.0,,,,,
2015,1,2015-01-25,DL,PBI,"West Palm Beach/Palm Beach, FL",ATL,"Atlanta, GA",-4.0,-21.0,0.0,0.0,545.0,,,,,
2015,1,2015-01-05,DL,ATL,"Atlanta, GA",LGA,"New York, NY",-1.0,-10.0,0.0,0.0,762.0,,,,,
2015,1,2015-01-20,WN,MCO,"Orlando, FL",ATL,"Atlanta, GA",-4.0,-1.0,0.0,0.0,404.0,,,,,
2015,1,2015-01-05,DL,ATL,"Atlanta, GA",JAX,"Jacksonville, FL",-1.0,-9.0,0.0,0.0,270.0,,,,,
2015,1,2015-01-06,DL,ATL,"Atlanta, GA",RSW,"Fort Myers, FL",16.0,-3.0,0.0,0.0,515.0,,,,,
2015,1,2015-01-31,WN,ATL,"Atlanta, GA",LAS,"Las Vegas, NV",-4.0,-33.0,0.0,0.0,1747.0,,,,,
2015,1,2015-01-26,DL,ATL,"Atlanta, GA",CHS,"Charleston, SC",-3.0,0.0,0.0,0.0,259.0,,,,,
2015,1,2015-01-04,WN,DCA,"Washington, DC",ATL,"Atlanta, GA",23.0,39.0,0.0,0.0,547.0,3.0,0.0,16.0,0.0,20.0
2015,1,2015-01-13,DL,ATL,"Atlanta, GA",LAX,"Los Angeles, CA",-1.0,10.0,0.0,0.0,1947.0,,,,,
2015,1,2015-01-17,DL,ATL,"Atlanta, GA",ECP,"Panama City, FL",-2.0,2.0,0.0,0.0,240.0,,,,,
2015,1,2015-01-16,WN,BWI,"Baltimore, MD",ATL,"Atlanta, GA",-8.0,-31.0,0.0,0.0,577.0,,,,,
2015,1,2015-01-26,DL,DEN,"Denver, CO",ATL,"Atlanta, GA",-7.0,-31.0,0.0,0.0,1199.0,,,,,
2015,1,2015-01-06,DL,SYR,"Syracuse, NY",ATL,"Atlanta, GA",-2.0,-28.0,0.0,0.0,794.0,,,,,
2015,1,2015-01-04,DL,JFK,"New York, NY",ATL,"Atlanta, GA",8.0,-2.0,0.0,0.0,760.0,,,,,
2015,1,2015-01-13,DL,ATL,"Atlanta, GA",BWI,"Baltimore, MD",5.0,12.0,0.0,0.0,577.0,,,,,
2015,1,2015-01-11,DL,PBI,"West Palm Beach/Palm Beach, FL",ATL,"Atlanta, GA",26.0,38.0,0.0,0.0,545.0,2.0,0.0,12.0,0.0,24.0
2015,1,2015-01-04,EV,VPS,"Valparaiso, FL",ATL,"Atlanta, GA",-4.0,3.0,0.0,0.0,250.0,,,,,
2015,1,2015-01-28,AA,MIA,"Miami, FL",ATL,"Atlanta, GA",78.0,65.0,0.0,0.0,594.0,65.0,0.0,0.0,0.0,0.0
2015,1,2015-01-27,EV,MGM,"Montgomery, AL",ATL,"Atlanta, GA",-9.0,4.0,0.0,0.0,147.0,,,,,
2015,1,2015-01-02,EV,DHN,"Dothan, AL",ATL,"Atlanta, GA",16.0,53.0,0.0,0.0,170.0,16.0,0.0,37.0,0.0,0.0
2015,1,2015-01-17,DL,ORD,"Chicago, IL",ATL,"Atlanta, GA",-4.0,-7.0,0.0,0.0,606.0,,,,,
2015,1,2015-01-16,EV,GNV,"Gainesville, FL",ATL,"Atlanta, GA",29.0,25.0,0.0,0.0,300.0,0.0,0.0,0.0,0.0,25.0
2015,1,2015-01-12,DL,DFW,"Dallas/Fort Worth, TX",ATL,"Atlanta, GA",-3.0,14.0,0.0,0.0,731.0,,,,,
2015,1,2015-01-22,DL,ATL,"Atlanta, GA",DAL,"Dallas, TX",-1.0,-24.0,0.0,0.0,721.0,,,,,
2015,1,2015-01-17,DL,ATL,"Atlanta, GA",ROC,"Rochester, NY",-3.0,-11.0,0.0,0.0,749.0,,,,,
2015,1,2015-01-08,DL,JAN,"Jackson/Vicksburg, MS",ATL,"Atlanta, GA",-3.0,-24.0,0.0,0.0,341.0,,,,,
2015,1,2015-01-28,EV,ATL,"Atlanta, GA",ILM,"Wilmington, NC",34.0,30.0,0.0,0.0,377.0,30.0,0.0,0.0,0.0,0.0
2015,1,2015-01-14,DL,BHM,"Birmingham, AL",ATL,"Atlanta, GA",-2.0,-1.0,0.0,0.0,134.0,,,,,
2015,1,2015-01-20,DL,ATL,"Atlanta, GA",PBI,"West Palm Beach/Palm Beach, FL",-4.0,-8.0,0.0,0.0,545.0,,,,,
2015,1,2015-01-16,DL,DFW,"Dallas/Fort Worth, TX",ATL,"Atlanta, GA",-1.0,-20.0,0.0,0.0,731.0,,,,,
2015,1,2015-01-11,DL,ATL,"Atlanta, GA",DFW,"Dallas/Fort Worth, TX",-2.0,-8.0,0.0,0.0,731.0,,,,,
2015,1,2015-01-28,DL,PHL,"Philadelphia, PA",ATL,"Atlanta, GA",-7.0,-38.0,0.0,0.0,666.0,,,,,
2015,1,2015-01-03,DL,SAT,"San Antonio, TX",ATL,"Atlanta, GA",11.0,4.0,0.0,0.0,874.0,,,,,
2015,1,2015-01-28,EV,PHF,"Newport News/Williamsburg, VA",ATL,"Atlanta, GA",-6.0,-28.0,0.0,0.0,508.0,,,,,
2015,1,2015-01-11,DL,ATL,"Atlanta, GA",BWI,"Baltimore, MD",0.0,-15.0,0.0,0.0,577.0,,,,,
2015,1,2015-01-21,DL,ATL,"Atlanta, GA",SNA,"Santa Ana, CA",7.0,1.0,0.0,0.0,1919.0,,,,,
2015,1,2015-01-12,DL,ATL,"Atlanta, GA",LAS,"Las Vegas, NV",27.0,2.0,0.0,0.0,1747.0,,,,,
2015,1,2015-01-21,DL,ATL,"Atlanta, GA",TPA,"Tampa, FL",-2.0,-11.0,0.0,0.0,406.0,,,,,
2015,1,2015-01-03,DL,ATL,"Atlanta, GA",MCO,"Orlando, FL",77.0,76.0,0.0,0.0,404.0,60.0,0.0,0.0,0.0,16.0
2015,1,2015-01-29,DL,JAN,"Jackson/Vicksburg, MS",ATL,"Atlanta, GA",-3.0,-9.0,0.0,0.0,341.0,,,,,
2015,1,2015-01-22,DL,ATL,"Atlanta, GA",PHX,"Phoenix, AZ",10.0,-13.0,0.0,0.0,1587.0,,,,,
2015,1,2015-01-28,DL,GSP,"Greer, SC",ATL,"Atlanta, GA",-2.0,-20.0,0.0,0.0,153.0,,,,,
2015,1,2015-01-11,DL,ATL,"Atlanta, GA",VPS,"Valparaiso, FL",-3.0,-15.0,0.0,0.0,250.0,,,,,
2015,1,2015-01-07,DL,ATL,"Atlanta, GA",ORF,"Norfolk, VA",33.0,35.0,0.0,0.0,516.0,33.0,0.0,2.0,0.0,0.0
2015,1,2015-01-21,DL,PIT,"Pittsburgh, PA",ATL,"Atlanta, GA",0.0,-18.0,0.0,0.0,526.0,,,,,
2015,1,2015-01-03,DL,DCA,"Washington, DC",ATL,"Atlanta, GA",-7.0,-13.0,0.0,0.0,547.0,,,,,
2015,1,2015-01-25,DL,DAB,"Daytona Beach, FL",ATL,"Atlanta, GA",-6.0,-4.0,0.0,0.0,366.0,,,,,
2015,1,2015-01-09,DL,CHA,"Chattanooga, TN",ATL,"Atlanta, GA",-8.0,-15.0,0.0,0.0,106.0,,,,,
2015,1,2015-01-14,WN,MSY,"New Orleans, LA",ATL,"Atlanta, GA",-3.0,-7.0,0.0,0.0,425.0,,,,,
2015,1,2015-01-08,EV,AGS,"Augusta, GA",ATL,"Atlanta, GA",-4.0,2.0,0.0,0.0,143.0,,,,,
2015,1,2015-01-16,DL,ATL,"Atlanta, GA",MSP,"Minneapolis, MN",-3.0,-9.0,0.0,0.0,907.0,,,,,
2015,1,2015-01-04,EV,CAE,"Columbia, SC",ATL,"Atlanta, GA",-9.0,-7.0,0.0,0.0,192.0,,,,,
2015,1,2015-01-19,EV,AEX,"Alexandria, LA",ATL,"Atlanta, GA",-4.0,-16.0,0.0,0.0,500.0,,,,,
2015,1,2015-01-18,DL,RIC,"Richmond, VA",ATL,"Atlanta, GA",-5.0,-28.0,0.0,0.0,481.0,,,,,
2015,1,2015-01-25,EV,ATL,"Atlanta, GA",BTR,"Baton Rouge, LA",18.0,12.0,0.0,0.0,448.0,,,,,
2015,1,2015-01-26,WN,ATL,"Atlanta, GA",RDU,"Raleigh/Durham, NC",9.0,0.0,0.0,0.0,356.0,,,,,
2015,1,2015-01-15,EV,EWN,"New Bern/Morehead/Beaufort, NC",ATL,"Atlanta, GA",-9.0,-20.0,0.0,0.0,433.0,,,,,
2015,1,2015-01-24,EV,ATL,"Atlanta, GA",FAY,"Fayetteville, NC",30.0,25.0,0.0,0.0,331.0,22.0,0.0,0.0,0.0,3.0
2015,1,2015-01-27,DL,SAV,"Savannah, GA",ATL,"Atlanta, GA",-1.0,1.0,0.0,0.0,214.0,,,,,
2015,1,2015-01-05,DL,SYR,"Syracuse, NY",ATL,"Atlanta, GA",-5.0,-22.0,0.0,0.0,794.0,,,,,
2015,1,2015-01-06,OO,ORD,"Chicago, IL",ATL,"Atlanta, GA",0.0,-2.0,0.0,0.0,606.0,,,,,
2015,1,2015-01-02,EV,AGS,"Augusta, GA",ATL,"Atlanta, GA",2.0,6.0,0.0,0.0,143.0,,,,,
2015,1,2015-01-16,EV,BTV,"Burlington, VT",ATL,"Atlanta, GA",-4.0,-30.0,0.0,0.0,961.0,,,,,
2015,1,2015-01-22,DL,ATL,"Atlanta, GA",TLH,"Tallahassee, FL",-1.0,-4.0,0.0,0.0,223.0,,,,,
2015,1,2015-01-18,DL,MSP,"Minneapolis, MN",ATL,"Atlanta, GA",-3.0,-11.0,0.0,0.0,907.0,,,,,
2015,1,2015-01-15,WN,PIT,"Pittsburgh, PA",ATL,"Atlanta, GA",10.0,3.0,0.0,0.0,526.0,,,,,
2015,1,2015-01-29,DL,ATL,"Atlanta, GA",SEA,"Seattle, WA",0.0,-4.0,0.0,0.0,2182.0,,,,,
2015,1,2015-01-30,DL,ATL,"Atlanta, GA",SAV,"Savannah, GA",-1.0,3.0,0.0,0.0,214.0,,,,,
2015,1,2015-01-16,DL,ATL,"Atlanta, GA",DFW,"Dallas/Fort Worth, TX",-2.0,-11.0,0.0,0.0,731.0,,,,,
2015,1,2015-01-17,DL,RSW,"Fort Myers, FL",ATL,"Atlanta, GA",-3.0,-12.0,0.0,0.0,515.0,,,,,
2015,1,2015-01-14,UA,ATL,"Atlanta, GA",EWR,"Newark, NJ",0.0,-16.0,0.0,0.0,746.0,,,,,
2015,1,2015-01-13,DL,SAV,"Savannah, GA",ATL,"Atlanta, GA",5.0,-3.0,0.0,0.0,214.0,,,,,
2015,1,2015-01-01,EV,PHF,"Newport News/Williamsburg, VA",ATL,"Atlanta, GA",-5.0,-16.0,0.0,0.0,508.0,,,,,
2015,1,2015-01-21,DL,LGA,"New York, NY",ATL,"Atlanta, GA",-6.0,2.0,0.0,0.0,762.0,,,,,
2015,1,2015-01-19,WN,BOS,"Boston, MA",ATL,"Atlanta, GA",-2.0,-24.0,0.0,0.0,946.0,,,,,
2015,1,2015-01-03,DL,ATL,"Atlanta, GA",MIA,"Miami, FL",4.0,5.0,0.0,0.0,594.0,,,,,
2015,1,2015-01-22,DL,MSP,"Minneapolis, MN",ATL,"Atlanta, GA",-2.0,-5.0,0.0,0.0,907.0,,,,,
2015,1,2015-01-26,DL,FLL,"Fort Lauderdale, FL",ATL,"Atlanta, GA",-1.0,-6.0,0.0,0.0,581.0,,,,,
2015,1,2015-01-13,DL,ATL,"Atlanta, GA",BWI,"Baltimore, MD",10.0,13.0,0.0,0.0,577.0,,,,,
2015,1,2015-01-08,DL,BDL,"Hartford, CT",ATL,"Atlanta, GA",-8.0,-12.0,0.0,0.0,859.0,,,,,
2015,1,2015-01-08,DL,RDU,"Raleigh/Durham, NC",ATL,"Atlanta, GA",8.0,0.0,0.0,0.0,356.0,,,,,
2015,1,2015-01-05,DL,ATL,"Atlanta, GA",CMH,"Columbus, OH",-5.0,-6.0,0.0,0.0,447.0,,,,,
2015,1,2015-01-26,DL,ATL,"Atlanta, GA",PVD,"Providence, RI",-1.0,-6.0,0.0,0.0,903.0,,,,,
2015,1,2015-01-30,EV,ATL,"Atlanta, GA",BTR,"Baton Rouge, LA",-4.0,-11.0,0.0,0.0,448.0,,,,,
2015,1,2015-01-27,DL,ATL,"Atlanta, GA",CLT,"Charlotte, NC",-3.0,1.0,0.0,0.0,226.0,,,,,
2015,1,2015-01-28,DL,ATL,"Atlanta, GA",RSW,"Fort Myers, FL",-1.0,-8.0,0.0,0.0,515.0,,,,,
2015,1,2015-01-27,DL,MDW,"Chicago, IL",ATL,"Atlanta, GA",-5.0,-19.0,0.0,0.0,591.0,,,,,
2015,1,2015-01-29,DL,ATL,"Atlanta, GA",SRQ,"Sarasota/Bradenton, FL",0.0,-8.0,0.0,0.0,444.0,,,,,
2015,1,2015-01-08,WN,ATL,"Atlanta, GA",AUS,"Austin, TX",9.0,-8.0,0.0,0.0,813.0,,,,,
2015,1,2015-01-12,AA,ATL,"Atlanta, GA",DFW,"Dallas/Fort Worth, TX",36.0,48.0,0.0,0.0,731.0,8.0,0.0,12.0,0.0,28.0
2015,1,2015-01-29,DL,ATL,"Atlanta, GA",RDU,"Raleigh/Durham, NC",-3.0,-5.0,0.0,0.0,356.0,,,,,
2015,1,2015-01-13,EV,ATL,"Atlanta, GA",BMI,"Bloomington/Normal, IL",-5.0,6.0,0.0,0.0,533.0,,,,,
2015,1,2015-01-11,DL,EYW,"Key West, FL",ATL,"Atlanta, GA",-1.0,-11.0,0.0,0.0,646.0,,,,,
2015,1,2015-01-01,DL,ATL,"Atlanta, GA",COS,"Colorado Springs, CO",-2.0,-13.0,0.0,0.0,1184.0,,,,,
2015,1,2015-01-18,DL,MSP,"Minneapolis, MN",ATL,"Atlanta, GA",-3.0,-31.0,0.0,0.0,907.0,,,,,
2015,1,2015-01-18,DL,ATL,"Atlanta, GA",VPS,"Valparaiso, FL",-1.0,-10.0,0.0,0.0,250.0,,,,,
2015,1,2015-01-07,DL,ATL,"Atlanta, GA",JAN,"Jackson/Vicksburg, MS",-3.0,-23.0,0.0,0.0,341.0,,,,,
2015,1,2015-01-29,EV,ATL,"Atlanta, GA",OAJ,"Jacksonville/Camp Lejeune, NC",-8.0,-14.0,0.0,0.0,399.0,,,,,
2015,1,2015-01-24,DL,ATL,"Atlanta, GA",ORD,"Chicago, IL",-5.0,-17.0,0.0,0.0,606.0,,,,,
2015,1,2015-01-11,WN,ATL,"Atlanta, GA",BDL,"Hartford, CT",2.0,-15.0,0.0,0.0,859.0,,,,,
2015,1,2015-01-02,EV,TYS,"Knoxville, TN",ATL,"Atlanta, GA",-4.0,-8.0,0.0,0.0,152.0,,,,,
2015,1,2015-01-22,WN,ATL,"Atlanta, GA",MCO,"Orlando, FL",-2.0,-8.0,0.0,0.0,404.0,,,,,
2015,1,2015-01-30,DL,RDU,"Raleigh/Durham, NC",ATL,"Atlanta, GA",-8.0,2.0,0.0,0.0,356.0,,,,,
2015,1,2015-01-21,DL,CHA,"Chattanooga, TN",ATL,"Atlanta, GA",-3.0,-12.0,0.0,0.0,106.0,,,,,
2015,1,2015-01-08,DL,TUL,"Tulsa, OK",ATL,"Atlanta, GA",-4.0,-16.0,0.0,0.0,674.0,,,,,
2015,1,2015-01-01,DL,TYS,"Knoxville, TN",ATL,"Atlanta, GA",-5.0,-19.0,0.0,0.0,152.0,,,,,
2015,1,2015-01-27,DL,ATL,"Atlanta, GA",BOS,"Boston, MA",,,1.0,0.0,946.0,,,,,
2015,1,2015-01-06,EV,ATL,"Atlanta, GA",HPN,"White Plains, NY",-3.0,-7.0,0.0,0.0,780.0,,,,,
2015,1,2015-01-07,DL,ATL,"Atlanta, GA",SRQ,"Sarasota/Bradenton, FL",-1.0,-8.0,0.0,0.0,444.0,,,,,
2015,1,2015-01-15,DL,ATL,"Atlanta, GA",BOS,"Boston, MA",-2.0,6.0,0.0,0.0,946.0,,,,,
2015,1,2015-01-26,DL,ATL,"Atlanta, GA",BHM,"Birmingham, AL",-1.0,-5.0,0.0,0.0,134.0,,,,,
2015,1,2015-01-18,DL,ATL,"Atlanta, GA",MCI,"Kansas City, MO",4.0,-9.0,0.0,0.0,692.0,,,,,
2015,1,2015-01-13,DL,TPA,"Tampa, FL",ATL,"Atlanta, GA",-3.0,-7.0,0.0,0.0,406.0,,,,,
2015,1,2015-01-05,DL,HSV,"Huntsville, AL",ATL,"Atlanta, GA",-7.0,-21.0,0.0,0.0,151.0,,,,,
2015,1,2015-01-07,WN,HOU,"Houston, TX",ATL,"Atlanta, GA",-4.0,3.0,0.0,0.0,696.0,,,,,
2015,1,2015-01-16,EV,ATL,"Atlanta, GA",BTR,"Baton Rouge, LA",-3.0,-7.0,0.0,0.0,448.0,,,,,
2015,1,2015-01-29,DL,MDW,"Chicago, IL",ATL,"Atlanta, GA",8.0,-9.0,0.0,0.0,591.0,,,,,
2015,1,2015-01-28,DL,BOS,"Boston, MA",ATL,"Atlanta, GA",,,1.0,0.0,946.0,,,,,
2015,1,2015-01-14,US,ATL,"Atlanta, GA",CLT,"Charlotte, NC",-7.0,-12.0,0.0,0.0,226.0,,,,,
2015,1,2015-01-01,DL,SJC,"San Jose, CA",ATL,"Atlanta, GA",-5.0,-3.0,0.0,0.0,2116.0,,,,,
2015,1,2015-01-30,US,PHL,"Philadelphia, PA",ATL,"Atlanta, GA",-3.0,-18.0,0.0,0.0,666.0,,,,,
2015,1,2015-01-29,EV,ATL,"Atlanta, GA",GNV,"Gainesville, FL",2.0,-5.0,0.0,0.0,300.0,,,,,
2015,1,2015-01-04,DL,FLL,"Fort Lauderdale, FL",ATL,"Atlanta, GA",0.0,-3.0,0.0,0.0,581.0,,,,,
2015,1,2015-01-10,EV,ATL,"Atlanta, GA",FSD,"Sioux Falls, SD",36.0,40.0,0.0,0.0,954.0,36.0,0.0,4.0,0.0,0.0
2015,1,2015-01-09,EV,SDF,"Louisville, KY",ATL,"Atlanta, GA",48.0,36.0,0.0,0.0,321.0,0.0,0.0,0.0,0.0,36.0
2015,1,2015-01-10,DL,ATL,"Atlanta, GA",DFW,"Dallas/Fort Worth, TX",-3.0,-16.0,0.0,0.0,731.0,,,,,
2015,1,2015-01-09,DL,MCO,"Orlando, FL",ATL,"Atlanta, GA",-1.0,-13.0,0.0,0.0,404.0,,,,,
2015,1,2015-01-27,DL,TPA,"Tampa, FL",ATL,"Atlanta, GA",-4.0,-2.0,0.0,0.0,406.0,,,,,
2015,1,2015-01-21,DL,SLC,"Salt Lake City, UT",ATL,"Atlanta, GA",0.0,-30.0,0.0,0.0,1590.0,,,,,
2015,1,2015-01-03,NK,FLL,"Fort Lauderdale, FL",ATL,"Atlanta, GA",19.0,26.0,0.0,0.0,581.0,0.0,0.0,26.0,0.0,0.0
2015,1,2015-01-11,DL,ATL,"Atlanta, GA",TUL,"Tulsa, OK",2.0,-19.0,0.0,0.0,674.0,,,,,
2015,1,2015-01-30,DL,ATL,"Atlanta, GA",RIC,"Richmond, VA",-4.0,-6.0,0.0,0.0,481.0,,,,,
2015,1,2015-01-05,DL,ATL,"Atlanta, GA",MCO,"Orlando, FL",4.0,11.0,0.0,0.0,404.0,,,,,
2015,1,2015-01-21,WN,RIC,"Richmond, VA",ATL,"Atlanta, GA",-6.0,-13.0,0.0,0.0,481.0,,,,,
2015,1,2015-01-05,DL,ATL,"Atlanta, GA",LAS,"Las Vegas, NV",-4.0,15.0,0.0,0.0,1747.0,0.0,0.0,15.0,0.0,0.0
2015,1,2015-01-29,EV,CHA,"Chattanooga, TN",ATL,"Atlanta, GA",-4.0,0.0,0.0,0.0,106.0,,,,,
2015,1,2015-01-06,EV,AVL,"Asheville, NC",ATL,"Atlanta, GA",-5.0,-11.0,0.0,0.0,164.0,,,,,
2015,1,2015-01-30,DL,STL,"St. Louis, MO",ATL,"Atlanta, GA",-1.0,-16.0,0.0,0.0,484.0,,,,,
2015,1,2015-01-04,DL,FNT,"Flint, MI",ATL,"Atlanta, GA",-3.0,5.0,0.0,0.0,645.0,,,,,
2015,1,2015-01-02,AA,DFW,"Dallas/Fort Worth, TX",ATL,"Atlanta, GA",-7.0,-11.0,0.0,0.0,731.0,,,,,
2015,1,2015-01-04,DL,ATL,"Atlanta, GA",DCA,"Washington, DC",0.0,,0.0,1.0,547.0,,,,,
2015,1,2015-01-20,DL,ATL,"Atlanta, GA",ORD,"Chicago, IL",-6.0,2.0,0.0,0.0,606.0,,,,,
2015,1,2015-01-09,DL,JAN,"Jackson/Vicksburg, MS",ATL,"Atlanta, GA",-2.0,-4.0,0.0,0.0,341.0,,,,,
2015,1,2015-01-23,DL,ATL,"Atlanta, GA",ORF,"Norfolk, VA",6.0,-10.0,0.0,0.0,516.0,,,,,
2015,1,2015-01-11,DL,MCI,"Kansas City, MO",ATL,"Atlanta, GA",-5.0,-8.0,0.0,0.0,692.0,,,,,
2015,1,2015-01-17,DL,ATL,"Atlanta, GA",SRQ,"Sarasota/Bradenton, FL",4.0,-6.0,0.0,0.0,444.0,,,,,
2015,1,2015-01-23,DL,ATL,"Atlanta, GA",MSP,"Minneapolis, MN",-2.0,-26.0,0.0,0.0,907.0,,,,,
2015,1,2015-01-29,DL,IND,"Indianapolis, IN",ATL,"Atlanta, GA",22.0,0.0,0.0,0.0,432.0,,,,,
2015,1,2015-01-21,DL,ATL,"Atlanta, GA",DCA,"Washington, DC",0.0,-7.0,0.0,0.0,547.0,,,,,
2015,1,2015-01-20,WN,ATL,"Atlanta, GA",TPA,"Tampa, FL",0.0,-7.0,0.0,0.0,406.0,,,,,
2015,1,2015-01-25,DL,STL,"St. Louis, MO",ATL,"Atlanta, GA",2.0,-11.0,0.0,0.0,484.0,,,,,
2015,1,2015-01-14,EV,MGM,"Montgomery, AL",ATL,"Atlanta, GA",-7.0,3.0,0.0,0.0,147.0,,,,,
2015,1,2015-01-20,DL,MLB,"Melbourne, FL",ATL,"Atlanta, GA",-4.0,-19.0,0.0,0.0,442.0,,,,,
2015,1,2015-01-03,DL,MSP,"Minneapolis, MN",ATL,"Atlanta, GA",2.0,15.0,0.0,0.0,907.0,0.0,0.0,15.0,0.0,0.0
2015,1,2015-01-25,EV,BTR,"Baton Rouge, LA",ATL,"Atlanta, GA",86.0,74.0,0.0,0.0,448.0,74.0,0.0,0.0,0.0,0.0
2015,1,2015-01-21,DL,TYS,"Knoxville, TN",ATL,"Atlanta, GA",-9.0,-9.0,0.0,0.0,152.0,,,,,
2015,1,2015-01-23,DL,ATL,"Atlanta, GA",CHA,"Chattanooga, TN",24.0,22.0,0.0,0.0,106.0,18.0,0.0,0.0,0.0,4.0
2015,1,2015-01-02,WN,ATL,"Atlanta, GA",MCO,"Orlando, FL",-3.0,-11.0,0.0,0.0,404.0,,,,,
2015,1,2015-01-03,EV,OAJ,"Jacksonville/Camp Lejeune, NC",ATL,"Atlanta, GA",-8.0,-7.0,0.0,0.0,399.0,,,,,
2015,1,2015-01-18,DL,CRW,"Charleston/Dunbar, WV",ATL,"Atlanta, GA",-1.0,-23.0,0.0,0.0,363.0,,,,,
2015,1,2015-01-17,DL,ATL,"Atlanta, GA",JAN,"Jackson/Vicksburg, MS",-6.0,-10.0,0.0,0.0,341.0,,,,,
2015,1,2015-01-29,DL,MIA,"Miami, FL",ATL,"Atlanta, GA",9.0,4.0,0.0,0.0,594.0,,,,,
2015,1,2015-01-12,US,ATL,"Atlanta, GA",PHX,"Phoenix, AZ",-6.0,-3.0,0.0,0.0,1587.0,,,,,
2015,1,2015-01-18,DL,BHM,"Birmingham, AL",ATL,"Atlanta, GA",-7.0,-18.0,0.0,0.0,134.0,,,,,
2015,1,2015-01-01,WN,MSY,"New Orleans, LA",ATL,"Atlanta, GA",-3.0,-16.0,0.0,0.0,425.0,,,,,
2015,1,2015-01-02,WN,ATL,"Atlanta, GA",HOU,"Houston, TX",27.0,17.0,0.0,0.0,696.0,0.0,0.0,0.0,0.0,17.0
2015,1,2015-01-14,DL,ATL,"Atlanta, GA",GSO,"Greensboro/High Point, NC",-3.0,-18.0,0.0,0.0,306.0,,,,,
2015,1,2015-01-10,WN,DEN,"Denver, CO",ATL,"Atlanta, GA",-2.0,-11.0,0.0,0.0,1199.0,,,,,
2015,1,2015-01-02,AS,SEA,"Seattle, WA",ATL,"Atlanta, GA",47.0,52.0,0.0,0.0,2182.0,0.0,0.0,5.0,0.0,47.0
2015,1,2015-01-30,WN,CAK,"Akron, OH",ATL,"Atlanta, GA",-5.0,-6.0,0.0,0.0,528.0,,,,,
2015,1,2015-01-21,WN,MSP,"Minneapolis, MN",ATL,"Atlanta, GA",1.0,-4.0,0.0,0.0,907.0,,,,,
2015,1,2015-01-03,DL,PDX,"Portland, OR",ATL,"Atlanta, GA",-4.0,29.0,0.0,0.0,2172.0,0.0,0.0,29.0,0.0,0.0
2015,1,2015-01-20,DL,ATL,"Atlanta, GA",STL,"St. Louis, MO",-1.0,-15.0,0.0,0.0,484.0,,,,,
2015,1,2015-01-14,NK,DTW,"Detroit, MI",ATL,"Atlanta, GA",-1.0,17.0,0.0,0.0,594.0,0.0,0.0,10.0,7.0,0.0
2015,1,2015-01-25,DL,ATL,"Atlanta, GA",DCA,"Washington, DC",-3.0,-15.0,0.0,0.0,547.0,,,,,
2015,1,2015-01-16,DL,ATL,"Atlanta, GA",MKE,"Milwaukee, WI",-2.0,10.0,0.0,0.0,669.0,,,,,
2015,1,2015-01-10,EV,ATL,"Atlanta, GA",AGS,"Augusta, GA",-4.0,-9.0,0.0,0.0,143.0,,,,,
2015,1,2015-01-31,DL,MSP,"Minneapolis, MN",ATL,"Atlanta, GA",-1.0,-12.0,0.0,0.0,907.0,,,,,
2015,1,2015-01-09,EV,ATL,"Atlanta, GA",IAD,"Washington, DC",-7.0,-7.0,0.0,0.0,534.0,,,,,
2015,1,2015-01-09,DL,ATL,"Atlanta, GA",GSP,"Greer, SC",35.0,21.0,0.0,0.0,153.0,21.0,0.0,0.0,0.0,0.0
2015,1,2015-01-08,DL,ATL,"Atlanta, GA",SGF,"Springfield, MO",-1.0,-5.0,0.0,0.0,563.0,,,,,
2015,1,2015-01-28,WN,ATL,"Atlanta, GA",HOU,"Houston, TX",-1.0,-23.0,0.0,0.0,696.0,,,,,
2015,1,2015-01-05,DL,ATL,"Atlanta, GA",OKC,"Oklahoma City, OK",14.0,-5.0,0.0,0.0,761.0,,,,,
2015,1,2015-01-03,WN,ATL,"Atlanta, GA",RIC,"Richmond, VA",0.0,-5.0,0.0,0.0,481.0,,,,,
2015,1,2015-01-30,EV,ATL,"Atlanta, GA",VLD,"Valdosta, GA",-2.0,-5.0,0.0,0.0,208.0,,,,,
2015,1,2015-01-15,US,CLT,"Charlotte, NC",ATL,"Atlanta, GA",-3.0,1.0,0.0,0.0,226.0,,,,,
2015,1,2015-01-10,DL,ATL,"Atlanta, GA",LIT,"Little Rock, AR",10.0,-9.0,0.0,0.0,453.0,,,,,
2015,1,2015-01-03,DL,ATL,"Atlanta, GA",SNA,"Santa Ana, CA",8.0,-9.0,0.0,0.0,1919.0,,,,,
2015,1,2015-01-05,EV,ATL,"Atlanta, GA",GSO,"Greensboro/High Point, NC",3.0,-2.0,0.0,0.0,306.0,,,,,
2015,1,2015-01-23,DL,GSO,"Greensboro/High Point, NC",ATL,"Atlanta, GA",-5.0,-7.0,0.0,0.0,306.0,,,,,
2015,1,2015-01-30,EV,GNV,"Gainesville, FL",ATL,"Atlanta, GA",-3.0,-12.0,0.0,0.0,300.0,,,,,
2015,1,2015-01-13,DL,RSW,"Fort Myers, FL",ATL,"Atlanta, GA",-3.0,-8.0,0.0,0.0,515.0,,,,,
2015,1,2015-01-25,DL,ATL,"Atlanta, GA",STL,"St. Louis, MO",-2.0,-1.0,0.0,0.0,484.0,,,,,
2015,1,2015-01-26,DL,EWR,"Newark, NJ",ATL,"Atlanta, GA",,,1.0,0.0,746.0,,,,,
2015,1,2015-01-05,EV,GNV,"Gainesville, FL",ATL,"Atlanta, GA",-4.0,-11.0,0.0,0.0,300.0,,,,,
2015,1,2015-01-11,DL,SMF,"Sacramento, CA",ATL,"Atlanta, GA",0.0,8.0,0.0,0.0,2092.0,,,,,
2015,1,2015-01-07,DL,PNS,"Pensacola, FL",ATL,"Atlanta, GA",-5.0,-14.0,0.0,0.0,271.0,,,,,
2015,1,2015-01-13,EV,GSO,"Greensboro/High Point, NC",ATL,"Atlanta, GA",-8.0,38.0,0.0,0.0,306.0,0.0,0.0,38.0,0.0,0.0
2015,1,2015-01-23,DL,ATL,"Atlanta, GA",TPA,"Tampa, FL",40.0,46.0,0.0,0.0,406.0,40.0,0.0,6.0,0.0,0.0
2015,1,2015-01-04,DL,DEN,"Denver, CO",ATL,"Atlanta, GA",31.0,28.0,0.0,0.0,1199.0,0.0,28.0,0.0,0.0,0.0
2015,1,2015-01-27,WN,ATL,"Atlanta, GA",CMH,"Columbus, OH",0.0,3.0,0.0,0.0,447.0,,,,,
2015,1,2015-01-23,DL,IND,"Indianapolis, IN",ATL,"Atlanta, GA",-7.0,-10.0,0.0,0.0,432.0,,,,,
2015,1,2015-01-28,DL,PHL,"Philadelphia, PA",ATL,"Atlanta, GA",4.0,-28.0,0.0,0.0,666.0,,,,,
2015,1,2015-01-01,DL,IAD,"Washington, DC",ATL,"Atlanta, GA",-3.0,-20.0,0.0,0.0,534.0,,,,,
2015,1,2015-01-20,DL,ATL,"Atlanta, GA",BWI,"Baltimore, MD",-3.0,-10.0,0.0,0.0,577.0,,,,,
2015,1,2015-01-14,NK,FLL,"Fort Lauderdale, FL",ATL,"Atlanta, GA",16.0,14.0,0.0,0.0,581.0,,,,,
2015,1,2015-01-24,WN,PBI,"West Palm Beach/Palm Beach, FL",ATL,"Atlanta, GA",-9.0,-17.0,0.0,0.0,545.0,,,,,
2015,1,2015-01-30,DL,ATL,"Atlanta, GA",TLH,"Tallahassee, FL",-4.0,-10.0,0.0,0.0,223.0,,,,,
2015,1,2015-01-04,WN,ATL,"Atlanta, GA",DEN,"Denver, CO",49.0,54.0,0.0,0.0,1199.0,10.0,0.0,5.0,0.0,39.0
2015,1,2015-01-02,WN,ATL,"Atlanta, GA",HOU,"Houston, TX",15.0,36.0,0.0,0.0,696.0,0.0,0.0,21.0,0.0,15.0
2015,1,2015-01-13,DL,ATL,"Atlanta, GA",EWR,"Newark, NJ",-1.0,-22.0,0.0,0.0,746.0,,,,,
2015,1,2015-01-20,WN,DTW,"Detroit, MI",ATL,"Atlanta, GA",-6.0,-7.0,0.0,0.0,594.0,,,,,
2015,1,2015-01-26,DL,ATL,"Atlanta, GA",SAV,"Savannah, GA",11.0,12.0,0.0,0.0,214.0,,,,,
2015,1,2015-01-21,DL,DFW,"Dallas/Fort Worth, TX",ATL,"Atlanta, GA",-1.0,-15.0,0.0,0.0,731.0,,,,,
2015,1,2015-01-25,DL,ATL,"Atlanta, GA",GRR,"Grand Rapids, MI",-4.0,-13.0,0.0,0.0,640.0,,,,,
2015,1,2015-01-15,EV,PHF,"Newport News/Williamsburg, VA",ATL,"Atlanta, GA",-4.0,23.0,0.0,0.0,508.0,0.0,0.0,23.0,0.0,0.0
2015,1,2015-01-19,DL,PHX,"Phoenix, AZ",ATL,"Atlanta, GA",-1.0,-12.0,0.0,0.0,1587.0,,,,,
2015,1,2015-01-23,DL,RIC,"Richmond, VA",ATL,"Atlanta, GA",86.0,80.0,0.0,0.0,481.0,80.0,0.0,0.0,0.0,0.0
2015,1,2015-01-13,EV,MOB,"Mobile, AL",ATL,"Atlanta, GA",58.0,63.0,0.0,0.0,302.0,7.0,0.0,5.0,0.0,51.0
2015,1,2015-01-19,EV,ATL,"Atlanta, GA",DHN,"Dothan, AL",-6.0,-1.0,0.0,0.0,170.0,,,,,
2015,1,2015-01-16,DL,ATL,"Atlanta, GA",MKE,"Milwaukee, WI",-2.0,-11.0,0.0,0.0,669.0,,,,,
2015,1,2015-01-30,DL,TPA,"Tampa, FL",ATL,"Atlanta, GA",-3.0,-8.0,0.0,0.0,406.0,,,,,
2015,1,2015-01-30,DL,ATL,"Atlanta, GA",PHX,"Phoenix, AZ",78.0,73.0,0.0,0.0,1587.0,0.0,0.0,73.0,0.0,0.0
2015,1,2015-01-05,DL,CRW,"Charleston/Dunbar, WV",ATL,"Atlanta, GA",14.0,-16.0,0.0,0.0,363.0,,,,,
2015,1,2015-01-27,WN,ATL,"Atlanta, GA",SAN,"San Diego, CA",-2.0,-37.0,0.0,0.0,1892.0,,,,,
2015,1,2015-01-20,EV,ATL,"Atlanta, GA",AGS,"Augusta, GA",-7.0,-12.0,0.0,0.0,143.0,,,,,
2015,1,2015-01-27,DL,CLT,"Charlotte, NC",ATL,"Atlanta, GA",-6.0,-21.0,0.0,0.0,226.0,,,,,
2015,1,2015-01-08,DL,ATL,"Atlanta, GA",MLB,"Melbourne, FL",-2.0,-13.0,0.0,0.0,442.0,,,,,
2015,1,2015-01-09,US,PHL,"Philadelphia, PA",ATL,"Atlanta, GA",-7.0,3.0,0.0,0.0,666.0,,,,,
2015,1,2015-01-29,DL,CLE,"Cleveland, OH",ATL,"Atlanta, GA",3.0,-7.0,0.0,0.0,554.0,,,,,
2015,1,2015-01-16,WN,OKC,"Oklahoma City, OK",ATL,"Atlanta, GA",-4.0,-15.0,0.0,0.0,761.0,,,,,
2015,1,2015-01-15,EV,ATL,"Atlanta, GA",ABE,"Allentown/Bethlehem/Easton, PA",23.0,36.0,0.0,0.0,692.0,23.0,0.0,13.0,0.0,0.0
2015,1,2015-01-04,DL,VPS,"Valparaiso, FL",ATL,"Atlanta, GA",-1.0,1.0,0.0,0.0,250.0,,,,,
2015,1,2015-01-03,EV,TUL,"Tulsa, OK",ATL,"Atlanta, GA",63.0,97.0,0.0,0.0,674.0,19.0,0.0,34.0,0.0,44.0
2015,1,2015-01-23,DL,SHV,"Shreveport, LA",ATL,"Atlanta, GA",5.0,9.0,0.0,0.0,551.0,,,,,
2015,1,2015-01-11,DL,ATL,"Atlanta, GA",BHM,"Birmingham, AL",5.0,-2.0,0.0,0.0,134.0,,,,,
2015,1,2015-01-12,EV,ATL,"Atlanta, GA",ECP,"Panama City, FL",18.0,20.0,0.0,0.0,240.0,0.0,0.0,2.0,0.0,18.0
2015,1,2015-01-11,DL,VPS,"Valparaiso, FL",ATL,"Atlanta, GA",-7.0,-11.0,0.0,0.0,250.0,,,,,
2015,1,2015-01-31,DL,ATL,"Atlanta, GA",SYR,"Syracuse, NY",-3.0,-1.0,0.0,0.0,794.0,,,,,
2015,1,2015-01-18,DL,ATL,"Atlanta, GA",PIT,"Pittsburgh, PA",-5.0,-4.0,0.0,0.0,526.0,,,,,
2015,1,2015-01-15,DL,ORF,"Norfolk, VA",ATL,"Atlanta, GA",-2.0,-7.0,0.0,0.0,516.0,,,,,
2015,1,2015-01-19,DL,EYW,"Key West, FL",ATL,"Atlanta, GA",-8.0,-17.0,0.0,0.0,646.0,,,,,
2015,1,2015-01-11,DL,SDF,"Louisville, KY",ATL,"Atlanta, GA",-12.0,-6.0,0.0,0.0,321.0,,,,,
2015,1,2015-01-29,DL,ATL,"Atlanta, GA",STL,"St. Louis, MO",1.0,-6.0,0.0,0.0,484.0,,,,,
2015,1,2015-01-29,DL,ATL,"Atlanta, GA",CVG,"Cincinnati, OH",-7.0,-7.0,0.0,0.0,373.0,,,,,
2015,1,2015-01-21,DL,STT,"Charlotte Amalie, VI",ATL,"Atlanta, GA",31.0,17.0,0.0,0.0,1599.0,17.0,0.0,0.0,0.0,0.0
2015,1,2015-01-14,DL,BUF,"Buffalo, NY",ATL,"Atlanta, GA",-1.0,-24.0,0.0,0.0,712.0,,,,,
2015,1,2015-01-13,EV,ATL,"Atlanta, GA",TYS,"Knoxville, TN",-3.0,14.0,0.0,0.0,152.0,,,,,
2015,1,2015-01-01,DL,EYW,"Key West, FL",ATL,"Atlanta, GA",-9.0,6.0,0.0,0.0,646.0,,,,,
2015,1,2015-01-18,DL,ATL,"Atlanta, GA",PBI,"West Palm Beach/Palm Beach, FL",-2.0,-14.0,0.0,0.0,545.0,,,,,
2015,1,2015-01-05,AA,DFW,"Dallas/Fort Worth, TX",ATL,"Atlanta, GA",165.0,174.0,0.0,0.0,731.0,165.0,0.0,9.0,0.0,0.0
2015,1,2015-01-15,DL,SJU,"San Juan, PR",ATL,"Atlanta, GA",-7.0,6.0,0.0,0.0,1547.0,,,,,
2015,1,2015-01-27,DL,CVG,"Cincinnati, OH",ATL,"Atlanta, GA",-3.0,-22.0,0.0,0.0,373.0,,,,,
2015,1,2015-01-14,DL,ATL,"Atlanta, GA",BOS,"Boston, MA",-1.0,-5.0,0.0,0.0,946.0,,,,,
2015,1,2015-01-03,EV,ATL,"Atlanta, GA",EVV,"Evansville, IN",4.0,-1.0,0.0,0.0,350.0,,,,,
2015,1,2015-01-29,DL,DAB,"Daytona Beach, FL",ATL,"Atlanta, GA",-6.0,-14.0,0.0,0.0,366.0,,,,,
2015,1,2015-01-11,DL,BWI,"Baltimore, MD",ATL,"Atlanta, GA",-10.0,-9.0,0.0,0.0,577.0,,,,,
2015,1,2015-01-23,DL,XNA,"Fayetteville, AR",ATL,"Atlanta, GA",-5.0,-7.0,0.0,0.0,589.0,,,,,
2015,1,2015-01-02,DL,DCA,"Washington, DC",ATL,"Atlanta, GA",-1.0,4.0,0.0,0.0,547.0,,,,,
2015,1,2015-01-31,WN,ATL,"Atlanta, GA",DTW,"Detroit, MI",-4.0,-10.0,0.0,0.0,594.0,,,,,
2015,1,2015-01-08,DL,TPA,"Tampa, FL",ATL,"Atlanta, GA",-5.0,-17.0,0.0,0.0,406.0,,,,,
2015,1,2015-01-07,DL,PBI,"West Palm Beach/Palm Beach, FL",ATL,"Atlanta, GA",7.0,-1.0,0.0,0.0,545.0,,,,,
2015,1,2015-01-09,DL,ATL,"Atlanta, GA",IAH,"Houston, TX",-2.0,-9.0,0.0,0.0,689.0,,,,,
2015,1,2015-01-04,EV,FSM,"Fort Smith, AR",ATL,"Atlanta, GA",-11.0,-1.0,0.0,0.0,579.0,,,,,
2015,1,2015-01-08,DL,IAH,"Houston, TX",ATL,"Atlanta, GA",3.0,-2.0,0.0,0.0,689.0,,,,,
2015,1,2015-01-07,DL,SAV,"Savannah, GA",ATL,"Atlanta, GA",18.0,7.0,0.0,0.0,214.0,,,,,
2015,1,2015-01-13,EV,ATL,"Atlanta, GA",IAD,"Washington, DC",10.0,17.0,0.0,0.0,534.0,0.0,0.0,17.0,0.0,0.0
2015,1,2015-01-24,DL,ATL,"Atlanta, GA",STX,"Christiansted, VI",-3.0,-15.0,0.0,0.0,1638.0,,,,,
2015,1,2015-01-30,EV,IAD,"Washington, DC",ATL,"Atlanta, GA",-3.0,-18.0,0.0,0.0,534.0,,,,,
2015,1,2015-01-03,DL,LGA,"New York, NY",ATL,"Atlanta, GA",30.0,15.0,0.0,0.0,762.0,15.0,0.0,0.0,0.0,0.0
2015,1,2015-01-03,DL,ATL,"Atlanta, GA",SEA,"Seattle, WA",-1.0,4.0,0.0,0.0,2182.0,,,,,
2015,1,2015-01-26,DL,CLT,"Charlotte, NC",ATL,"Atlanta, GA",0.0,-5.0,0.0,0.0,226.0,,,,,
2015,1,2015-01-01,DL,ATL,"Atlanta, GA",CMH,"Columbus, OH",-3.0,-12.0,0.0,0.0,447.0,,,,,
2015,1,2015-01-07,WN,ATL,"Atlanta, GA",HOU,"Houston, TX",-3.0,-14.0,0.0,0.0,696.0,,,,,
2015,1,2015-01-13,WN,RSW,"Fort Myers, FL",ATL,"Atlanta, GA",-4.0,,0.0,1.0,515.0,,,,,
2015,1,2015-01-01,DL,ATL,"Atlanta, GA",LGA,"New York, NY",0.0,-8.0,0.0,0.0,762.0,,,,,
2015,1,2015-01-15,DL,ATL,"Atlanta, GA",TPA,"Tampa, FL",-2.0,-11.0,0.0,0.0,406.0,,,,,
2015,1,2015-01-16,WN,ATL,"Atlanta, GA",PBI,"West Palm Beach/Palm Beach, FL",1.0,-7.0,0.0,0.0,545.0,,,,,
2015,1,2015-01-15,DL,CMH,"Columbus, OH",ATL,"Atlanta, GA",-3.0,-4.0,0.0,0.0,447.0,,,,,
2015,1,2015-01-17,WN,JAX,"Jacksonville, FL",ATL,"Atlanta, GA",-5.0,1.0,0.0,0.0,270.0,,,,,
2015,1,2015-01-30,WN,ATL,"Atlanta, GA",MCO,"Orlando, FL",-1.0,-4.0,0.0,0.0,404.0,,,,,
2015,1,2015-01-19,DL,ATL,"Atlanta, GA",CLT,"Charlotte, NC",6.0,7.0,0.0,0.0,226.0,,,,,
2015,1,2015-01-18,DL,MYR,"Myrtle Beach, SC",ATL,"Atlanta, GA",-1.0,-14.0,0.0,0.0,317.0,,,,,
2015,1,2015-01-30,OO,SBN,"South Bend, IN",ATL,"Atlanta, GA",-6.0,1.0,0.0,0.0,566.0,,,,,
2015,1,2015-01-14,DL,CMH,"Columbus, OH",ATL,"Atlanta, GA",2.0,-22.0,0.0,0.0,447.0,,,,,
2015,1,2015-01-29,DL,ATL,"Atlanta, GA",SRQ,"Sarasota/Bradenton, FL",-3.0,0.0,0.0,0.0,444.0,,,,,
2015,1,2015-01-19,EV,DHN,"Dothan, AL",ATL,"Atlanta, GA",-5.0,-12.0,0.0,0.0,170.0,,,,,
2015,1,2015-01-09,DL,BHM,"Birmingham, AL",ATL,"Atlanta, GA",3.0,-4.0,0.0,0.0,134.0,,,,,
2015,1,2015-01-14,DL,ATL,"Atlanta, GA",DSM,"Des Moines, IA",-4.0,3.0,0.0,0.0,743.0,,,,,
2015,1,2015-01-07,DL,PHX,"Phoenix, AZ",ATL,"Atlanta, GA",1.0,-2.0,0.0,0.0,1587.0,,,,,
2015,1,2015-01-02,EV,FAY,"Fayetteville, NC",ATL,"Atlanta, GA",-2.0,5.0,0.0,0.0,331.0,,,,,
2015,1,2015-01-02,DL,DTW,"Detroit, MI",ATL,"Atlanta, GA",-2.0,-15.0,0.0,0.0,594.0,,,,,
2015,1,2015-01-06,WN,SAT,"San Antonio, TX",ATL,"Atlanta, GA",-5.0,-8.0,0.0,0.0,874.0,,,,,
2015,1,2015-01-03,DL,MCI,"Kansas City, MO",ATL,"Atlanta, GA",,,1.0,0.0,692.0,,,,,
2015,1,2015-01-27,DL,MSY,"New Orleans, LA",ATL,"Atlanta, GA",13.0,4.0,0.0,0.0,425.0,,,,,
2015,1,2015-01-23,DL,SAN,"San Diego, CA",ATL,"Atlanta, GA",-5.0,-8.0,0.0,0.0,1892.0,,,,,
2015,1,2015-01-19,DL,IAH,"Houston, TX",ATL,"Atlanta, GA",-7.0,0.0,0.0,0.0,689.0,,,,,
2015,1,2015-01-25,WN,TPA,"Tampa, FL",ATL,"Atlanta, GA",-3.0,-14.0,0.0,0.0,406.0,,,,,
2015,1,2015-01-11,DL,MCI,"Kansas City, MO",ATL,"Atlanta, GA",-8.0,-4.0,0.0,0.0,692.0,,,,,
2015,1,2015-01-05,WN,ATL,"Atlanta, GA",HOU,"Houston, TX",136.0,143.0,0.0,0.0,696.0,117.0,0.0,7.0,0.0,19.0
2015,1,2015-01-08,DL,ATL,"Atlanta, GA",HSV,"Huntsville, AL",3.0,-2.0,0.0,0.0,151.0,,,,,
2015,1,2015-01-20,EV,ATL,"Atlanta, GA",SHV,"Shreveport, LA",-3.0,-18.0,0.0,0.0,551.0,,,,,
2015,1,2015-01-09,DL,SAV,"Savannah, GA",ATL,"Atlanta, GA",-3.0,-8.0,0.0,0.0,214.0,,,,,
2015,1,2015-01-17,DL,ATL,"Atlanta, GA",PHL,"Philadelphia, PA",0.0,8.0,0.0,0.0,666.0,,,,,
2015,1,2015-01-05,WN,RSW,"Fort Myers, FL",ATL,"Atlanta, GA",21.0,18.0,0.0,0.0,515.0,10.0,0.0,0.0,0.0,8.0
2015,1,2015-01-05,EV,PHF,"Newport News/Williamsburg, VA",ATL,"Atlanta, GA",-4.0,14.0,0.0,0.0,508.0,,,,,
2015,1,2015-01-18,DL,ATL,"Atlanta, GA",DCA,"Washington, DC",-3.0,-15.0,0.0,0.0,547.0,,,,,
2015,1,2015-01-19,EV,ATL,"Atlanta, GA",TRI,"Bristol/Johnson City/Kingsport, TN",-5.0,-14.0,0.0,0.0,227.0,,,,,
2015,1,2015-01-10,DL,GSO,"Greensboro/High Point, NC",ATL,"Atlanta, GA",-9.0,-19.0,0.0,0.0,306.0,,,,,
2015,1,2015-01-12,DL,ATL,"Atlanta, GA",ORF,"Norfolk, VA",120.0,108.0,0.0,0.0,516.0,0.0,22.0,0.0,0.0,86.0
2015,1,2015-01-20,WN,ATL,"Atlanta, GA",PBI,"West Palm Beach/Palm Beach, FL",-6.0,-24.0,0.0,0.0,545.0,,,,,
2015,1,2015-01-15,DL,MCI,"Kansas City, MO",ATL,"Atlanta, GA",-2.0,-7.0,0.0,0.0,692.0,,,,,
2015,1,2015-01-16,EV,ATL,"Atlanta, GA",ABY,"Albany, GA",10.0,12.0,0.0,0.0,145.0,,,,,
2015,1,2015-01-15,EV,AEX,"Alexandria, LA",ATL,"Atlanta, GA",1.0,-6.0,0.0,0.0,500.0,,,,,
2015,1,2015-01-30,DL,JAX,"Jacksonville, FL",ATL,"Atlanta, GA",0.0,3.0,0.0,0.0,270.0,,,,,
2015,1,2015-01-25,DL,ATL,"Atlanta, GA",EGE,"Eagle, CO",-1.0,-18.0,0.0,0.0,1312.0,,,,,
2015,1,2015-01-06,UA,ATL,"Atlanta, GA",EWR,"Newark, NJ",-3.0,-14.0,0.0,0.0,746.0,,,,,
2015,1,2015-01-04,DL,ATL,"Atlanta, GA",JAX,"Jacksonville, FL",33.0,26.0,0.0,0.0,270.0,0.0,14.0,0.0,0.0,12.0
2015,1,2015-01-08,DL,BTR,"Baton Rouge, LA",ATL,"Atlanta, GA",-6.0,-18.0,0.0,0.0,448.0,,,,,
2015,1,2015-01-02,EV,SDF,"Louisville, KY",ATL,"Atlanta, GA",-7.0,11.0,0.0,0.0,321.0,,,,,
2015,1,2015-01-23,WN,MDW,"Chicago, IL",ATL,"Atlanta, GA",5.0,11.0,0.0,0.0,591.0,,,,,
2015,1,2015-01-04,DL,IND,"Indianapolis, IN",ATL,"Atlanta, GA",-4.0,-9.0,0.0,0.0,432.0,,,,,
2015,1,2015-01-13,DL,FLL,"Fort Lauderdale, FL",ATL,"Atlanta, GA",13.0,10.0,0.0,0.0,581.0,,,,,
2015,1,2015-01-21,DL,DFW,"Dallas/Fort Worth, TX",ATL,"Atlanta, GA",-5.0,-24.0,0.0,0.0,731.0,,,,,
2015,1,2015-01-06,DL,ATL,"Atlanta, GA",SRQ,"Sarasota/Bradenton, FL",1.0,-13.0,0.0,0.0,444.0,,,,,
2015,1,2015-01-11,WN,ATL,"Atlanta, GA",MDW,"Chicago, IL",2.0,-5.0,0.0,0.0,591.0,,,,,
2015,1,2015-01-05,EV,EWN,"New Bern/Morehead/Beaufort, NC",ATL,"Atlanta, GA",-1.0,-1.0,0.0,0.0,433.0,,,,,
2015,1,2015-01-09,DL,ATL,"Atlanta, GA",PBI,"West Palm Beach/Palm Beach, FL",5.0,-5.0,0.0,0.0,545.0,,,,,
2015,1,2015-01-08,EV,ATL,"Atlanta, GA",XNA,"Fayetteville, AR",34.0,27.0,0.0,0.0,589.0,27.0,0.0,0.0,0.0,0.0
2015,1,2015-01-12,DL,ATL,"Atlanta, GA",RIC,"Richmond, VA",-3.0,-15.0,0.0,0.0,481.0,,,,,
2015,1,2015-01-19,EV,SDF,"Louisville, KY",ATL,"Atlanta, GA",-10.0,-17.0,0.0,0.0,321.0,,,,,
2015,1,2015-01-15,DL,ATL,"Atlanta, GA",ECP,"Panama City, FL",15.0,21.0,0.0,0.0,240.0,15.0,0.0,6.0,0.0,0.0
2015,1,2015-01-30,DL,ATL,"Atlanta, GA",TRI,"Bristol/Johnson City/Kingsport, TN",-1.0,-5.0,0.0,0.0,227.0,,,,,
2015,1,2015-01-29,DL,PIT,"Pittsburgh, PA",ATL,"Atlanta, GA",-2.0,2.0,0.0,0.0,526.0,,,,,
2015,1,2015-01-27,EV,ATL,"Atlanta, GA",AGS,"Augusta, GA",-4.0,-10.0,0.0,0.0,143.0,,,,,
2015,1,2015-01-16,DL,DCA,"Washington, DC",ATL,"Atlanta, GA",5.0,-25.0,0.0,0.0,547.0,,,,,
2015,1,2015-01-03,DL,MCO,"Orlando, FL",ATL,"Atlanta, GA",-1.0,-8.0,0.0,0.0,404.0,,,,,
2015,1,2015-01-25,DL,PHX,"Phoenix, AZ",ATL,"Atlanta, GA",-1.0,-15.0,0.0,0.0,1587.0,,,,,
2015,1,2015-01-26,DL,TPA,"Tampa, FL",ATL,"Atlanta, GA",-3.0,0.0,0.0,0.0,406.0,,,,,
2015,1,2015-01-22,DL,LAS,"Las Vegas, NV",ATL,"Atlanta, GA",-6.0,-18.0,0.0,0.0,1747.0,,,,,
2015,1,2015-01-20,EV,MLU,"Monroe, LA",ATL,"Atlanta, GA",-11.0,-25.0,0.0,0.0,448.0,,,,,
2015,1,2015-01-12,DL,PHL,"Philadelphia, PA",ATL,"Atlanta, GA",124.0,102.0,0.0,0.0,666.0,0.0,21.0,0.0,0.0,81.0
2015,1,2015-01-09,EV,MLU,"Monroe, LA",ATL,"Atlanta, GA",-10.0,-18.0,0.0,0.0,448.0,,,,,
2015,1,2015-01-19,DL,MSY,"New Orleans, LA",ATL,"Atlanta, GA",-5.0,3.0,0.0,0.0,425.0,,,,,
2015,1,2015-01-04,EV,ATL,"Atlanta, GA",SGF,"Springfield, MO",-5.0,8.0,0.0,0.0,563.0,,,,,
2015,1,2015-01-08,EV,ATL,"Atlanta, GA",GNV,"Gainesville, FL",1.0,3.0,0.0,0.0,300.0,,,,,
2015,1,2015-01-29,DL,ATL,"Atlanta, GA",CVG,"Cincinnati, OH",-4.0,-13.0,0.0,0.0,373.0,,,,,
2015,1,2015-01-12,DL,ATL,"Atlanta, GA",BWI,"Baltimore, MD",49.0,47.0,0.0,0.0,577.0,47.0,0.0,0.0,0.0,0.0
2015,1,2015-01-18,DL,ATL,"Atlanta, GA",SGF,"Springfield, MO",-3.0,-8.0,0.0,0.0,563.0,,,,,
2015,1,2015-01-15,DL,BOS,"Boston, MA",ATL,"Atlanta, GA",26.0,26.0,0.0,0.0,946.0,0.0,26.0,0.0,0.0,0.0
2015,1,2015-01-12,EV,DFW,"Dallas/Fort Worth, TX",ATL,"Atlanta, GA",19.0,41.0,0.0,0.0,731.0,19.0,0.0,22.0,0.0,0.0
2015,1,2015-01-05,EV,ATL,"Atlanta, GA",SDF,"Louisville, KY",54.0,40.0,0.0,0.0,321.0,20.0,0.0,0.0,0.0,20.0
2015,1,2015-01-22,EV,ATL,"Atlanta, GA",GSP,"Greer, SC",-3.0,-2.0,0.0,0.0,153.0,,,,,
2015,1,2015-01-09,DL,ATL,"Atlanta, GA",PBI,"West Palm Beach/Palm Beach, FL",1.0,-5.0,0.0,0.0,545.0,,,,,
2015,1,2015-01-18,DL,ATL,"Atlanta, GA",DTW,"Detroit, MI",2.0,-22.0,0.0,0.0,594.0,,,,,
2015,1,2015-01-13,EV,GNV,"Gainesville, FL",ATL,"Atlanta, GA",,,1.0,0.0,300.0,,,,,
2015,1,2015-01-26,DL,CLT,"Charlotte, NC",ATL,"Atlanta, GA",-3.0,-22.0,0.0,0.0,226.0,,,,,
2015,1,2015-01-17,EV,PHF,"Newport News/Williamsburg, VA",ATL,"Atlanta, GA",-5.0,-18.0,0.0,0.0,508.0,,,,,
2015,1,2015-01-10,WN,TPA,"Tampa, FL",ATL,"Atlanta, GA",7.0,-1.0,0.0,0.0,406.0,,,,,
2015,1,2015-01-26,DL,ATL,"Atlanta, GA",LAX,"Los Angeles, CA",-3.0,-40.0,0.0,0.0,1947.0,,,,,
2015,1,2015-01-25,DL,ATL,"Atlanta, GA",GSP,"Greer, SC",-9.0,-15.0,0.0,0.0,153.0,,,,,
2015,1,2015-01-15,OO,ATL,"Atlanta, GA",ORD,"Chicago, IL",5.0,-11.0,0.0,0.0,606.0,,,,,
2015,1,2015-01-19,DL,OMA,"Omaha, NE",ATL,"Atlanta, GA",-5.0,-14.0,0.0,0.0,821.0,,,,,
2015,1,2015-01-31,DL,SEA,"Seattle, WA",ATL,"Atlanta, GA",2.0,-16.0,0.0,0.0,2182.0,,,,,
2015,1,2015-01-09,WN,ATL,"Atlanta, GA",IND,"Indianapolis, IN",0.0,-10.0,0.0,0.0,432.0,,,,,
2015,1,2015-01-05,DL,ATL,"Atlanta, GA",AUS,"Austin, TX",-9.0,-23.0,0.0,0.0,813.0,,,,,
2015,1,2015-01-24,EV,EVV,"Evansville, IN",ATL,"Atlanta, GA",1.0,-18.0,0.0,0.0,350.0,,,,,
2015,1,2015-01-12,EV,ATL,"Atlanta, GA",AVL,"Asheville, NC",-2.0,1.0,0.0,0.0,164.0,,,,,
2015,1,2015-01-05,DL,SNA,"Santa Ana, CA",ATL,"Atlanta, GA",44.0,25.0,0.0,0.0,1919.0,25.0,0.0,0.0,0.0,0.0
2015,1,2015-01-28,DL,PDX,"Portland, OR",ATL,"Atlanta, GA",-4.0,-18.0,0.0,0.0,2172.0,,,,,
2015,1,2015-01-26,DL,ATL,"Atlanta, GA",HOU,"Houston, TX",-1.0,-25.0,0.0,0.0,696.0,,,,,
2015,1,2015-01-15,DL,ATL,"Atlanta, GA",RDU,"Raleigh/Durham, NC",1.0,-2.0,0.0,0.0,356.0,,,,,
2015,1,2015-01-29,WN,ATL,"Atlanta, GA",BWI,"Baltimore, MD",0.0,3.0,0.0,0.0,577.0,,,,,
2015,1,2015-01-16,DL,ATL,"Atlanta, GA",JAX,"Jacksonville, FL",-2.0,-5.0,0.0,0.0,270.0,,,,,
2015,1,2015-01-30,UA,ATL,"Atlanta, GA",EWR,"Newark, NJ",0.0,-13.0,0.0,0.0,746.0,,,,,
2015,1,2015-01-23,DL,ATL,"Atlanta, GA",JAN,"Jackson/Vicksburg, MS",2.0,20.0,0.0,0.0,341.0,0.0,0.0,20.0,0.0,0.0
2015,1,2015-01-02,EV,ATL,"Atlanta, GA",BTR,"Baton Rouge, LA",-1.0,-4.0,0.0,0.0,448.0,,,,,
2015,1,2015-01-05,EV,OAJ,"Jacksonville/Camp Lejeune, NC",ATL,"Atlanta, GA",-8.0,-10.0,0.0,0.0,399.0,,,,,
2015,1,2015-01-01,DL,ATL,"Atlanta, GA",DCA,"Washington, DC",0.0,-10.0,0.0,0.0,547.0,,,,,
2015,1,2015-01-18,DL,STT,"Charlotte Amalie, VI",ATL,"Atlanta, GA",4.0,6.0,0.0,0.0,1599.0,,,,,
2015,1,2015-01-23,DL,ATL,"Atlanta, GA",TPA,"Tampa, FL",2.0,6.0,0.0,0.0,406.0,,,,,
2015,1,2015-01-26,AA,DFW,"Dallas/Fort Worth, TX",ATL,"Atlanta, GA",-1.0,8.0,0.0,0.0,731.0,,,,,
2015,1,2015-01-08,EV,ATL,"Atlanta, GA",FSM,"Fort Smith, AR",4.0,1.0,0.0,0.0,579.0,,,,,
2015,1,2015-01-20,WN,MSP,"Minneapolis, MN",ATL,"Atlanta, GA",3.0,-5.0,0.0,0.0,907.0,,,,,
2015,1,2015-01-23,WN,ATL,"Atlanta, GA",SAT,"San Antonio, TX",0.0,2.0,0.0,0.0,874.0,,,,,
2015,1,2015-01-09,UA,ATL,"Atlanta, GA",EWR,"Newark, NJ",-4.0,-14.0,0.0,0.0,746.0,,,,,
2015,1,2015-01-05,WN,STL,"St. Louis, MO",ATL,"Atlanta, GA",-2.0,-15.0,0.0,0.0,484.0,,,,,
2015,1,2015-01-18,DL,ATL,"Atlanta, GA",ROA,"Roanoke, VA",-6.0,2.0,0.0,0.0,357.0,,,,,
2015,1,2015-01-26,DL,SLC,"Salt Lake City, UT",ATL,"Atlanta, GA",-2.0,2.0,0.0,0.0,1590.0,,,,,
2015,1,2015-01-23,EV,IAD,"Washington, DC",ATL,"Atlanta, GA",-4.0,0.0,0.0,0.0,534.0,,,,,
2015,1,2015-01-14,EV,ATL,"Atlanta, GA",PIA,"Peoria, IL",-5.0,-9.0,0.0,0.0,565.0,,,,,
2015,1,2015-01-15,DL,ATL,"Atlanta, GA",TYS,"Knoxville, TN",11.0,5.0,0.0,0.0,152.0,,,,,
2015,1,2015-01-02,DL,CHS,"Charleston, SC",ATL,"Atlanta, GA",-5.0,-13.0,0.0,0.0,259.0,,,,,
2015,1,2015-01-21,DL,SRQ,"Sarasota/Bradenton, FL",ATL,"Atlanta, GA",4.0,-8.0,0.0,0.0,444.0,,,,,
2015,1,2015-01-04,DL,FLL,"Fort Lauderdale, FL",ATL,"Atlanta, GA",-3.0,-10.0,0.0,0.0,581.0,,,,,
2015,1,2015-01-01,DL,PBI,"West Palm Beach/Palm Beach, FL",ATL,"Atlanta, GA",-3.0,-14.0,0.0,0.0,545.0,,,,,
2015,1,2015-01-20,MQ,LGA,"New York, NY",ATL,"Atlanta, GA",-10.0,-31.0,0.0,0.0,762.0,,,,,
2015,1,2015-01-23,DL,DFW,"Dallas/Fort Worth, TX",ATL,"Atlanta, GA",1.0,-8.0,0.0,0.0,731.0,,,,,
2015,1,2015-01-02,US,CLT,"Charlotte, NC",ATL,"Atlanta, GA",-5.0,3.0,0.0,0.0,226.0,,,,,
2015,1,2015-01-06,DL,ATL,"Atlanta, GA",ECP,"Panama City, FL",-1.0,-10.0,0.0,0.0,240.0,,,,,
2015,1,2015-01-30,DL,LAX,"Los Angeles, CA",ATL,"Atlanta, GA",-1.0,-16.0,0.0,0.0,1947.0,,,,,
2015,1,2015-01-26,DL,ATL,"Atlanta, GA",IND,"Indianapolis, IN",12.0,16.0,0.0,0.0,432.0,0.0,0.0,4.0,0.0,12.0
2015,1,2015-01-19,DL,CLT,"Charlotte, NC",ATL,"Atlanta, GA",-5.0,-7.0,0.0,0.0,226.0,,,,,
2015,1,2015-01-11,DL,ATL,"Atlanta, GA",SLC,"Salt Lake City, UT",-4.0,-17.0,0.0,0.0,1590.0,,,,,
2015,1,2015-01-09,DL,ATL,"Atlanta, GA",MCO,"Orlando, FL",-1.0,-3.0,0.0,0.0,404.0,,,,,
2015,1,2015-01-03,DL,ATL,"Atlanta, GA",SFO,"San Francisco, CA",3.0,-19.0,0.0,0.0,2139.0,,,,,
2015,1,2015-01-31,WN,RDU,"Raleigh/Durham, NC",ATL,"Atlanta, GA",-1.0,-17.0,0.0,0.0,356.0,,,,,
2015,1,2015-01-11,DL,MSP,"Minneapolis, MN",ATL,"Atlanta, GA",0.0,-8.0,0.0,0.0,907.0,,,,,
2015,1,2015-01-25,UA,ATL,"Atlanta, GA",IAH,"Houston, TX",-2.0,-3.0,0.0,0.0,689.0,,,,,
2015,1,2015-01-29,WN,ATL,"Atlanta, GA",LAX,"Los Angeles, CA",6.0,3.0,0.0,0.0,1947.0,,,,,
2015,1,2015-01-04,NK,ATL,"Atlanta, GA",DFW,"Dallas/Fort Worth, TX",14.0,24.0,0.0,0.0,731.0,0.0,0.0,24.0,0.0,0.0
2015,1,2015-01-16,DL,DFW,"Dallas/Fort Worth, TX",ATL,"Atlanta, GA",-4.0,-8.0,0.0,0.0,731.0,,,,,
2015,1,2015-01-02,DL,ATL,"Atlanta, GA",TYS,"Knoxville, TN",-2.0,-5.0,0.0,0.0,152.0,,,,,
2015,1,2015-01-24,EV,MGM,"Montgomery, AL",ATL,"Atlanta, GA",-4.0,-5.0,0.0,0.0,147.0,,,,,
2015,1,2015-01-23,EV,TLH,"Tallahassee, FL",ATL,"Atlanta, GA",139.0,138.0,0.0,0.0,223.0,21.0,0.0,0.0,0.0,117.0
2015,1,2015-01-11,DL,ATL,"Atlanta, GA",CLE,"Cleveland, OH",-4.0,-13.0,0.0,0.0,554.0,,,,,
2015,1,2015-01-22,WN,ATL,"Atlanta, GA",HOU,"Houston, TX",-3.0,2.0,0.0,0.0,696.0,,,,,
2015,1,2015-01-13,EV,GSP,"Greer, SC",ATL,"Atlanta, GA",-3.0,-12.0,0.0,0.0,153.0,,,,,
2015,1,2015-01-16,DL,HSV,"Huntsville, AL",ATL,"Atlanta, GA",-3.0,-12.0,0.0,0.0,151.0,,,,,
2015,1,2015-01-18,EV,AGS,"Augusta, GA",ATL,"Atlanta, GA",-7.0,0.0,0.0,0.0,143.0,,,,,
2015,1,2015-01-04,DL,ABQ,"Albuquerque, NM",ATL,"Atlanta, GA",-2.0,21.0,0.0,0.0,1269.0,0.0,0.0,21.0,0.0,0.0
2015,1,2015-01-24,WN,MSY,"New Orleans, LA",ATL,"Atlanta, GA",-1.0,4.0,0.0,0.0,425.0,,,,,
2015,1,2015-01-24,EV,ATL,"Atlanta, GA",CSG,"Columbus, GA",1.0,3.0,0.0,0.0,83.0,,,,,
2015,1,2015-01-20,DL,ATL,"Atlanta, GA",MSY,"New Orleans, LA",-3.0,-14.0,0.0,0.0,425.0,,,,,
2015,1,2015-01-23,EV,ATL,"Atlanta, GA",BTR,"Baton Rouge, LA",4.0,16.0,0.0,0.0,448.0,0.0,0.0,12.0,0.0,4.0
2015,1,2015-01-09,WN,ATL,"Atlanta, GA",MSP,"Minneapolis, MN",-12.0,-26.0,0.0,0.0,907.0,,,,,
2015,1,2015-01-01,WN,ATL,"Atlanta, GA",RSW,"Fort Myers, FL",12.0,5.0,0.0,0.0,515.0,,,,,
2015,1,2015-01-19,DL,CLE,"Cleveland, OH",ATL,"Atlanta, GA",2.0,-20.0,0.0,0.0,554.0,,,,,
2015,1,2015-01-06,EV,OAJ,"Jacksonville/Camp Lejeune, NC",ATL,"Atlanta, GA",31.0,29.0,0.0,0.0,399.0,0.0,0.0,0.0,0.0,29.0
2015,1,2015-01-25,WN,ATL,"Atlanta, GA",FLL,"Fort Lauderdale, FL",24.0,18.0,0.0,0.0,581.0,12.0,0.0,0.0,0.0,6.0
2015,1,2015-01-23,AA,DFW,"Dallas/Fort Worth, TX",ATL,"Atlanta, GA",3.0,21.0,0.0,0.0,731.0,0.0,0.0,21.0,0.0,0.0
2015,1,2015-01-19,WN,HOU,"Houston, TX",ATL,"Atlanta, GA",11.0,2.0,0.0,0.0,696.0,,,,,
2015,1,2015-01-08,DL,ATL,"Atlanta, GA",BOS,"Boston, MA",0.0,-18.0,0.0,0.0,946.0,,,,,
2015,1,2015-01-02,DL,ATL,"Atlanta, GA",IND,"Indianapolis, IN",-1.0,-9.0,0.0,0.0,432.0,,,,,
2015,1,2015-01-14,DL,DCA,"Washington, DC",ATL,"Atlanta, GA",1.0,-16.0,0.0,0.0,547.0,,,,,
2015,1,2015-01-23,EV,MGM,"Montgomery, AL",ATL,"Atlanta, GA",-4.0,-6.0,0.0,0.0,147.0,,,,,
2015,1,2015-01-26,AA,MIA,"Miami, FL",ATL,"Atlanta, GA",48.0,66.0,0.0,0.0,594.0,48.0,0.0,18.0,0.0,0.0
2015,1,2015-01-03,EV,FAY,"Fayetteville, NC",ATL,"Atlanta, GA",-3.0,3.0,0.0,0.0,331.0,,,,,
2015,1,2015-01-06,EV,FAY,"Fayetteville, NC",ATL,"Atlanta, GA",-5.0,-11.0,0.0,0.0,331.0,,,,,
2015,1,2015-01-30,DL,ATL,"Atlanta, GA",MSP,"Minneapolis, MN",5.0,6.0,0.0,0.0,907.0,,,,,
2015,1,2015-01-23,DL,RDU,"Raleigh/Durham, NC",ATL,"Atlanta, GA",99.0,92.0,0.0,0.0,356.0,1.0,0.0,0.0,0.0,91.0
2015,1,2015-01-12,WN,BWI,"Baltimore, MD",ATL,"Atlanta, GA",94.0,92.0,0.0,0.0,577.0,81.0,0.0,0.0,0.0,11.0
2015,1,2015-01-25,DL,SDF,"Louisville, KY",ATL,"Atlanta, GA",-9.0,-24.0,0.0,0.0,321.0,,,,,
2015,1,2015-01-23,DL,FNT,"Flint, MI",ATL,"Atlanta, GA",-6.0,-4.0,0.0,0.0,645.0,,,,,
2015,1,2015-01-20,DL,ATL,"Atlanta, GA",DFW,"Dallas/Fort Worth, TX",-1.0,-13.0,0.0,0.0,731.0,,,,,
2015,1,2015-01-07,US,ATL,"Atlanta, GA",CLT,"Charlotte, NC",-2.0,17.0,0.0,0.0,226.0,0.0,0.0,17.0,0.0,0.0
2015,1,2015-01-20,DL,ATL,"Atlanta, GA",LFT,"Lafayette, LA",-2.0,-13.0,0.0,0.0,503.0,,,,,
2015,1,2015-01-07,DL,FNT,"Flint, MI",ATL,"Atlanta, GA",-6.0,-19.0,0.0,0.0,645.0,,,,,
2015,1,2015-01-14,DL,PBI,"West Palm Beach/Palm Beach, FL",ATL,"Atlanta, GA",-5.0,-21.0,0.0,0.0,545.0,,,,,
2015,1,2015-01-24,DL,DTW,"Detroit, MI",ATL,"Atlanta, GA",-4.0,-33.0,0.0,0.0,594.0,,,,,
2015,1,2015-01-14,DL,EWR,"Newark, NJ",ATL,"Atlanta, GA",-2.0,-17.0,0.0,0.0,746.0,,,,,
2015,1,2015-01-02,NK,ATL,"Atlanta, GA",DFW,"Dallas/Fort Worth, TX",103.0,103.0,0.0,0.0,731.0,0.0,0.0,103.0,0.0,0.0
2015,1,2015-01-09,DL,ATL,"Atlanta, GA",MCI,"Kansas City, MO",11.0,7.0,0.0,0.0,692.0,,,,,
2015,1,2015-01-26,EV,MLI,"Moline, IL",ATL,"Atlanta, GA",-4.0,-7.0,0.0,0.0,633.0,,,,,
2015,1,2015-01-27,DL,ATL,"Atlanta, GA",MSP,"Minneapolis, MN",-2.0,4.0,0.0,0.0,907.0,,,,,
2015,1,2015-01-01,DL,ATL,"Atlanta, GA",DCA,"Washington, DC",-2.0,-18.0,0.0,0.0,547.0,,,,,
2015,1,2015-01-18,DL,IND,"Indianapolis, IN",ATL,"Atlanta, GA",-5.0,-24.0,0.0,0.0,432.0,,,,,
2015,1,2015-01-09,EV,ATL,"Atlanta, GA",CAE,"Columbia, SC",-3.0,-14.0,0.0,0.0,192.0,,,,,
2015,1,2015-01-25,US,ATL,"Atlanta, GA",CLT,"Charlotte, NC",-4.0,-8.0,0.0,0.0,226.0,,,,,
2015,1,2015-01-21,DL,MKE,"Milwaukee, WI",ATL,"Atlanta, GA",-2.0,-2.0,0.0,0.0,669.0,,,,,
2015,1,2015-01-24,DL,ATL,"Atlanta, GA",DAL,"Dallas, TX",-2.0,-14.0,0.0,0.0,721.0,,,,,
2015,1,2015-01-14,DL,ATL,"Atlanta, GA",TPA,"Tampa, FL",-1.0,6.0,0.0,0.0,406.0,,,,,
2015,1,2015-01-21,DL,FLL,"Fort Lauderdale, FL",ATL,"Atlanta, GA",-6.0,-18.0,0.0,0.0,581.0,,,,,
2015,1,2015-01-29,DL,ATL,"Atlanta, GA",BHM,"Birmingham, AL",67.0,58.0,0.0,0.0,134.0,58.0,0.0,0.0,0.0,0.0
2015,1,2015-01-03,DL,SAT,"San Antonio, TX",ATL,"Atlanta, GA",-2.0,-2.0,0.0,0.0,874.0,,,,,
2015,1,2015-01-16,DL,ATL,"Atlanta, GA",STL,"St. Louis, MO",-2.0,-16.0,0.0,0.0,484.0,,,,,
2015,1,2015-01-18,US,PHL,"Philadelphia, PA",ATL,"Atlanta, GA",32.0,6.0,0.0,0.0,666.0,,,,,
2015,1,2015-01-15,DL,PDX,"Portland, OR",ATL,"Atlanta, GA",3.0,-8.0,0.0,0.0,2172.0,,,,,
2015,1,2015-01-02,EV,MGM,"Montgomery, AL",ATL,"Atlanta, GA",3.0,-9.0,0.0,0.0,147.0,,,,,
2015,1,2015-01-14,DL,BNA,"Nashville, TN",ATL,"Atlanta, GA",-2.0,24.0,0.0,0.0,214.0,0.0,0.0,24.0,0.0,0.0
2015,1,2015-01-28,DL,ATL,"Atlanta, GA",DCA,"Washington, DC",-6.0,-12.0,0.0,0.0,547.0,,,,,
2015,1,2015-01-26,UA,EWR,"Newark, NJ",ATL,"Atlanta, GA",15.0,3.0,0.0,0.0,746.0,,,,,
2015,1,2015-01-03,DL,TPA,"Tampa, FL",ATL,"Atlanta, GA",2.0,2.0,0.0,0.0,406.0,,,,,
2015,1,2015-01-21,WN,ATL,"Atlanta, GA",FLL,"Fort Lauderdale, FL",-1.0,-15.0,0.0,0.0,581.0,,,,,
2015,1,2015-01-11,DL,ATL,"Atlanta, GA",SAT,"San Antonio, TX",0.0,-14.0,0.0,0.0,874.0,,,,,
2015,1,2015-01-03,EV,HSV,"Huntsville, AL",ATL,"Atlanta, GA",11.0,15.0,0.0,0.0,151.0,11.0,0.0,4.0,0.0,0.0
2015,1,2015-01-12,AA,ATL,"Atlanta, GA",DFW,"Dallas/Fort Worth, TX",86.0,87.0,0.0,0.0,731.0,0.0,0.0,1.0,0.0,86.0
2015,1,2015-01-27,DL,BNA,"Nashville, TN",ATL,"Atlanta, GA",-4.0,-23.0,0.0,0.0,214.0,,,,,
2015,1,2015-01-10,DL,MSP,"Minneapolis, MN",ATL,"Atlanta, GA",2.0,-17.0,0.0,0.0,907.0,,,,,
2015,1,2015-01-17,DL,ATL,"Atlanta, GA",JAN,"Jackson/Vicksburg, MS",-3.0,-15.0,0.0,0.0,341.0,,,,,
2015,1,2015-01-02,DL,ATL,"Atlanta, GA",ORD,"Chicago, IL",-2.0,-6.0,0.0,0.0,606.0,,,,,
2015,1,2015-01-21,DL,LAS,"Las Vegas, NV",ATL,"Atlanta, GA",0.0,-23.0,0.0,0.0,1747.0,,,,,
2015,1,2015-01-10,DL,VPS,"Valparaiso, FL",ATL,"Atlanta, GA",-4.0,-9.0,0.0,0.0,250.0,,,,,
2015,1,2015-01-30,DL,MSY,"New Orleans, LA",ATL,"Atlanta, GA",-5.0,-6.0,0.0,0.0,425.0,,,,,
2015,1,2015-01-14,EV,AVL,"Asheville, NC",ATL,"Atlanta, GA",8.0,5.0,0.0,0.0,164.0,,,,,
2015,1,2015-01-24,EV,HPN,"White Plains, NY",ATL,"Atlanta, GA",-9.0,-22.0,0.0,0.0,780.0,,,,,
2015,1,2015-01-05,DL,ATL,"Atlanta, GA",MSY,"New Orleans, LA",18.0,10.0,0.0,0.0,425.0,,,,,
2015,1,2015-01-01,DL,ATL,"Atlanta, GA",BWI,"Baltimore, MD",-5.0,-18.0,0.0,0.0,577.0,,,,,
2015,1,2015-01-24,EV,EYW,"Key West, FL",ATL,"Atlanta, GA",-6.0,4.0,0.0,0.0,646.0,,,,,
2015,1,2015-01-26,DL,CHO,"Charlottesville, VA",ATL,"Atlanta, GA",-5.0,-13.0,0.0,0.0,457.0,,,,,
2015,1,2015-01-23,DL,ATL,"Atlanta, GA",LIT,"Little Rock, AR",0.0,-14.0,0.0,0.0,453.0,,,,,
2015,1,2015-01-31,DL,ATL,"Atlanta, GA",SLC,"Salt Lake City, UT",0.0,-34.0,0.0,0.0,1590.0,,,,,
2015,1,2015-01-02,DL,JFK,"New York, NY",ATL,"Atlanta, GA",-5.0,-4.0,0.0,0.0,760.0,,,,,
2015,1,2015-01-05,AA,ATL,"Atlanta, GA",DFW,"Dallas/Fort Worth, TX",170.0,158.0,0.0,0.0,731.0,0.0,0.0,0.0,0.0,158.0
2015,1,2015-01-28,WN,ATL,"Atlanta, GA",SFO,"San Francisco, CA",-1.0,-32.0,0.0,0.0,2139.0,,,,,
2015,1,2015-01-20,DL,ATL,"Atlanta, GA",MCO,"Orlando, FL",2.0,-13.0,0.0,0.0,404.0,,,,,
2015,1,2015-01-20,AA,DFW,"Dallas/Fort Worth, TX",ATL,"Atlanta, GA",-5.0,3.0,0.0,0.0,731.0,,,,,
2015,1,2015-01-26,F9,ATL,"Atlanta, GA",CLE,"Cleveland, OH",0.0,-8.0,0.0,0.0,554.0,,,,,
2015,1,2015-01-10,DL,ATL,"Atlanta, GA",BHM,"Birmingham, AL",-2.0,-1.0,0.0,0.0,134.0,,,,,
2015,1,2015-01-25,DL,ATL,"Atlanta, GA",SRQ,"Sarasota/Bradenton, FL",-3.0,-19.0,0.0,0.0,444.0,,,,,
2015,1,2015-01-07,DL,PNS,"Pensacola, FL",ATL,"Atlanta, GA",-4.0,-10.0,0.0,0.0,271.0,,,,,
2015,1,2015-01-01,DL,ORF,"Norfolk, VA",ATL,"Atlanta, GA",-1.0,-17.0,0.0,0.0,516.0,,,,,
2015,1,2015-01-19,EV,ALB,"Albany, NY",ATL,"Atlanta, GA",-8.0,-25.0,0.0,0.0,853.0,,,,,
2015,1,2015-01-12,DL,ATL,"Atlanta, GA",MLB,"Melbourne, FL",-2.0,9.0,0.0,0.0,442.0,,,,,
2015,1,2015-01-05,DL,ATL,"Atlanta, GA",CVG,"Cincinnati, OH",-2.0,-9.0,0.0,0.0,373.0,,,,,
2015,1,2015-01-12,DL,ATL,"Atlanta, GA",SAV,"Savannah, GA",646.0,637.0,0.0,0.0,214.0,0.0,637.0,0.0,0.0,0.0
2015,1,2015-01-02,NK,FLL,"Fort Lauderdale, FL",ATL,"Atlanta, GA",15.0,22.0,0.0,0.0,581.0,0.0,0.0,22.0,0.0,0.0
2015,1,2015-01-22,DL,ATL,"Atlanta, GA",SDF,"Louisville, KY",-2.0,-3.0,0.0,0.0,321.0,,,,,
2015,1,2015-01-11,WN,SFO,"San Francisco, CA",ATL,"Atlanta, GA",-4.0,-3.0,0.0,0.0,2139.0,,,,,
2015,1,2015-01-13,DL,ATL,"Atlanta, GA",MCO,"Orlando, FL",-4.0,5.0,0.0,0.0,404.0,,,,,
2015,1,2015-01-04,DL,MLB,"Melbourne, FL",ATL,"Atlanta, GA",24.0,21.0,0.0,0.0,442.0,21.0,0.0,0.0,0.0,0.0
2015,1,2015-01-19,DL,ATL,"Atlanta, GA",CHS,"Charleston, SC",-1.0,-1.0,0.0,0.0,259.0,,,,,
2015,1,2015-01-23,DL,ATL,"Atlanta, GA",LGA,"New York, NY",-1.0,-11.0,0.0,0.0,762.0,,,,,
2015,1,2015-01-11,DL,TYS,"Knoxville, TN",ATL,"Atlanta, GA",-11.0,11.0,0.0,0.0,152.0,,,,,
2015,1,2015-01-14,UA,EWR,"Newark, NJ",ATL,"Atlanta, GA",-6.0,-25.0,0.0,0.0,746.0,,,,,
2015,1,2015-01-19,DL,ATL,"Atlanta, GA",MSY,"New Orleans, LA",0.0,-15.0,0.0,0.0,425.0,,,,,
2015,1,2015-01-10,DL,ATL,"Atlanta, GA",MLB,"Melbourne, FL",-3.0,-14.0,0.0,0.0,442.0,,,,,
2015,1,2015-01-06,DL,ATL,"Atlanta, GA",FLL,"Fort Lauderdale, FL",25.0,24.0,0.0,0.0,581.0,24.0,0.0,0.0,0.0,0.0
2015,1,2015-01-02,DL,SRQ,"Sarasota/Bradenton, FL",ATL,"Atlanta, GA",-4.0,-9.0,0.0,0.0,444.0,,,,,
2015,1,2015-01-09,DL,COS,"Colorado Springs, CO",ATL,"Atlanta, GA",1.0,8.0,0.0,0.0,1184.0,,,,,
2015,1,2015-01-21,DL,SAN,"San Diego, CA",ATL,"Atlanta, GA",-1.0,-11.0,0.0,0.0,1892.0,,,,,
2015,1,2015-01-21,DL,ATL,"Atlanta, GA",SLC,"Salt Lake City, UT",-3.0,-13.0,0.0,0.0,1590.0,,,,,
2015,1,2015-01-11,F9,IAD,"Washington, DC",ATL,"Atlanta, GA",-2.0,4.0,0.0,0.0,534.0,,,,,
2015,1,2015-01-27,DL,CLT,"Charlotte, NC",ATL,"Atlanta, GA",-9.0,-24.0,0.0,0.0,226.0,,,,,
2015,1,2015-01-08,DL,ATL,"Atlanta, GA",JAN,"Jackson/Vicksburg, MS",-1.0,-15.0,0.0,0.0,341.0,,,,,
2015,1,2015-01-30,DL,CVG,"Cincinnati, OH",ATL,"Atlanta, GA",-5.0,-25.0,0.0,0.0,373.0,,,,,
2015,1,2015-01-02,EV,OAJ,"Jacksonville/Camp Lejeune, NC",ATL,"Atlanta, GA",-5.0,-11.0,0.0,0.0,399.0,,,,,
2015,1,2015-01-02,F9,ATL,"Atlanta, GA",DEN,"Denver, CO",40.0,32.0,0.0,0.0,1199.0,10.0,0.0,0.0,0.0,22.0
2015,1,2015-01-27,DL,ATL,"Atlanta, GA",IND,"Indianapolis, IN",0.0,4.0,0.0,0.0,432.0,,,,,
2015,1,2015-01-02,DL,ATL,"Atlanta, GA",BWI,"Baltimore, MD",2.0,-8.0,0.0,0.0,577.0,,,,,
2015,1,2015-01-16,DL,ATL,"Atlanta, GA",SFO,"San Francisco, CA",31.0,29.0,0.0,0.0,2139.0,0.0,0.0,29.0,0.0,0.0
2015,1,2015-01-14,DL,RIC,"Richmond, VA",ATL,"Atlanta, GA",154.0,138.0,0.0,0.0,481.0,0.0,7.0,0.0,0.0,131.0
2015,1,2015-01-11,DL,BNA,"Nashville, TN",ATL,"Atlanta, GA",-1.0,-19.0,0.0,0.0,214.0,,,,,
2015,1,2015-01-29,WN,MDW,"Chicago, IL",ATL,"Atlanta, GA",-4.0,-19.0,0.0,0.0,591.0,,,,,
2015,1,2015-01-04,EV,ATL,"Atlanta, GA",GNV,"Gainesville, FL",211.0,214.0,0.0,0.0,300.0,211.0,0.0,3.0,0.0,0.0
2015,1,2015-01-30,EV,MGM,"Montgomery, AL",ATL,"Atlanta, GA",-5.0,-4.0,0.0,0.0,147.0,,,,,
2015,1,2015-01-13,DL,GSP,"Greer, SC",ATL,"Atlanta, GA",-3.0,-16.0,0.0,0.0,153.0,,,,,
2015,1,2015-01-13,DL,SFO,"San Francisco, CA",ATL,"Atlanta, GA",-3.0,6.0,0.0,0.0,2139.0,,,,,
2015,1,2015-01-27,DL,MCI,"Kansas City, MO",ATL,"Atlanta, GA",-2.0,-18.0,0.0,0.0,692.0,,,,,
2015,1,2015-01-19,EV,VPS,"Valparaiso, FL",ATL,"Atlanta, GA",-6.0,13.0,0.0,0.0,250.0,,,,,
2015,1,2015-01-16,DL,MDW,"Chicago, IL",ATL,"Atlanta, GA",-5.0,-30.0,0.0,0.0,591.0,,,,,
2015,1,2015-01-07,DL,ATL,"Atlanta, GA",MCO,"Orlando, FL",19.0,17.0,0.0,0.0,404.0,17.0,0.0,0.0,0.0,0.0
2015,1,2015-01-14,EV,MYR,"Myrtle Beach, SC",ATL,"Atlanta, GA",-5.0,10.0,0.0,0.0,317.0,,,,,
2015,1,2015-01-10,DL,ATL,"Atlanta, GA",DEN,"Denver, CO",0.0,-19.0,0.0,0.0,1199.0,,,,,
2015,1,2015-01-20,OO,GRB,"Green Bay, WI",ATL,"Atlanta, GA",-2.0,-6.0,0.0,0.0,774.0,,,,,
2015,1,2015-01-23,WN,TPA,"Tampa, FL",ATL,"Atlanta, GA",-5.0,3.0,0.0,0.0,406.0,,,,,
2015,1,2015-01-25,F9,ORD,"Chicago, IL",ATL,"Atlanta, GA",-10.0,-1.0,0.0,0.0,606.0,,,,,
2015,1,2015-01-29,EV,ATL,"Atlanta, GA",MGM,"Montgomery, AL",-7.0,-7.0,0.0,0.0,147.0,,,,,
2015,1,2015-01-26,DL,SAT,"San Antonio, TX",ATL,"Atlanta, GA",-5.0,-2.0,0.0,0.0,874.0,,,,,
2015,1,2015-01-04,WN,DTW,"Detroit, MI",ATL,"Atlanta, GA",9.0,12.0,0.0,0.0,594.0,,,,,
2015,1,2015-01-26,DL,ATL,"Atlanta, GA",EWR,"Newark, NJ",,,1.0,0.0,746.0,,,,,
2015,1,2015-01-29,DL,PNS,"Pensacola, FL",ATL,"Atlanta, GA",-5.0,-8.0,0.0,0.0,271.0,,,,,
2015,1,2015-01-13,DL,CMH,"Columbus, OH",ATL,"Atlanta, GA",-3.0,2.0,0.0,0.0,447.0,,,,,
2015,1,2015-01-23,AS,SEA,"Seattle, WA",ATL,"Atlanta, GA",11.0,7.0,0.0,0.0,2182.0,,,,,
2015,1,2015-01-15,DL,ATL,"Atlanta, GA",SGF,"Springfield, MO",8.0,-2.0,0.0,0.0,563.0,,,,,
2015,1,2015-01-19,US,CLT,"Charlotte, NC",ATL,"Atlanta, GA",-6.0,-13.0,0.0,0.0,226.0,,,,,
2015,1,2015-01-18,EV,ATL,"Atlanta, GA",MOB,"Mobile, AL",9.0,0.0,0.0,0.0,302.0,,,,,
2015,1,2015-01-20,DL,ATL,"Atlanta, GA",RSW,"Fort Myers, FL",-3.0,-11.0,0.0,0.0,515.0,,,,,
2015,1,2015-01-23,DL,ATL,"Atlanta, GA",CLE,"Cleveland, OH",-1.0,-15.0,0.0,0.0,554.0,,,,,
2015,1,2015-01-08,DL,ORD,"Chicago, IL",ATL,"Atlanta, GA",23.0,-4.0,0.0,0.0,606.0,,,,,
2015,1,2015-01-20,WN,ATL,"Atlanta, GA",MCI,"Kansas City, MO",32.0,22.0,0.0,0.0,692.0,22.0,0.0,0.0,0.0,0.0
2015,1,2015-01-10,AS,ATL,"Atlanta, GA",SEA,"Seattle, WA",6.0,-13.0,0.0,0.0,2182.0,,,,,
2015,1,2015-01-30,DL,MKE,"Milwaukee, WI",ATL,"Atlanta, GA",-4.0,-29.0,0.0,0.0,669.0,,,,,
2015,1,2015-01-21,DL,ATL,"Atlanta, GA",TLH,"Tallahassee, FL",4.0,-1.0,0.0,0.0,223.0,,,,,
2015,1,2015-01-17,DL,ATL,"Atlanta, GA",MLB,"Melbourne, FL",-9.0,-20.0,0.0,0.0,442.0,,,,,
2015,1,2015-01-27,AA,ATL,"Atlanta, GA",DFW,"Dallas/Fort Worth, TX",-6.0,-18.0,0.0,0.0,731.0,,,,,
2015,1,2015-01-08,DL,TPA,"Tampa, FL",ATL,"Atlanta, GA",88.0,81.0,0.0,0.0,406.0,11.0,0.0,0.0,0.0,70.0
2015,1,2015-01-06,DL,ATL,"Atlanta, GA",RSW,"Fort Myers, FL",-1.0,-7.0,0.0,0.0,515.0,,,,,
2015,1,2015-01-06,DL,ATL,"Atlanta, GA",FLL,"Fort Lauderdale, FL",0.0,-12.0,0.0,0.0,581.0,,,,,
2015,1,2015-01-07,UA,EWR,"Newark, NJ",ATL,"Atlanta, GA",41.0,44.0,0.0,0.0,746.0,16.0,0.0,3.0,0.0,25.0
2015,1,2015-01-15,DL,ATL,"Atlanta, GA",ICT,"Wichita, KS",11.0,3.0,0.0,0.0,782.0,,,,,
2015,1,2015-01-14,DL,ATL,"Atlanta, GA",MSY,"New Orleans, LA",-4.0,-16.0,0.0,0.0,425.0,,,,,
2015,1,2015-01-04,EV,ATL,"Atlanta, GA",HPN,"White Plains, NY",28.0,18.0,0.0,0.0,780.0,0.0,0.0,0.0,0.0,18.0
2015,1,2015-01-23,WN,RDU,"Raleigh/Durham, NC",ATL,"Atlanta, GA",-2.0,7.0,0.0,0.0,356.0,,,,,
2015,1,2015-01-19,DL,ATL,"Atlanta, GA",BWI,"Baltimore, MD",-3.0,-18.0,0.0,0.0,577.0,,,,,
2015,1,2015-01-12,EV,PIA,"Peoria, IL",ATL,"Atlanta, GA",77.0,,0.0,1.0,565.0,,,,,
2015,1,2015-01-20,EV,ATL,"Atlanta, GA",ALB,"Albany, NY",11.0,23.0,0.0,0.0,853.0,11.0,0.0,12.0,0.0,0.0
2015,1,2015-01-01,DL,RIC,"Richmond, VA",ATL,"Atlanta, GA",0.0,-17.0,0.0,0.0,481.0,,,,,
2015,1,2015-01-25,DL,LGA,"New York, NY",ATL,"Atlanta, GA",-4.0,24.0,0.0,0.0,762.0,0.0,0.0,24.0,0.0,0.0
2015,1,2015-01-28,DL,ATL,"Atlanta, GA",IAH,"Houston, TX",-5.0,-24.0,0.0,0.0,689.0,,,,,
2015,1,2015-01-20,DL,RDU,"Raleigh/Durham, NC",ATL,"Atlanta, GA",-8.0,-17.0,0.0,0.0,356.0,,,,,
2015,1,2015-01-12,EV,ATL,"Atlanta, GA",AVL,"Asheville, NC",-7.0,8.0,0.0,0.0,164.0,,,,,
2015,1,2015-01-31,EV,VLD,"Valdosta, GA",ATL,"Atlanta, GA",-2.0,-7.0,0.0,0.0,208.0,,,,,
2015,1,2015-01-03,EV,ATL,"Atlanta, GA",ILM,"Wilmington, NC",-3.0,-11.0,0.0,0.0,377.0,,,,,
2015,1,2015-01-15,OO,SBN,"South Bend, IN",ATL,"Atlanta, GA",86.0,83.0,0.0,0.0,566.0,83.0,0.0,0.0,0.0,0.0
2015,1,2015-01-01,WN,ATL,"Atlanta, GA",MDW,"Chicago, IL",13.0,22.0,0.0,0.0,591.0,13.0,0.0,9.0,0.0,0.0
2015,1,2015-01-11,EV,LFT,"Lafayette, LA",ATL,"Atlanta, GA",-6.0,-1.0,0.0,0.0,503.0,,,,,
2015,1,2015-01-07,WN,ATL,"Atlanta, GA",TPA,"Tampa, FL",97.0,87.0,0.0,0.0,406.0,3.0,0.0,0.0,0.0,84.0
2015,1,2015-01-21,DL,IAD,"Washington, DC",ATL,"Atlanta, GA",-10.0,-4.0,0.0,0.0,534.0,,,,,
2015,1,2015-01-26,DL,BOS,"Boston, MA",ATL,"Atlanta, GA",6.0,-6.0,0.0,0.0,946.0,,,,,
2015,1,2015-01-22,WN,PHX,"Phoenix, AZ",ATL,"Atlanta, GA",0.0,-8.0,0.0,0.0,1587.0,,,,,
2015,1,2015-01-13,EV,MLI,"Moline, IL",ATL,"Atlanta, GA",-5.0,-6.0,0.0,0.0,633.0,,,,,
2015,1,2015-01-21,DL,FLL,"Fort Lauderdale, FL",ATL,"Atlanta, GA",-5.0,-3.0,0.0,0.0,581.0,,,,,
2015,1,2015-01-12,DL,ATL,"Atlanta, GA",HOU,"Houston, TX",10.0,12.0,0.0,0.0,696.0,,,,,
2015,1,2015-01-22,DL,ATL,"Atlanta, GA",STT,"Charlotte Amalie, VI",-5.0,-25.0,0.0,0.0,1599.0,,,,,
2015,1,2015-01-14,DL,ATL,"Atlanta, GA",GPT,"Gulfport/Biloxi, MS",-2.0,-6.0,0.0,0.0,352.0,,,,,
2015,1,2015-01-29,DL,ATL,"Atlanta, GA",FLL,"Fort Lauderdale, FL",0.0,-9.0,0.0,0.0,581.0,,,,,
2015,1,2015-01-04,WN,MDW,"Chicago, IL",ATL,"Atlanta, GA",22.0,41.0,0.0,0.0,591.0,10.0,0.0,19.0,0.0,12.0
2015,1,2015-01-25,DL,ATL,"Atlanta, GA",SNA,"Santa Ana, CA",0.0,-40.0,0.0,0.0,1919.0,,,,,
2015,1,2015-01-24,DL,ATL,"Atlanta, GA",XNA,"Fayetteville, AR",3.0,-11.0,0.0,0.0,589.0,,,,,
2015,1,2015-01-16,DL,SDF,"Louisville, KY",ATL,"Atlanta, GA",-6.0,-10.0,0.0,0.0,321.0,,,,,
2015,1,2015-01-07,DL,ATL,"Atlanta, GA",LAS,"Las Vegas, NV",-2.0,-17.0,0.0,0.0,1747.0,,,,,
2015,1,2015-01-10,EV,MGM,"Montgomery, AL",ATL,"Atlanta, GA",-5.0,2.0,0.0,0.0,147.0,,,,,
2015,1,2015-01-20,WN,ATL,"Atlanta, GA",BWI,"Baltimore, MD",1.0,0.0,0.0,0.0,577.0,,,,,
2015,1,2015-01-30,DL,SDF,"Louisville, KY",ATL,"Atlanta, GA",-10.0,-23.0,0.0,0.0,321.0,,,,,
2015,1,2015-01-12,DL,FAY,"Fayetteville, NC",ATL,"Atlanta, GA",39.0,24.0,0.0,0.0,331.0,24.0,0.0,0.0,0.0,0.0
2015,1,2015-01-09,DL,ATL,"Atlanta, GA",CLT,"Charlotte, NC",-4.0,-10.0,0.0,0.0,226.0,,,,,
2015,1,2015-01-29,EV,ATL,"Atlanta, GA",MOB,"Mobile, AL",-1.0,-6.0,0.0,0.0,302.0,,,,,
2015,1,2015-01-24,DL,ATL,"Atlanta, GA",DCA,"Washington, DC",-2.0,-10.0,0.0,0.0,547.0,,,,,
2015,1,2015-01-01,DL,BWI,"Baltimore, MD",ATL,"Atlanta, GA",-7.0,-6.0,0.0,0.0,577.0,,,,,
2015,1,2015-01-11,DL,ATL,"Atlanta, GA",OMA,"Omaha, NE",-2.0,-25.0,0.0,0.0,821.0,,,,,
2015,1,2015-01-22,DL,FLL,"Fort Lauderdale, FL",ATL,"Atlanta, GA",-6.0,-8.0,0.0,0.0,581.0,,,,,
2015,1,2015-01-26,DL,MEM,"Memphis, TN",ATL,"Atlanta, GA",-5.0,6.0,0.0,0.0,332.0,,,,,
2015,1,2015-01-29,WN,CMH,"Columbus, OH",ATL,"Atlanta, GA",-5.0,-29.0,0.0,0.0,447.0,,,,,
2015,1,2015-01-05,DL,ATL,"Atlanta, GA",TUS,"Tucson, AZ",66.0,24.0,0.0,0.0,1541.0,9.0,0.0,0.0,0.0,15.0
2015,1,2015-01-16,WN,ATL,"Atlanta, GA",LGA,"New York, NY",0.0,15.0,0.0,0.0,762.0,0.0,0.0,15.0,0.0,0.0
2015,1,2015-01-04,WN,ATL,"Atlanta, GA",LGA,"New York, NY",52.0,46.0,0.0,0.0,762.0,0.0,32.0,0.0,0.0,14.0
2015,1,2015-01-30,DL,ATL,"Atlanta, GA",PHL,"Philadelphia, PA",-2.0,-7.0,0.0,0.0,666.0,,,,,
2015,1,2015-01-06,DL,BHM,"Birmingham, AL",ATL,"Atlanta, GA",-11.0,-18.0,0.0,0.0,134.0,,,,,
2015,1,2015-01-19,DL,LAS,"Las Vegas, NV",ATL,"Atlanta, GA",-6.0,-18.0,0.0,0.0,1747.0,,,,,
2015,1,2015-01-20,DL,ATL,"Atlanta, GA",PVD,"Providence, RI",-2.0,-5.0,0.0,0.0,903.0,,,,,
2015,1,2015-01-23,WN,MDW,"Chicago, IL",ATL,"Atlanta, GA",51.0,64.0,0.0,0.0,591.0,28.0,0.0,13.0,0.0,23.0
2015,1,2015-01-14,DL,ATL,"Atlanta, GA",ECP,"Panama City, FL",-2.0,-12.0,0.0,0.0,240.0,,,,,
2015,1,2015-01-20,DL,ATL,"Atlanta, GA",MEM,"Memphis, TN",-2.0,-19.0,0.0,0.0,332.0,,,,,
2015,1,2015-01-08,OO,DEN,"Denver, CO",ATL,"Atlanta, GA",-3.0,5.0,0.0,0.0,1199.0,,,,,
2015,1,2015-01-27,DL,ATL,"Atlanta, GA",MLB,"Melbourne, FL",-2.0,-10.0,0.0,0.0,442.0,,,,,
2015,1,2015-01-29,DL,ATL,"Atlanta, GA",SAT,"San Antonio, TX",-6.0,-22.0,0.0,0.0,874.0,,,,,
2015,1,2015-01-08,DL,ATL,"Atlanta, GA",CVG,"Cincinnati, OH",-2.0,-11.0,0.0,0.0,373.0,,,,,
2015,1,2015-01-02,EV,XNA,"Fayetteville, AR",ATL,"Atlanta, GA",-11.0,-1.0,0.0,0.0,589.0,,,,,
2015,1,2015-01-16,DL,MSY,"New Orleans, LA",ATL,"Atlanta, GA",2.0,-4.0,0.0,0.0,425.0,,,,,
